{"insightID":"b7870db1-601c-43b6-b624-8740c2979560","pixelReturn":[{"pixelExpression":"if ( ( HasDuplicates ( STATEABBREVIATION ) ) , ( Select ( STATEABBREVIATION , Average ( HIVdiagnoses ) ) .as ( [ STATEABBREVIATION , AverageofHIVdiagnoses ] ) | Group ( STATEABBREVIATION ) | With ( Panel ( 0 ) ) | Format ( type = [ 'table' ] ) | TaskOptions ( { \"0\" : { \"layout\" : \"Choropleth\" , \"alignment\" : { \"label\" : [ \"STATEABBREVIATION\" ] , \"value\" : [ \"AverageofHIVdiagnoses\" ] , \"facet\" : [ ] } } } ) | Collect ( 500 ) ) , ( Select ( STATEABBREVIATION , HIVdiagnoses ) .as ( [ STATEABBREVIATION , HIVdiagnoses ] ) | With ( Panel ( 0 ) ) | Format ( type = [ 'table' ] ) | TaskOptions ( { \"0\" : { \"layout\" : \"Choropleth\" , \"alignment\" : { \"label\" : [ \"STATEABBREVIATION\" ] , \"value\" : [ \"HIVdiagnoses\" ] , \"facet\" : [ ] } } } ) | Collect ( 500 ) ) ) ;","isMeta":false,"output":{"data":{"values":[["AK",29],["AL",660],["AR",268],["AZ",672],["CA",5146],["CO",387],["CT",322],["DC",622],["DE",126],["FL",4825],["GA",2682],["HI",94],["IA",114],["ID",39],["IL",1634],["IN",492],["KS",143],["KY",339],["LA",1135],["MA",693],["MD",1488],["ME",48],["MI",770],["MN",317],["MO",511],["MS",481],["MT",20],["NC",1433],["ND",18],["NE",89],["NH",40],["NJ",1279],["NM",139],["NV",418],["NY",3711],["OH",1005],["OK",302],["OR",244],["PA",1407],["PR",712],["RI",93],["SC",730],["SD",27],["TN",831],["TX",4363],["UT",116],["VA",963],["VT",15],["WA",482],["WI",237],["WV",79],["WY",16]],"headers":["STATEABBREVIATION","AverageofHIVdiagnoses"],"rawHeaders":["STATEABBREVIATION","AverageofHIVdiagnoses"]},"format":{"type":"TABLE"},"headerInfo":[{"alias":"STATEABBREVIATION","header":"STATEABBREVIATION","type":"STRING","derived":false},{"alias":"AverageofHIVdiagnoses","header":"AverageofHIVdiagnoses","calculatedBy":"HIVdiagnoses","math":"Average","groupBy":["STATEABBREVIATION"],"type":"NUMBER","derived":true}],"sortInfo":[],"numCollected":500,"taskOptions":{"0":{"layout":"Choropleth","alignment":{"label":["STATEABBREVIATION"],"value":["AverageofHIVdiagnoses"],"facet":[]}}},"filterInfo":[],"taskId":"task1"},"operationType":["TASK_DATA"]},{"pixelExpression":"Panel ( 0 ) | Clone ( 1 ) ;","isMeta":false,"output":{"original":{"panelId":"0","panelLabel":"HIV Diagnoses","view":"visualization","viewOptions":"{\"type\":\"echarts\"}","viewOptionsMap":{"federate-view":{"app_id":"fd5c8fbb-8f7b-4b71-901c-3e45c166bdab"},"visualization":{"type":"echarts"}},"ornaments":{},"events":{"onSingleClick":{"Unfilter":[{"disabledVisuals":["Grid","Sunburst"],"default":true,"query":"UnfilterFrame(<SelectedColumn>);","options":{},"refresh":false,"disabled":false,"panel":""}]},"onBrush":{"Filter":[{"default":true,"query":"if(IsEmpty(<SelectedValues>), UnfilterFrame(<SelectedColumn>), SetFrameFilter(<SelectedColumn>==<SelectedValues>));","options":{},"refresh":false,"disabled":false,"panel":""}]}},"grf":[],"orderBys":[],"comments":{},"position":{},"colorByValue":{}},"clone":{"panelId":"1","panelLabel":"HIV Diagnoses Clone","view":"visualization","viewOptions":"{\"type\":\"echarts\"}","viewOptionsMap":{"federate-view":{"app_id":"fd5c8fbb-8f7b-4b71-901c-3e45c166bdab"},"visualization":{"type":"echarts"}},"ornaments":{},"events":{"onSingleClick":{"Unfilter":[{"disabledVisuals":["Grid","Sunburst"],"default":true,"query":"UnfilterFrame(<SelectedColumn>);","options":{},"refresh":false,"disabled":false,"panel":""}]},"onBrush":{"Filter":[{"default":true,"query":"if(IsEmpty(<SelectedValues>), UnfilterFrame(<SelectedColumn>), SetFrameFilter(<SelectedColumn>==<SelectedValues>));","options":{},"refresh":false,"disabled":false,"panel":""}]}},"grf":[],"orderBys":[],"comments":{},"position":{},"colorByValue":{}}},"operationType":["PANEL_CLONE"]},{"pixelExpression":"ifError ( ( Frame ( ) | Select ( STATEABBREVIATION , Average ( HIVdiagnoses ) ) .as ( [ STATEABBREVIATION , AverageofHIVdiagnoses ] ) | Group ( STATEABBREVIATION ) | With ( Panel ( 0 ) ) | Format ( type = [ 'table' ] ) | TaskOptions ( { \"0\" : { \"layout\" : \"Choropleth\" , \"alignment\" : { \"label\" : [ \"STATEABBREVIATION\" ] , \"value\" : [ \"AverageofHIVdiagnoses\" ] } } } ) | Collect ( 500 ) ) , ( true ) ) ;","isMeta":false,"output":{"data":{"values":[["AK",29],["AL",660],["AR",268],["AZ",672],["CA",5146],["CO",387],["CT",322],["DC",622],["DE",126],["FL",4825],["GA",2682],["HI",94],["IA",114],["ID",39],["IL",1634],["IN",492],["KS",143],["KY",339],["LA",1135],["MA",693],["MD",1488],["ME",48],["MI",770],["MN",317],["MO",511],["MS",481],["MT",20],["NC",1433],["ND",18],["NE",89],["NH",40],["NJ",1279],["NM",139],["NV",418],["NY",3711],["OH",1005],["OK",302],["OR",244],["PA",1407],["PR",712],["RI",93],["SC",730],["SD",27],["TN",831],["TX",4363],["UT",116],["VA",963],["VT",15],["WA",482],["WI",237],["WV",79],["WY",16]],"headers":["STATEABBREVIATION","AverageofHIVdiagnoses"],"rawHeaders":["STATEABBREVIATION","AverageofHIVdiagnoses"]},"format":{"type":"TABLE"},"headerInfo":[{"alias":"STATEABBREVIATION","header":"STATEABBREVIATION","type":"STRING","derived":false},{"alias":"AverageofHIVdiagnoses","header":"AverageofHIVdiagnoses","calculatedBy":"HIVdiagnoses","math":"Average","groupBy":["STATEABBREVIATION"],"type":"NUMBER","derived":true}],"sortInfo":[],"numCollected":500,"taskOptions":{"0":{"layout":"Choropleth","alignment":{"label":["STATEABBREVIATION"],"value":["AverageofHIVdiagnoses"]}}},"filterInfo":[],"taskId":"task3"},"operationType":["TASK_DATA"]}]}