{"insightID":"747a6963-8d0a-4589-ba6b-fdde3463ce9e","pixelReturn":[{"pixelExpression":"if ( ( HasDuplicates ( STATEABBREVIATION ) ) , ( Select ( STATEABBREVIATION , Average ( Med_SA_fac ) ) .as ( [ STATEABBREVIATION , AverageofMed_SA_fac ] ) | Group ( STATEABBREVIATION ) | With ( Panel ( 0 ) ) | Format ( type = [ 'table' ] ) | TaskOptions ( { \"0\" : { \"layout\" : \"Column\" , \"alignment\" : { \"label\" : [ \"STATEABBREVIATION\" ] , \"value\" : [ \"AverageofMed_SA_fac\" ] , \"tooltip\" : [ ] , \"facet\" : [ ] } } } ) | Collect ( 500 ) ) , ( Select ( STATEABBREVIATION , Med_SA_fac ) .as ( [ STATEABBREVIATION , Med_SA_fac ] ) | With ( Panel ( 0 ) ) | Format ( type = [ 'table' ] ) | TaskOptions ( { \"0\" : { \"layout\" : \"Column\" , \"alignment\" : { \"label\" : [ \"STATEABBREVIATION\" ] , \"value\" : [ \"Med_SA_fac\" ] , \"tooltip\" : [ ] , \"facet\" : [ ] } } } ) | Collect ( 500 ) ) ) ;","isMeta":false,"output":{"data":{"values":[["AK",44],["AL",49],["AR",14],["AZ",107],["CA",386],["CO",148],["CT",126],["DC",17],["DE",22],["FL",167],["GA",107],["HI",24],["IA",85],["ID",48],["IL",268],["IN",154],["KS",129],["KY",123],["LA",42],["MA",161],["MD",186],["ME",147],["MI",301],["MN",116],["MO",135],["MS",50],["MT",33],["NC",204],["ND",20],["NE",69],["NH",22],["NJ",142],["NM",62],["NV",30],["NY",718],["OH",279],["OK",88],["OR",136],["PA",337],["PR",6],["RI",43],["SC",55],["SD",34],["TN",93],["TX",183],["UT",65],["VA",69],["VT",30],["WA",206],["WI",153],["WV",58],["WY",34]],"headers":["STATEABBREVIATION","AverageofMed_SA_fac"],"rawHeaders":["STATEABBREVIATION","AverageofMed_SA_fac"]},"format":{"type":"TABLE"},"headerInfo":[{"alias":"STATEABBREVIATION","header":"STATEABBREVIATION","type":"STRING","derived":false},{"alias":"AverageofMed_SA_fac","header":"AverageofMed_SA_fac","calculatedBy":"Med_SA_fac","math":"Average","groupBy":["STATEABBREVIATION"],"type":"NUMBER","derived":true}],"sortInfo":[],"numCollected":500,"taskOptions":{"0":{"layout":"Column","alignment":{"tooltip":[],"label":["STATEABBREVIATION"],"value":["AverageofMed_SA_fac"],"facet":[]}}},"filterInfo":[],"taskId":"task1"},"operationType":["TASK_DATA"]}]}