{"engineId":"fd5c8fbb-8f7b-4b71-901c-3e45c166bdab","engineName":"State_Opioid","rdbmsId":"5d4bf4a8-80d6-4668-884a-612edba3121a","varstore":{},"frames":[{"file":"@BaseFolder@\\db\\@ENGINE@\\version\\5d4bf4a8-80d6-4668-884a-612edba3121a\\FRAME567804.gz","meta":"@BaseFolder@\\db\\@ENGINE@\\version\\5d4bf4a8-80d6-4668-884a-612edba3121a\\METADATA__FRAME567804.owl","state":"@BaseFolder@\\db\\@ENGINE@\\version\\5d4bf4a8-80d6-4668-884a-612edba3121a\\FRAME_STATE__FRAME567804.json","type":"prerna.ds.h2.H2Frame","name":"FRAME567804","keys":["$CUR_FRAME_KEY","FRAME567804"]}],"panels":[{"panelId":"0","panelLabel":"Number of Opioid Related Inpatients","view":"visualization","viewOptions":"{\"type\":\"echarts\"}","viewOptionsMap":"{\"federate-view\":{\"app_id\":\"fd5c8fbb-8f7b-4b71-901c-3e45c166bdab\"},\"visualization\":{\"type\":\"echarts\"}}","ornaments":"{}","events":"{\"onSingleClick\":{\"Unfilter\":[{\"disabledVisuals\":[\"Grid\",\"Sunburst\"],\"default\":true,\"query\":\"UnfilterFrame(<SelectedColumn>);\",\"options\":{},\"refresh\":false,\"disabled\":false,\"panel\":\"\"}]},\"onBrush\":{\"Filter\":[{\"default\":true,\"query\":\"if(IsEmpty(<SelectedValues>), UnfilterFrame(<SelectedColumn>), SetFrameFilter(<SelectedColumn>==<SelectedValues>));\",\"options\":{},\"refresh\":false,\"disabled\":false,\"panel\":\"\"}]}}","comments":"{}","position":"{}","filters":[],"order":[],"cbv":{}},{"panelId":"1","panelLabel":"Filter by Year","view":"DashboardFilter","viewOptions":null,"viewOptionsMap":"{\"federate-view\":{\"app_id\":\"fd5c8fbb-8f7b-4b71-901c-3e45c166bdab\"},\"visualization\":{\"type\":\"echarts\"}}","ornaments":"{\"dashboardFilter\":{\"instances\":[\"YEAR\"],\"viewType\":\"List\",\"singleSelect\":\"Single Select\"}}","events":"{\"onSingleClick\":{\"Unfilter\":[{\"disabledVisuals\":[\"Grid\",\"Sunburst\"],\"default\":true,\"query\":\"UnfilterFrame(<SelectedColumn>);\",\"options\":{},\"refresh\":false,\"disabled\":false,\"panel\":\"\"}]},\"onBrush\":{\"Filter\":[{\"default\":true,\"query\":\"if(IsEmpty(<SelectedValues>), UnfilterFrame(<SelectedColumn>), SetFrameFilter(<SelectedColumn>==<SelectedValues>));\",\"options\":{},\"refresh\":false,\"disabled\":false,\"panel\":\"\"}]}}","comments":"{}","position":"{}","filters":[],"order":[],"cbv":{}},{"panelId":"2","panelLabel":"MMEs per Capita Prescirbed","view":"visualization","viewOptions":"{\"type\":\"echarts\"}","viewOptionsMap":"{\"federate-view\":{\"app_id\":\"fd5c8fbb-8f7b-4b71-901c-3e45c166bdab\"},\"visualization\":{\"type\":\"echarts\"}}","ornaments":"{\"dashboardFilter\":{\"instances\":[\"YEAR\"],\"viewType\":\"List\",\"singleSelect\":\"Single Select\"}}","events":"{\"onSingleClick\":{\"Unfilter\":[{\"disabledVisuals\":[\"Grid\",\"Sunburst\"],\"default\":true,\"query\":\"UnfilterFrame(<SelectedColumn>);\",\"options\":{},\"refresh\":false,\"disabled\":false,\"panel\":\"\"}]},\"onBrush\":{\"Filter\":[{\"default\":true,\"query\":\"if(IsEmpty(<SelectedValues>), UnfilterFrame(<SelectedColumn>), SetFrameFilter(<SelectedColumn>==<SelectedValues>));\",\"options\":{},\"refresh\":false,\"disabled\":false,\"panel\":\"\"}]}}","comments":"{}","position":"{}","filters":[],"order":[],"cbv":{}},{"panelId":"3","panelLabel":"MMEs per Capita and Opioid Related Inpatients","view":"visualization","viewOptions":"{\"type\":\"echarts\"}","viewOptionsMap":"{\"federate-view\":{\"app_id\":\"fd5c8fbb-8f7b-4b71-901c-3e45c166bdab\"},\"visualization\":{\"type\":\"echarts\"}}","ornaments":"{\"tools\":{\"shared\":{\"toggleLegend\":true}},\"dashboardFilter\":{\"instances\":[\"YEAR\"],\"viewType\":\"List\",\"singleSelect\":\"Single Select\"}}","events":"{\"onSingleClick\":{\"Unfilter\":[{\"disabledVisuals\":[\"Grid\",\"Sunburst\"],\"default\":true,\"query\":\"UnfilterFrame(<SelectedColumn>);\",\"options\":{},\"refresh\":false,\"disabled\":false,\"panel\":\"\"}]},\"onBrush\":{\"Filter\":[{\"default\":true,\"query\":\"if(IsEmpty(<SelectedValues>), UnfilterFrame(<SelectedColumn>), SetFrameFilter(<SelectedColumn>==<SelectedValues>));\",\"options\":{},\"refresh\":false,\"disabled\":false,\"panel\":\"\"}]}}","comments":"{}","position":"{}","filters":[],"order":[],"cbv":{}}],"tasks":{"tasks":[{"type":"basic","task":{"taskType":"basic","id":"task1","numCollected":500,"internalOffset":0,"taskOptions":"{\"options\":{\"0\":{\"layout\":\"Grid\",\"alignment\":{\"label\":[\"AMAT_fac\",\"CDC_consult\",\"CURES_funds\",\"DHAP_funds\",\"DVH_funds\",\"HCVacute\",\"HCVacuterate\",\"HCVcases\",\"HCVprevalence\",\"HIVdiagnoses\",\"HIVincidence\",\"HIVprevalence\",\"HOPWA_funds\",\"MH_fac\",\"Med_AMAT_fac\",\"Med_MH_fac\",\"Med_SA_fac\",\"Med_SMAT_fac\",\"Med_TMAT_fac\",\"PDMP_check_req\",\"PLHIV\",\"Population\",\"RW_funds\",\"SA_fac\",\"SMAT_fac\",\"SSP_legality\",\"STATEABBREVIATION\",\"STATEDATAPIVOTED\",\"STATE_1\",\"TMAT_fac\",\"YEAR\",\"bup_phys\",\"drugdeathrate\",\"drugdeaths\",\"drugdep\",\"fentanyl_seize\",\"mme_percap\",\"nonmedpain\",\"num_SSPs\",\"op_rel_inpat\",\"partD30dayrxrate\",\"pct_tx_med\",\"pctunins\",\"pctunmetneed\",\"state_year\"]}}}}","qs":{"qsType":"FRAME","isDistinct":true,"overrideImplicit":false,"limit":0,"offset":0,"relations":"[]","selectors":["COLUMN",{"table":"FRAME567804","column":"AMAT_fac","alias":"AMAT_fac","tableAlias":null},"COLUMN",{"table":"FRAME567804","column":"CDC_consult","alias":"CDC_consult","tableAlias":null},"COLUMN",{"table":"FRAME567804","column":"CURES_funds","alias":"CURES_funds","tableAlias":null},"COLUMN",{"table":"FRAME567804","column":"DHAP_funds","alias":"DHAP_funds","tableAlias":null},"COLUMN",{"table":"FRAME567804","column":"DVH_funds","alias":"DVH_funds","tableAlias":null},"COLUMN",{"table":"FRAME567804","column":"HCVacute","alias":"HCVacute","tableAlias":null},"COLUMN",{"table":"FRAME567804","column":"HCVacuterate","alias":"HCVacuterate","tableAlias":null},"COLUMN",{"table":"FRAME567804","column":"HCVcases","alias":"HCVcases","tableAlias":null},"COLUMN",{"table":"FRAME567804","column":"HCVprevalence","alias":"HCVprevalence","tableAlias":null},"COLUMN",{"table":"FRAME567804","column":"HIVdiagnoses","alias":"HIVdiagnoses","tableAlias":null},"COLUMN",{"table":"FRAME567804","column":"HIVincidence","alias":"HIVincidence","tableAlias":null},"COLUMN",{"table":"FRAME567804","column":"HIVprevalence","alias":"HIVprevalence","tableAlias":null},"COLUMN",{"table":"FRAME567804","column":"HOPWA_funds","alias":"HOPWA_funds","tableAlias":null},"COLUMN",{"table":"FRAME567804","column":"MH_fac","alias":"MH_fac","tableAlias":null},"COLUMN",{"table":"FRAME567804","column":"Med_AMAT_fac","alias":"Med_AMAT_fac","tableAlias":null},"COLUMN",{"table":"FRAME567804","column":"Med_MH_fac","alias":"Med_MH_fac","tableAlias":null},"COLUMN",{"table":"FRAME567804","column":"Med_SA_fac","alias":"Med_SA_fac","tableAlias":null},"COLUMN",{"table":"FRAME567804","column":"Med_SMAT_fac","alias":"Med_SMAT_fac","tableAlias":null},"COLUMN",{"table":"FRAME567804","column":"Med_TMAT_fac","alias":"Med_TMAT_fac","tableAlias":null},"COLUMN",{"table":"FRAME567804","column":"PDMP_check_req","alias":"PDMP_check_req","tableAlias":null},"COLUMN",{"table":"FRAME567804","column":"PLHIV","alias":"PLHIV","tableAlias":null},"COLUMN",{"table":"FRAME567804","column":"Population","alias":"Population","tableAlias":null},"COLUMN",{"table":"FRAME567804","column":"RW_funds","alias":"RW_funds","tableAlias":null},"COLUMN",{"table":"FRAME567804","column":"SA_fac","alias":"SA_fac","tableAlias":null},"COLUMN",{"table":"FRAME567804","column":"SMAT_fac","alias":"SMAT_fac","tableAlias":null},"COLUMN",{"table":"FRAME567804","column":"SSP_legality","alias":"SSP_legality","tableAlias":null},"COLUMN",{"table":"FRAME567804","column":"STATEABBREVIATION","alias":"STATEABBREVIATION","tableAlias":null},"COLUMN",{"table":"FRAME567804","column":"STATEDATAPIVOTED","alias":"STATEDATAPIVOTED","tableAlias":null},"COLUMN",{"table":"FRAME567804","column":"STATE_1","alias":"STATE_1","tableAlias":null},"COLUMN",{"table":"FRAME567804","column":"TMAT_fac","alias":"TMAT_fac","tableAlias":null},"COLUMN",{"table":"FRAME567804","column":"YEAR","alias":"YEAR","tableAlias":null},"COLUMN",{"table":"FRAME567804","column":"bup_phys","alias":"bup_phys","tableAlias":null},"COLUMN",{"table":"FRAME567804","column":"drugdeathrate","alias":"drugdeathrate","tableAlias":null},"COLUMN",{"table":"FRAME567804","column":"drugdeaths","alias":"drugdeaths","tableAlias":null},"COLUMN",{"table":"FRAME567804","column":"drugdep","alias":"drugdep","tableAlias":null},"COLUMN",{"table":"FRAME567804","column":"fentanyl_seize","alias":"fentanyl_seize","tableAlias":null},"COLUMN",{"table":"FRAME567804","column":"mme_percap","alias":"mme_percap","tableAlias":null},"COLUMN",{"table":"FRAME567804","column":"nonmedpain","alias":"nonmedpain","tableAlias":null},"COLUMN",{"table":"FRAME567804","column":"num_SSPs","alias":"num_SSPs","tableAlias":null},"COLUMN",{"table":"FRAME567804","column":"op_rel_inpat","alias":"op_rel_inpat","tableAlias":null},"COLUMN",{"table":"FRAME567804","column":"partD30dayrxrate","alias":"partD30dayrxrate","tableAlias":null},"COLUMN",{"table":"FRAME567804","column":"pct_tx_med","alias":"pct_tx_med","tableAlias":null},"COLUMN",{"table":"FRAME567804","column":"pctunins","alias":"pctunins","tableAlias":null},"COLUMN",{"table":"FRAME567804","column":"pctunmetneed","alias":"pctunmetneed","tableAlias":null},"COLUMN",{"table":"FRAME567804","column":"state_year","alias":"state_year","tableAlias":null}],"implicitFilters":["SIMPLE",{"left":{"pixelType":"COLUMN","class":"prerna.query.querystruct.selectors.QueryColumnSelector","value":["COLUMN",{"table":"YEAR","column":"PRIM_KEY_PLACEHOLDER","alias":"YEAR","tableAlias":null}],"opType":["OPERATION"]},"comparator":"==","right":{"pixelType":"CONST_INT","class":"java.lang.Integer","value":[2010],"opType":["OPERATION"]}}]}}},{"type":"basic","task":{"taskType":"basic","id":"task3","numCollected":500,"internalOffset":0,"taskOptions":"{\"options\":{\"0\":{\"layout\":\"Choropleth\",\"alignment\":{\"label\":[\"AMAT_fac\"],\"value\":[\"AverageofCDC_consult\"],\"facet\":[]}}}}","qs":{"qsType":"FRAME","isDistinct":true,"overrideImplicit":false,"limit":0,"offset":0,"relations":"[]","groups":["{\"column\":\"PRIM_KEY_PLACEHOLDER\",\"table\":\"AMAT_fac\",\"alias\":\"\"}"],"selectors":["COLUMN",{"table":"AMAT_fac","column":"PRIM_KEY_PLACEHOLDER","alias":"AMAT_fac","tableAlias":null},"FUNCTION",{"alias":"AverageofCDC_consult","function":"mean","distinct":false,"colCast":"","innerSelectors":["COLUMN",{"table":"CDC_consult","column":"PRIM_KEY_PLACEHOLDER","alias":"CDC_consult","tableAlias":null}]}]}}},{"type":"basic","task":{"taskType":"basic","id":"task5","numCollected":500,"internalOffset":0,"taskOptions":"{\"options\":{\"0\":{\"layout\":\"Choropleth\",\"alignment\":{\"label\":[\"STATE_1\"],\"value\":[\"Averageofop_rel_inpat\"],\"facet\":[]}}}}","qs":{"qsType":"FRAME","isDistinct":true,"overrideImplicit":false,"limit":0,"offset":0,"relations":"[]","groups":["{\"column\":\"PRIM_KEY_PLACEHOLDER\",\"table\":\"STATE_1\",\"alias\":\"\"}"],"selectors":["COLUMN",{"table":"STATE_1","column":"PRIM_KEY_PLACEHOLDER","alias":"STATE_1","tableAlias":null},"FUNCTION",{"alias":"Averageofop_rel_inpat","function":"mean","distinct":false,"colCast":"","innerSelectors":["COLUMN",{"table":"op_rel_inpat","column":"PRIM_KEY_PLACEHOLDER","alias":"op_rel_inpat","tableAlias":null}]}]}}},{"type":"basic","task":{"taskType":"basic","id":"task7","numCollected":500,"internalOffset":0,"taskOptions":"{\"options\":{\"0\":{\"layout\":\"Choropleth\",\"alignment\":{\"label\":[\"STATE_1\"],\"value\":[\"Averageofop_rel_inpat\"]}}}}","qs":{"qsType":"FRAME","isDistinct":true,"overrideImplicit":false,"limit":0,"offset":0,"relations":"[]","groups":["{\"column\":\"PRIM_KEY_PLACEHOLDER\",\"table\":\"STATE_1\",\"alias\":\"\"}"],"selectors":["COLUMN",{"table":"STATE_1","column":"PRIM_KEY_PLACEHOLDER","alias":"STATE_1","tableAlias":null},"FUNCTION",{"alias":"Averageofop_rel_inpat","function":"mean","distinct":false,"colCast":"","innerSelectors":["COLUMN",{"table":"op_rel_inpat","column":"PRIM_KEY_PLACEHOLDER","alias":"op_rel_inpat","tableAlias":null}]}],"implicitFilters":["SIMPLE",{"left":{"pixelType":"COLUMN","class":"prerna.query.querystruct.selectors.QueryColumnSelector","value":["COLUMN",{"table":"op_rel_inpat","column":"PRIM_KEY_PLACEHOLDER","alias":"op_rel_inpat","tableAlias":null}],"opType":["OPERATION"]},"comparator":"==","right":{"pixelType":"NULL_VALUE","class":null,"value":[null],"opType":["OPERATION"]}}]}}},{"type":"basic","task":{"taskType":"basic","id":"task9","numCollected":500,"internalOffset":0,"taskOptions":"{\"options\":{\"0\":{\"layout\":\"Choropleth\",\"alignment\":{\"label\":[\"STATE_1\"],\"value\":[\"Averageofop_rel_inpat\"]}}}}","qs":{"qsType":"FRAME","isDistinct":true,"overrideImplicit":false,"limit":0,"offset":0,"relations":"[]","groups":["{\"column\":\"PRIM_KEY_PLACEHOLDER\",\"table\":\"STATE_1\",\"alias\":\"\"}"],"selectors":["COLUMN",{"table":"STATE_1","column":"PRIM_KEY_PLACEHOLDER","alias":"STATE_1","tableAlias":null},"FUNCTION",{"alias":"Averageofop_rel_inpat","function":"mean","distinct":false,"colCast":"","innerSelectors":["COLUMN",{"table":"op_rel_inpat","column":"PRIM_KEY_PLACEHOLDER","alias":"op_rel_inpat","tableAlias":null}]}]}}},{"type":"basic","task":{"taskType":"basic","id":"task11","numCollected":500,"internalOffset":0,"taskOptions":"{\"options\":{\"0\":{\"layout\":\"Choropleth\",\"alignment\":{\"label\":[\"STATE_1\"],\"value\":[\"Averageofop_rel_inpat\"]}}}}","qs":{"qsType":"FRAME","isDistinct":true,"overrideImplicit":false,"limit":0,"offset":0,"relations":"[]","groups":["{\"column\":\"PRIM_KEY_PLACEHOLDER\",\"table\":\"STATE_1\",\"alias\":\"\"}"],"selectors":["COLUMN",{"table":"STATE_1","column":"PRIM_KEY_PLACEHOLDER","alias":"STATE_1","tableAlias":null},"FUNCTION",{"alias":"Averageofop_rel_inpat","function":"mean","distinct":false,"colCast":"","innerSelectors":["COLUMN",{"table":"op_rel_inpat","column":"PRIM_KEY_PLACEHOLDER","alias":"op_rel_inpat","tableAlias":null}]}],"implicitFilters":["SIMPLE",{"left":{"pixelType":"COLUMN","class":"prerna.query.querystruct.selectors.QueryColumnSelector","value":["COLUMN",{"table":"YEAR","column":"PRIM_KEY_PLACEHOLDER","alias":"YEAR","tableAlias":null}],"opType":["OPERATION"]},"comparator":"==","right":{"pixelType":"CONST_INT","class":"java.lang.Integer","value":[2005],"opType":["OPERATION"]}}]}}},{"type":"basic","task":{"taskType":"basic","id":"task13","numCollected":500,"internalOffset":0,"taskOptions":"{\"options\":{\"0\":{\"layout\":\"Choropleth\",\"alignment\":{\"label\":[\"STATE_1\"],\"value\":[\"Averageofop_rel_inpat\"]}}}}","qs":{"qsType":"FRAME","isDistinct":true,"overrideImplicit":false,"limit":0,"offset":0,"relations":"[]","groups":["{\"column\":\"PRIM_KEY_PLACEHOLDER\",\"table\":\"STATE_1\",\"alias\":\"\"}"],"selectors":["COLUMN",{"table":"STATE_1","column":"PRIM_KEY_PLACEHOLDER","alias":"STATE_1","tableAlias":null},"FUNCTION",{"alias":"Averageofop_rel_inpat","function":"mean","distinct":false,"colCast":"","innerSelectors":["COLUMN",{"table":"op_rel_inpat","column":"PRIM_KEY_PLACEHOLDER","alias":"op_rel_inpat","tableAlias":null}]}],"implicitFilters":["SIMPLE",{"left":{"pixelType":"COLUMN","class":"prerna.query.querystruct.selectors.QueryColumnSelector","value":["COLUMN",{"table":"YEAR","column":"PRIM_KEY_PLACEHOLDER","alias":"YEAR","tableAlias":null}],"opType":["OPERATION"]},"comparator":"==","right":{"pixelType":"CONST_INT","class":"java.lang.Integer","value":[2006],"opType":["OPERATION"]}}]}}},{"type":"basic","task":{"taskType":"basic","id":"task15","numCollected":500,"internalOffset":0,"taskOptions":"{\"options\":{\"0\":{\"layout\":\"Choropleth\",\"alignment\":{\"label\":[\"STATE_1\"],\"value\":[\"Averageofop_rel_inpat\"]}}}}","qs":{"qsType":"FRAME","isDistinct":true,"overrideImplicit":false,"limit":0,"offset":0,"relations":"[]","groups":["{\"column\":\"PRIM_KEY_PLACEHOLDER\",\"table\":\"STATE_1\",\"alias\":\"\"}"],"selectors":["COLUMN",{"table":"STATE_1","column":"PRIM_KEY_PLACEHOLDER","alias":"STATE_1","tableAlias":null},"FUNCTION",{"alias":"Averageofop_rel_inpat","function":"mean","distinct":false,"colCast":"","innerSelectors":["COLUMN",{"table":"op_rel_inpat","column":"PRIM_KEY_PLACEHOLDER","alias":"op_rel_inpat","tableAlias":null}]}],"implicitFilters":["SIMPLE",{"left":{"pixelType":"COLUMN","class":"prerna.query.querystruct.selectors.QueryColumnSelector","value":["COLUMN",{"table":"YEAR","column":"PRIM_KEY_PLACEHOLDER","alias":"YEAR","tableAlias":null}],"opType":["OPERATION"]},"comparator":"==","right":{"pixelType":"CONST_INT","class":"java.lang.Integer","value":[2008],"opType":["OPERATION"]}}]}}},{"type":"basic","task":{"taskType":"basic","id":"task17","numCollected":500,"internalOffset":0,"taskOptions":"{\"options\":{\"0\":{\"layout\":\"Choropleth\",\"alignment\":{\"label\":[\"STATE_1\"],\"value\":[\"Averageofop_rel_inpat\"]}}}}","qs":{"qsType":"FRAME","isDistinct":true,"overrideImplicit":false,"limit":0,"offset":0,"relations":"[]","groups":["{\"column\":\"PRIM_KEY_PLACEHOLDER\",\"table\":\"STATE_1\",\"alias\":\"\"}"],"selectors":["COLUMN",{"table":"STATE_1","column":"PRIM_KEY_PLACEHOLDER","alias":"STATE_1","tableAlias":null},"FUNCTION",{"alias":"Averageofop_rel_inpat","function":"mean","distinct":false,"colCast":"","innerSelectors":["COLUMN",{"table":"op_rel_inpat","column":"PRIM_KEY_PLACEHOLDER","alias":"op_rel_inpat","tableAlias":null}]}],"implicitFilters":["SIMPLE",{"left":{"pixelType":"COLUMN","class":"prerna.query.querystruct.selectors.QueryColumnSelector","value":["COLUMN",{"table":"YEAR","column":"PRIM_KEY_PLACEHOLDER","alias":"YEAR","tableAlias":null}],"opType":["OPERATION"]},"comparator":"==","right":{"pixelType":"CONST_INT","class":"java.lang.Integer","value":[2010],"opType":["OPERATION"]}}]}}},{"type":"basic","task":{"taskType":"basic","id":"task19","numCollected":500,"internalOffset":0,"taskOptions":"{\"options\":{\"0\":{\"layout\":\"Choropleth\",\"alignment\":{\"label\":[\"STATE_1\"],\"value\":[\"Averageofop_rel_inpat\"]}}}}","qs":{"qsType":"FRAME","isDistinct":true,"overrideImplicit":false,"limit":0,"offset":0,"relations":"[]","groups":["{\"column\":\"PRIM_KEY_PLACEHOLDER\",\"table\":\"STATE_1\",\"alias\":\"\"}"],"selectors":["COLUMN",{"table":"STATE_1","column":"PRIM_KEY_PLACEHOLDER","alias":"STATE_1","tableAlias":null},"FUNCTION",{"alias":"Averageofop_rel_inpat","function":"mean","distinct":false,"colCast":"","innerSelectors":["COLUMN",{"table":"op_rel_inpat","column":"PRIM_KEY_PLACEHOLDER","alias":"op_rel_inpat","tableAlias":null}]}],"implicitFilters":["SIMPLE",{"left":{"pixelType":"COLUMN","class":"prerna.query.querystruct.selectors.QueryColumnSelector","value":["COLUMN",{"table":"YEAR","column":"PRIM_KEY_PLACEHOLDER","alias":"YEAR","tableAlias":null}],"opType":["OPERATION"]},"comparator":"==","right":{"pixelType":"CONST_INT","class":"java.lang.Integer","value":[2011],"opType":["OPERATION"]}}]}}},{"type":"basic","task":{"taskType":"basic","id":"task21","numCollected":500,"internalOffset":0,"taskOptions":"{\"options\":{\"0\":{\"layout\":\"Choropleth\",\"alignment\":{\"label\":[\"STATE_1\"],\"value\":[\"Averageofop_rel_inpat\"]}}}}","qs":{"qsType":"FRAME","isDistinct":true,"overrideImplicit":false,"limit":0,"offset":0,"relations":"[]","groups":["{\"column\":\"PRIM_KEY_PLACEHOLDER\",\"table\":\"STATE_1\",\"alias\":\"\"}"],"selectors":["COLUMN",{"table":"STATE_1","column":"PRIM_KEY_PLACEHOLDER","alias":"STATE_1","tableAlias":null},"FUNCTION",{"alias":"Averageofop_rel_inpat","function":"mean","distinct":false,"colCast":"","innerSelectors":["COLUMN",{"table":"op_rel_inpat","column":"PRIM_KEY_PLACEHOLDER","alias":"op_rel_inpat","tableAlias":null}]}],"implicitFilters":["SIMPLE",{"left":{"pixelType":"COLUMN","class":"prerna.query.querystruct.selectors.QueryColumnSelector","value":["COLUMN",{"table":"YEAR","column":"PRIM_KEY_PLACEHOLDER","alias":"YEAR","tableAlias":null}],"opType":["OPERATION"]},"comparator":"==","right":{"pixelType":"CONST_INT","class":"java.lang.Integer","value":[2015],"opType":["OPERATION"]}}]}}},{"type":"basic","task":{"taskType":"basic","id":"task23","numCollected":500,"internalOffset":0,"taskOptions":"{\"options\":{\"2\":{\"layout\":\"Choropleth\",\"alignment\":{\"label\":[\"STATE_1\"],\"value\":[\"Averageofop_rel_inpat\"],\"facet\":[]}}}}","qs":{"qsType":"FRAME","isDistinct":true,"overrideImplicit":false,"limit":0,"offset":0,"relations":"[]","groups":["{\"column\":\"PRIM_KEY_PLACEHOLDER\",\"table\":\"STATE_1\",\"alias\":\"\"}"],"selectors":["COLUMN",{"table":"STATE_1","column":"PRIM_KEY_PLACEHOLDER","alias":"STATE_1","tableAlias":null},"FUNCTION",{"alias":"Averageofop_rel_inpat","function":"mean","distinct":false,"colCast":"","innerSelectors":["COLUMN",{"table":"op_rel_inpat","column":"PRIM_KEY_PLACEHOLDER","alias":"op_rel_inpat","tableAlias":null}]}],"implicitFilters":["SIMPLE",{"left":{"pixelType":"COLUMN","class":"prerna.query.querystruct.selectors.QueryColumnSelector","value":["COLUMN",{"table":"YEAR","column":"PRIM_KEY_PLACEHOLDER","alias":"YEAR","tableAlias":null}],"opType":["OPERATION"]},"comparator":"==","right":{"pixelType":"CONST_INT","class":"java.lang.Integer","value":[2015],"opType":["OPERATION"]}}]}}},{"type":"basic","task":{"taskType":"basic","id":"task25","numCollected":500,"internalOffset":0,"taskOptions":"{\"options\":{\"2\":{\"layout\":\"Choropleth\",\"alignment\":{\"label\":[\"STATE_1\"],\"value\":[\"Averageofmme_percap\"],\"facet\":[]}}}}","qs":{"qsType":"FRAME","isDistinct":true,"overrideImplicit":false,"limit":0,"offset":0,"relations":"[]","groups":["{\"column\":\"PRIM_KEY_PLACEHOLDER\",\"table\":\"STATE_1\",\"alias\":\"\"}"],"selectors":["COLUMN",{"table":"STATE_1","column":"PRIM_KEY_PLACEHOLDER","alias":"STATE_1","tableAlias":null},"FUNCTION",{"alias":"Averageofmme_percap","function":"mean","distinct":false,"colCast":"","innerSelectors":["COLUMN",{"table":"mme_percap","column":"PRIM_KEY_PLACEHOLDER","alias":"mme_percap","tableAlias":null}]}],"implicitFilters":["SIMPLE",{"left":{"pixelType":"COLUMN","class":"prerna.query.querystruct.selectors.QueryColumnSelector","value":["COLUMN",{"table":"YEAR","column":"PRIM_KEY_PLACEHOLDER","alias":"YEAR","tableAlias":null}],"opType":["OPERATION"]},"comparator":"==","right":{"pixelType":"CONST_INT","class":"java.lang.Integer","value":[2015],"opType":["OPERATION"]}}]}}},{"type":"basic","task":{"taskType":"basic","id":"task27","numCollected":500,"internalOffset":0,"taskOptions":"{\"options\":{\"3\":{\"layout\":\"Column\",\"alignment\":{\"tooltip\":[],\"label\":[\"STATE_1\"],\"value\":[\"Averageofmme_percap\"],\"facet\":[]}}}}","qs":{"qsType":"FRAME","isDistinct":true,"overrideImplicit":false,"limit":0,"offset":0,"relations":"[]","groups":["{\"column\":\"PRIM_KEY_PLACEHOLDER\",\"table\":\"STATE_1\",\"alias\":\"\"}"],"selectors":["COLUMN",{"table":"STATE_1","column":"PRIM_KEY_PLACEHOLDER","alias":"STATE_1","tableAlias":null},"FUNCTION",{"alias":"Averageofmme_percap","function":"mean","distinct":false,"colCast":"","innerSelectors":["COLUMN",{"table":"mme_percap","column":"PRIM_KEY_PLACEHOLDER","alias":"mme_percap","tableAlias":null}]}],"implicitFilters":["SIMPLE",{"left":{"pixelType":"COLUMN","class":"prerna.query.querystruct.selectors.QueryColumnSelector","value":["COLUMN",{"table":"YEAR","column":"PRIM_KEY_PLACEHOLDER","alias":"YEAR","tableAlias":null}],"opType":["OPERATION"]},"comparator":"==","right":{"pixelType":"CONST_INT","class":"java.lang.Integer","value":[2015],"opType":["OPERATION"]}}]}}},{"type":"basic","task":{"taskType":"basic","id":"task29","numCollected":500,"internalOffset":0,"taskOptions":"{\"options\":{\"3\":{\"layout\":\"Column\",\"alignment\":{\"tooltip\":[],\"label\":[\"STATE_1\"],\"value\":[\"Averageofmme_percap\",\"Averageofop_rel_inpat\"],\"facet\":[]}}}}","qs":{"qsType":"FRAME","isDistinct":true,"overrideImplicit":false,"limit":0,"offset":0,"relations":"[]","groups":["{\"column\":\"PRIM_KEY_PLACEHOLDER\",\"table\":\"STATE_1\",\"alias\":\"\"}"],"selectors":["COLUMN",{"table":"STATE_1","column":"PRIM_KEY_PLACEHOLDER","alias":"STATE_1","tableAlias":null},"FUNCTION",{"alias":"Averageofmme_percap","function":"mean","distinct":false,"colCast":"","innerSelectors":["COLUMN",{"table":"mme_percap","column":"PRIM_KEY_PLACEHOLDER","alias":"mme_percap","tableAlias":null}]},"FUNCTION",{"alias":"Averageofop_rel_inpat","function":"mean","distinct":false,"colCast":"","innerSelectors":["COLUMN",{"table":"op_rel_inpat","column":"PRIM_KEY_PLACEHOLDER","alias":"op_rel_inpat","tableAlias":null}]}],"implicitFilters":["SIMPLE",{"left":{"pixelType":"COLUMN","class":"prerna.query.querystruct.selectors.QueryColumnSelector","value":["COLUMN",{"table":"YEAR","column":"PRIM_KEY_PLACEHOLDER","alias":"YEAR","tableAlias":null}],"opType":["OPERATION"]},"comparator":"==","right":{"pixelType":"CONST_INT","class":"java.lang.Integer","value":[2015],"opType":["OPERATION"]}}]}}},{"type":"basic","task":{"taskType":"basic","id":"task31","numCollected":500,"internalOffset":0,"taskOptions":"{\"options\":{\"3\":{\"layout\":\"Column\",\"alignment\":{\"label\":[\"STATE_1\"],\"value\":[\"Averageofmme_percap\",\"Averageofop_rel_inpat\"]}}}}","qs":{"qsType":"FRAME","isDistinct":true,"overrideImplicit":false,"limit":0,"offset":0,"relations":"[]","groups":["{\"column\":\"PRIM_KEY_PLACEHOLDER\",\"table\":\"STATE_1\",\"alias\":\"\"}"],"orders":["{\"sortDir\":\"DESC\",\"column\":\"PRIM_KEY_PLACEHOLDER\",\"table\":\"Averageofmme_percap\",\"alias\":\"\"}"],"selectors":["COLUMN",{"table":"STATE_1","column":"PRIM_KEY_PLACEHOLDER","alias":"STATE_1","tableAlias":null},"FUNCTION",{"alias":"Averageofmme_percap","function":"mean","distinct":false,"colCast":"","innerSelectors":["COLUMN",{"table":"mme_percap","column":"PRIM_KEY_PLACEHOLDER","alias":"mme_percap","tableAlias":null}]},"FUNCTION",{"alias":"Averageofop_rel_inpat","function":"mean","distinct":false,"colCast":"","innerSelectors":["COLUMN",{"table":"op_rel_inpat","column":"PRIM_KEY_PLACEHOLDER","alias":"op_rel_inpat","tableAlias":null}]}],"implicitFilters":["SIMPLE",{"left":{"pixelType":"COLUMN","class":"prerna.query.querystruct.selectors.QueryColumnSelector","value":["COLUMN",{"table":"YEAR","column":"PRIM_KEY_PLACEHOLDER","alias":"YEAR","tableAlias":null}],"opType":["OPERATION"]},"comparator":"==","right":{"pixelType":"CONST_INT","class":"java.lang.Integer","value":[2015],"opType":["OPERATION"]}}]}}},{"type":"basic","task":{"taskType":"basic","id":"task33","numCollected":500,"internalOffset":0,"taskOptions":"{\"options\":{\"3\":{\"layout\":\"Column\",\"alignment\":{\"label\":[\"STATE_1\"],\"value\":[\"Averageofmme_percap\",\"Averageofop_rel_inpat\"]}}}}","qs":{"qsType":"FRAME","isDistinct":true,"overrideImplicit":false,"limit":0,"offset":0,"relations":"[]","groups":["{\"column\":\"PRIM_KEY_PLACEHOLDER\",\"table\":\"STATE_1\",\"alias\":\"\"}"],"selectors":["COLUMN",{"table":"STATE_1","column":"PRIM_KEY_PLACEHOLDER","alias":"STATE_1","tableAlias":null},"FUNCTION",{"alias":"Averageofmme_percap","function":"mean","distinct":false,"colCast":"","innerSelectors":["COLUMN",{"table":"mme_percap","column":"PRIM_KEY_PLACEHOLDER","alias":"mme_percap","tableAlias":null}]},"FUNCTION",{"alias":"Averageofop_rel_inpat","function":"mean","distinct":false,"colCast":"","innerSelectors":["COLUMN",{"table":"op_rel_inpat","column":"PRIM_KEY_PLACEHOLDER","alias":"op_rel_inpat","tableAlias":null}]}],"implicitFilters":["SIMPLE",{"left":{"pixelType":"COLUMN","class":"prerna.query.querystruct.selectors.QueryColumnSelector","value":["COLUMN",{"table":"YEAR","column":"PRIM_KEY_PLACEHOLDER","alias":"YEAR","tableAlias":null}],"opType":["OPERATION"]},"comparator":"==","right":{"pixelType":"CONST_INT","class":"java.lang.Integer","value":[2015],"opType":["OPERATION"]}}]}}},{"type":"basic","task":{"taskType":"basic","id":"task35","numCollected":500,"internalOffset":0,"taskOptions":"{\"options\":{\"3\":{\"layout\":\"Column\",\"alignment\":{\"label\":[\"STATE_1\"],\"value\":[\"Averageofmme_percap\",\"Averageofop_rel_inpat\"]}}}}","qs":{"qsType":"FRAME","isDistinct":true,"overrideImplicit":false,"limit":0,"offset":0,"relations":"[]","groups":["{\"column\":\"PRIM_KEY_PLACEHOLDER\",\"table\":\"STATE_1\",\"alias\":\"\"}"],"orders":["{\"sortDir\":\"DESC\",\"column\":\"PRIM_KEY_PLACEHOLDER\",\"table\":\"Averageofop_rel_inpat\",\"alias\":\"\"}"],"selectors":["COLUMN",{"table":"STATE_1","column":"PRIM_KEY_PLACEHOLDER","alias":"STATE_1","tableAlias":null},"FUNCTION",{"alias":"Averageofmme_percap","function":"mean","distinct":false,"colCast":"","innerSelectors":["COLUMN",{"table":"mme_percap","column":"PRIM_KEY_PLACEHOLDER","alias":"mme_percap","tableAlias":null}]},"FUNCTION",{"alias":"Averageofop_rel_inpat","function":"mean","distinct":false,"colCast":"","innerSelectors":["COLUMN",{"table":"op_rel_inpat","column":"PRIM_KEY_PLACEHOLDER","alias":"op_rel_inpat","tableAlias":null}]}],"implicitFilters":["SIMPLE",{"left":{"pixelType":"COLUMN","class":"prerna.query.querystruct.selectors.QueryColumnSelector","value":["COLUMN",{"table":"YEAR","column":"PRIM_KEY_PLACEHOLDER","alias":"YEAR","tableAlias":null}],"opType":["OPERATION"]},"comparator":"==","right":{"pixelType":"CONST_INT","class":"java.lang.Integer","value":[2015],"opType":["OPERATION"]}}]}}},{"type":"basic","task":{"taskType":"basic","id":"task37","numCollected":500,"internalOffset":0,"taskOptions":"{\"options\":{\"0\":{\"layout\":\"Choropleth\",\"alignment\":{\"label\":[\"STATE_1\"],\"value\":[\"Averageofop_rel_inpat\"]}}}}","qs":{"qsType":"FRAME","isDistinct":true,"overrideImplicit":false,"limit":0,"offset":0,"relations":"[]","groups":["{\"column\":\"PRIM_KEY_PLACEHOLDER\",\"table\":\"STATE_1\",\"alias\":\"\"}"],"selectors":["COLUMN",{"table":"STATE_1","column":"PRIM_KEY_PLACEHOLDER","alias":"STATE_1","tableAlias":null},"FUNCTION",{"alias":"Averageofop_rel_inpat","function":"mean","distinct":false,"colCast":"","innerSelectors":["COLUMN",{"table":"op_rel_inpat","column":"PRIM_KEY_PLACEHOLDER","alias":"op_rel_inpat","tableAlias":null}]}],"implicitFilters":["SIMPLE",{"left":{"pixelType":"COLUMN","class":"prerna.query.querystruct.selectors.QueryColumnSelector","value":["COLUMN",{"table":"YEAR","column":"PRIM_KEY_PLACEHOLDER","alias":"YEAR","tableAlias":null}],"opType":["OPERATION"]},"comparator":"==","right":{"pixelType":"CONST_INT","class":"java.lang.Integer","value":[2015],"opType":["OPERATION"]}}]}}},{"type":"basic","task":{"taskType":"basic","id":"task39","numCollected":500,"internalOffset":0,"taskOptions":"{\"options\":{\"2\":{\"layout\":\"Choropleth\",\"alignment\":{\"label\":[\"STATE_1\"],\"value\":[\"Averageofmme_percap\"]}}}}","qs":{"qsType":"FRAME","isDistinct":true,"overrideImplicit":false,"limit":0,"offset":0,"relations":"[]","groups":["{\"column\":\"PRIM_KEY_PLACEHOLDER\",\"table\":\"STATE_1\",\"alias\":\"\"}"],"selectors":["COLUMN",{"table":"STATE_1","column":"PRIM_KEY_PLACEHOLDER","alias":"STATE_1","tableAlias":null},"FUNCTION",{"alias":"Averageofmme_percap","function":"mean","distinct":false,"colCast":"","innerSelectors":["COLUMN",{"table":"mme_percap","column":"PRIM_KEY_PLACEHOLDER","alias":"mme_percap","tableAlias":null}]}],"implicitFilters":["SIMPLE",{"left":{"pixelType":"COLUMN","class":"prerna.query.querystruct.selectors.QueryColumnSelector","value":["COLUMN",{"table":"YEAR","column":"PRIM_KEY_PLACEHOLDER","alias":"YEAR","tableAlias":null}],"opType":["OPERATION"]},"comparator":"==","right":{"pixelType":"CONST_INT","class":"java.lang.Integer","value":[2015],"opType":["OPERATION"]}}]}}},{"type":"basic","task":{"taskType":"basic","id":"task41","numCollected":500,"internalOffset":0,"taskOptions":"{\"options\":{\"3\":{\"layout\":\"Column\",\"alignment\":{\"label\":[\"STATE_1\"],\"value\":[\"Averageofmme_percap\",\"Averageofop_rel_inpat\"]}}}}","qs":{"qsType":"FRAME","isDistinct":true,"overrideImplicit":false,"limit":0,"offset":0,"relations":"[]","groups":["{\"column\":\"PRIM_KEY_PLACEHOLDER\",\"table\":\"STATE_1\",\"alias\":\"\"}"],"orders":["{\"sortDir\":\"DESC\",\"column\":\"PRIM_KEY_PLACEHOLDER\",\"table\":\"Averageofop_rel_inpat\",\"alias\":\"\"}"],"selectors":["COLUMN",{"table":"STATE_1","column":"PRIM_KEY_PLACEHOLDER","alias":"STATE_1","tableAlias":null},"FUNCTION",{"alias":"Averageofmme_percap","function":"mean","distinct":false,"colCast":"","innerSelectors":["COLUMN",{"table":"mme_percap","column":"PRIM_KEY_PLACEHOLDER","alias":"mme_percap","tableAlias":null}]},"FUNCTION",{"alias":"Averageofop_rel_inpat","function":"mean","distinct":false,"colCast":"","innerSelectors":["COLUMN",{"table":"op_rel_inpat","column":"PRIM_KEY_PLACEHOLDER","alias":"op_rel_inpat","tableAlias":null}]}],"implicitFilters":["SIMPLE",{"left":{"pixelType":"COLUMN","class":"prerna.query.querystruct.selectors.QueryColumnSelector","value":["COLUMN",{"table":"YEAR","column":"PRIM_KEY_PLACEHOLDER","alias":"YEAR","tableAlias":null}],"opType":["OPERATION"]},"comparator":"==","right":{"pixelType":"CONST_INT","class":"java.lang.Integer","value":[2015],"opType":["OPERATION"]}}]}}},{"type":"basic","task":{"taskType":"basic","id":"task43","numCollected":500,"internalOffset":0,"taskOptions":"{\"options\":{\"0\":{\"layout\":\"Choropleth\",\"alignment\":{\"label\":[\"STATE_1\"],\"value\":[\"Averageofop_rel_inpat\"]}}}}","qs":{"qsType":"FRAME","isDistinct":true,"overrideImplicit":false,"limit":0,"offset":0,"relations":"[]","groups":["{\"column\":\"PRIM_KEY_PLACEHOLDER\",\"table\":\"STATE_1\",\"alias\":\"\"}"],"selectors":["COLUMN",{"table":"STATE_1","column":"PRIM_KEY_PLACEHOLDER","alias":"STATE_1","tableAlias":null},"FUNCTION",{"alias":"Averageofop_rel_inpat","function":"mean","distinct":false,"colCast":"","innerSelectors":["COLUMN",{"table":"op_rel_inpat","column":"PRIM_KEY_PLACEHOLDER","alias":"op_rel_inpat","tableAlias":null}]}],"implicitFilters":["SIMPLE",{"left":{"pixelType":"COLUMN","class":"prerna.query.querystruct.selectors.QueryColumnSelector","value":["COLUMN",{"table":"YEAR","column":"PRIM_KEY_PLACEHOLDER","alias":"YEAR","tableAlias":null}],"opType":["OPERATION"]},"comparator":"==","right":{"pixelType":"CONST_INT","class":"java.lang.Integer","value":[2012],"opType":["OPERATION"]}}]}}},{"type":"basic","task":{"taskType":"basic","id":"task45","numCollected":500,"internalOffset":0,"taskOptions":"{\"options\":{\"2\":{\"layout\":\"Choropleth\",\"alignment\":{\"label\":[\"STATE_1\"],\"value\":[\"Averageofmme_percap\"]}}}}","qs":{"qsType":"FRAME","isDistinct":true,"overrideImplicit":false,"limit":0,"offset":0,"relations":"[]","groups":["{\"column\":\"PRIM_KEY_PLACEHOLDER\",\"table\":\"STATE_1\",\"alias\":\"\"}"],"selectors":["COLUMN",{"table":"STATE_1","column":"PRIM_KEY_PLACEHOLDER","alias":"STATE_1","tableAlias":null},"FUNCTION",{"alias":"Averageofmme_percap","function":"mean","distinct":false,"colCast":"","innerSelectors":["COLUMN",{"table":"mme_percap","column":"PRIM_KEY_PLACEHOLDER","alias":"mme_percap","tableAlias":null}]}],"implicitFilters":["SIMPLE",{"left":{"pixelType":"COLUMN","class":"prerna.query.querystruct.selectors.QueryColumnSelector","value":["COLUMN",{"table":"YEAR","column":"PRIM_KEY_PLACEHOLDER","alias":"YEAR","tableAlias":null}],"opType":["OPERATION"]},"comparator":"==","right":{"pixelType":"CONST_INT","class":"java.lang.Integer","value":[2012],"opType":["OPERATION"]}}]}}},{"type":"basic","task":{"taskType":"basic","id":"task47","numCollected":500,"internalOffset":0,"taskOptions":"{\"options\":{\"3\":{\"layout\":\"Column\",\"alignment\":{\"label\":[\"STATE_1\"],\"value\":[\"Averageofmme_percap\",\"Averageofop_rel_inpat\"]}}}}","qs":{"qsType":"FRAME","isDistinct":true,"overrideImplicit":false,"limit":0,"offset":0,"relations":"[]","groups":["{\"column\":\"PRIM_KEY_PLACEHOLDER\",\"table\":\"STATE_1\",\"alias\":\"\"}"],"orders":["{\"sortDir\":\"DESC\",\"column\":\"PRIM_KEY_PLACEHOLDER\",\"table\":\"Averageofop_rel_inpat\",\"alias\":\"\"}"],"selectors":["COLUMN",{"table":"STATE_1","column":"PRIM_KEY_PLACEHOLDER","alias":"STATE_1","tableAlias":null},"FUNCTION",{"alias":"Averageofmme_percap","function":"mean","distinct":false,"colCast":"","innerSelectors":["COLUMN",{"table":"mme_percap","column":"PRIM_KEY_PLACEHOLDER","alias":"mme_percap","tableAlias":null}]},"FUNCTION",{"alias":"Averageofop_rel_inpat","function":"mean","distinct":false,"colCast":"","innerSelectors":["COLUMN",{"table":"op_rel_inpat","column":"PRIM_KEY_PLACEHOLDER","alias":"op_rel_inpat","tableAlias":null}]}],"implicitFilters":["SIMPLE",{"left":{"pixelType":"COLUMN","class":"prerna.query.querystruct.selectors.QueryColumnSelector","value":["COLUMN",{"table":"YEAR","column":"PRIM_KEY_PLACEHOLDER","alias":"YEAR","tableAlias":null}],"opType":["OPERATION"]},"comparator":"==","right":{"pixelType":"CONST_INT","class":"java.lang.Integer","value":[2012],"opType":["OPERATION"]}}]}}},{"type":"basic","task":{"taskType":"basic","id":"task49","numCollected":500,"internalOffset":0,"taskOptions":"{\"options\":{\"0\":{\"layout\":\"Choropleth\",\"alignment\":{\"label\":[\"STATE_1\"],\"value\":[\"Averageofop_rel_inpat\"]}}}}","qs":{"qsType":"FRAME","isDistinct":true,"overrideImplicit":false,"limit":0,"offset":0,"relations":"[]","groups":["{\"column\":\"PRIM_KEY_PLACEHOLDER\",\"table\":\"STATE_1\",\"alias\":\"\"}"],"selectors":["COLUMN",{"table":"STATE_1","column":"PRIM_KEY_PLACEHOLDER","alias":"STATE_1","tableAlias":null},"FUNCTION",{"alias":"Averageofop_rel_inpat","function":"mean","distinct":false,"colCast":"","innerSelectors":["COLUMN",{"table":"op_rel_inpat","column":"PRIM_KEY_PLACEHOLDER","alias":"op_rel_inpat","tableAlias":null}]}],"implicitFilters":["SIMPLE",{"left":{"pixelType":"COLUMN","class":"prerna.query.querystruct.selectors.QueryColumnSelector","value":["COLUMN",{"table":"YEAR","column":"PRIM_KEY_PLACEHOLDER","alias":"YEAR","tableAlias":null}],"opType":["OPERATION"]},"comparator":"==","right":{"pixelType":"CONST_INT","class":"java.lang.Integer","value":[2016],"opType":["OPERATION"]}}]}}},{"type":"basic","task":{"taskType":"basic","id":"task51","numCollected":500,"internalOffset":0,"taskOptions":"{\"options\":{\"2\":{\"layout\":\"Choropleth\",\"alignment\":{\"label\":[\"STATE_1\"],\"value\":[\"Averageofmme_percap\"]}}}}","qs":{"qsType":"FRAME","isDistinct":true,"overrideImplicit":false,"limit":0,"offset":0,"relations":"[]","groups":["{\"column\":\"PRIM_KEY_PLACEHOLDER\",\"table\":\"STATE_1\",\"alias\":\"\"}"],"selectors":["COLUMN",{"table":"STATE_1","column":"PRIM_KEY_PLACEHOLDER","alias":"STATE_1","tableAlias":null},"FUNCTION",{"alias":"Averageofmme_percap","function":"mean","distinct":false,"colCast":"","innerSelectors":["COLUMN",{"table":"mme_percap","column":"PRIM_KEY_PLACEHOLDER","alias":"mme_percap","tableAlias":null}]}],"implicitFilters":["SIMPLE",{"left":{"pixelType":"COLUMN","class":"prerna.query.querystruct.selectors.QueryColumnSelector","value":["COLUMN",{"table":"YEAR","column":"PRIM_KEY_PLACEHOLDER","alias":"YEAR","tableAlias":null}],"opType":["OPERATION"]},"comparator":"==","right":{"pixelType":"CONST_INT","class":"java.lang.Integer","value":[2016],"opType":["OPERATION"]}}]}}},{"type":"basic","task":{"taskType":"basic","id":"task53","numCollected":500,"internalOffset":0,"taskOptions":"{\"options\":{\"3\":{\"layout\":\"Column\",\"alignment\":{\"label\":[\"STATE_1\"],\"value\":[\"Averageofmme_percap\",\"Averageofop_rel_inpat\"]}}}}","qs":{"qsType":"FRAME","isDistinct":true,"overrideImplicit":false,"limit":0,"offset":0,"relations":"[]","groups":["{\"column\":\"PRIM_KEY_PLACEHOLDER\",\"table\":\"STATE_1\",\"alias\":\"\"}"],"orders":["{\"sortDir\":\"DESC\",\"column\":\"PRIM_KEY_PLACEHOLDER\",\"table\":\"Averageofop_rel_inpat\",\"alias\":\"\"}"],"selectors":["COLUMN",{"table":"STATE_1","column":"PRIM_KEY_PLACEHOLDER","alias":"STATE_1","tableAlias":null},"FUNCTION",{"alias":"Averageofmme_percap","function":"mean","distinct":false,"colCast":"","innerSelectors":["COLUMN",{"table":"mme_percap","column":"PRIM_KEY_PLACEHOLDER","alias":"mme_percap","tableAlias":null}]},"FUNCTION",{"alias":"Averageofop_rel_inpat","function":"mean","distinct":false,"colCast":"","innerSelectors":["COLUMN",{"table":"op_rel_inpat","column":"PRIM_KEY_PLACEHOLDER","alias":"op_rel_inpat","tableAlias":null}]}],"implicitFilters":["SIMPLE",{"left":{"pixelType":"COLUMN","class":"prerna.query.querystruct.selectors.QueryColumnSelector","value":["COLUMN",{"table":"YEAR","column":"PRIM_KEY_PLACEHOLDER","alias":"YEAR","tableAlias":null}],"opType":["OPERATION"]},"comparator":"==","right":{"pixelType":"CONST_INT","class":"java.lang.Integer","value":[2016],"opType":["OPERATION"]}}]}}},{"type":"basic","task":{"taskType":"basic","id":"task55","numCollected":500,"internalOffset":0,"taskOptions":"{\"options\":{\"0\":{\"layout\":\"Choropleth\",\"alignment\":{\"label\":[\"STATE_1\"],\"value\":[\"Averageofop_rel_inpat\"]}}}}","qs":{"qsType":"FRAME","isDistinct":true,"overrideImplicit":false,"limit":0,"offset":0,"relations":"[]","groups":["{\"column\":\"PRIM_KEY_PLACEHOLDER\",\"table\":\"STATE_1\",\"alias\":\"\"}"],"selectors":["COLUMN",{"table":"STATE_1","column":"PRIM_KEY_PLACEHOLDER","alias":"STATE_1","tableAlias":null},"FUNCTION",{"alias":"Averageofop_rel_inpat","function":"mean","distinct":false,"colCast":"","innerSelectors":["COLUMN",{"table":"op_rel_inpat","column":"PRIM_KEY_PLACEHOLDER","alias":"op_rel_inpat","tableAlias":null}]}],"implicitFilters":["SIMPLE",{"left":{"pixelType":"COLUMN","class":"prerna.query.querystruct.selectors.QueryColumnSelector","value":["COLUMN",{"table":"YEAR","column":"PRIM_KEY_PLACEHOLDER","alias":"YEAR","tableAlias":null}],"opType":["OPERATION"]},"comparator":"==","right":{"pixelType":"CONST_INT","class":"java.lang.Integer","value":[2015],"opType":["OPERATION"]}}]}}},{"type":"basic","task":{"taskType":"basic","id":"task57","numCollected":500,"internalOffset":0,"taskOptions":"{\"options\":{\"2\":{\"layout\":\"Choropleth\",\"alignment\":{\"label\":[\"STATE_1\"],\"value\":[\"Averageofmme_percap\"]}}}}","qs":{"qsType":"FRAME","isDistinct":true,"overrideImplicit":false,"limit":0,"offset":0,"relations":"[]","groups":["{\"column\":\"PRIM_KEY_PLACEHOLDER\",\"table\":\"STATE_1\",\"alias\":\"\"}"],"selectors":["COLUMN",{"table":"STATE_1","column":"PRIM_KEY_PLACEHOLDER","alias":"STATE_1","tableAlias":null},"FUNCTION",{"alias":"Averageofmme_percap","function":"mean","distinct":false,"colCast":"","innerSelectors":["COLUMN",{"table":"mme_percap","column":"PRIM_KEY_PLACEHOLDER","alias":"mme_percap","tableAlias":null}]}],"implicitFilters":["SIMPLE",{"left":{"pixelType":"COLUMN","class":"prerna.query.querystruct.selectors.QueryColumnSelector","value":["COLUMN",{"table":"YEAR","column":"PRIM_KEY_PLACEHOLDER","alias":"YEAR","tableAlias":null}],"opType":["OPERATION"]},"comparator":"==","right":{"pixelType":"CONST_INT","class":"java.lang.Integer","value":[2015],"opType":["OPERATION"]}}]}}},{"type":"basic","task":{"taskType":"basic","id":"task59","numCollected":500,"internalOffset":0,"taskOptions":"{\"options\":{\"3\":{\"layout\":\"Column\",\"alignment\":{\"label\":[\"STATE_1\"],\"value\":[\"Averageofmme_percap\",\"Averageofop_rel_inpat\"]}}}}","qs":{"qsType":"FRAME","isDistinct":true,"overrideImplicit":false,"limit":0,"offset":0,"relations":"[]","groups":["{\"column\":\"PRIM_KEY_PLACEHOLDER\",\"table\":\"STATE_1\",\"alias\":\"\"}"],"orders":["{\"sortDir\":\"DESC\",\"column\":\"PRIM_KEY_PLACEHOLDER\",\"table\":\"Averageofop_rel_inpat\",\"alias\":\"\"}"],"selectors":["COLUMN",{"table":"STATE_1","column":"PRIM_KEY_PLACEHOLDER","alias":"STATE_1","tableAlias":null},"FUNCTION",{"alias":"Averageofmme_percap","function":"mean","distinct":false,"colCast":"","innerSelectors":["COLUMN",{"table":"mme_percap","column":"PRIM_KEY_PLACEHOLDER","alias":"mme_percap","tableAlias":null}]},"FUNCTION",{"alias":"Averageofop_rel_inpat","function":"mean","distinct":false,"colCast":"","innerSelectors":["COLUMN",{"table":"op_rel_inpat","column":"PRIM_KEY_PLACEHOLDER","alias":"op_rel_inpat","tableAlias":null}]}],"implicitFilters":["SIMPLE",{"left":{"pixelType":"COLUMN","class":"prerna.query.querystruct.selectors.QueryColumnSelector","value":["COLUMN",{"table":"YEAR","column":"PRIM_KEY_PLACEHOLDER","alias":"YEAR","tableAlias":null}],"opType":["OPERATION"]},"comparator":"==","right":{"pixelType":"CONST_INT","class":"java.lang.Integer","value":[2015],"opType":["OPERATION"]}}]}}},{"type":"basic","task":{"taskType":"basic","id":"task61","numCollected":500,"internalOffset":0,"taskOptions":"{\"options\":{\"0\":{\"layout\":\"Choropleth\",\"alignment\":{\"label\":[\"STATE_1\"],\"value\":[\"Averageofop_rel_inpat\"]}}}}","qs":{"qsType":"FRAME","isDistinct":true,"overrideImplicit":false,"limit":0,"offset":0,"relations":"[]","groups":["{\"column\":\"PRIM_KEY_PLACEHOLDER\",\"table\":\"STATE_1\",\"alias\":\"\"}"],"selectors":["COLUMN",{"table":"STATE_1","column":"PRIM_KEY_PLACEHOLDER","alias":"STATE_1","tableAlias":null},"FUNCTION",{"alias":"Averageofop_rel_inpat","function":"mean","distinct":false,"colCast":"","innerSelectors":["COLUMN",{"table":"op_rel_inpat","column":"PRIM_KEY_PLACEHOLDER","alias":"op_rel_inpat","tableAlias":null}]}],"implicitFilters":["SIMPLE",{"left":{"pixelType":"COLUMN","class":"prerna.query.querystruct.selectors.QueryColumnSelector","value":["COLUMN",{"table":"YEAR","column":"PRIM_KEY_PLACEHOLDER","alias":"YEAR","tableAlias":null}],"opType":["OPERATION"]},"comparator":"==","right":{"pixelType":"CONST_INT","class":"java.lang.Integer","value":[2010],"opType":["OPERATION"]}}]}}},{"type":"basic","task":{"taskType":"basic","id":"task63","numCollected":500,"internalOffset":0,"taskOptions":"{\"options\":{\"2\":{\"layout\":\"Choropleth\",\"alignment\":{\"label\":[\"STATE_1\"],\"value\":[\"Averageofmme_percap\"]}}}}","qs":{"qsType":"FRAME","isDistinct":true,"overrideImplicit":false,"limit":0,"offset":0,"relations":"[]","groups":["{\"column\":\"PRIM_KEY_PLACEHOLDER\",\"table\":\"STATE_1\",\"alias\":\"\"}"],"selectors":["COLUMN",{"table":"STATE_1","column":"PRIM_KEY_PLACEHOLDER","alias":"STATE_1","tableAlias":null},"FUNCTION",{"alias":"Averageofmme_percap","function":"mean","distinct":false,"colCast":"","innerSelectors":["COLUMN",{"table":"mme_percap","column":"PRIM_KEY_PLACEHOLDER","alias":"mme_percap","tableAlias":null}]}],"implicitFilters":["SIMPLE",{"left":{"pixelType":"COLUMN","class":"prerna.query.querystruct.selectors.QueryColumnSelector","value":["COLUMN",{"table":"YEAR","column":"PRIM_KEY_PLACEHOLDER","alias":"YEAR","tableAlias":null}],"opType":["OPERATION"]},"comparator":"==","right":{"pixelType":"CONST_INT","class":"java.lang.Integer","value":[2010],"opType":["OPERATION"]}}]}}},{"type":"basic","task":{"taskType":"basic","id":"task65","numCollected":500,"internalOffset":0,"taskOptions":"{\"options\":{\"3\":{\"layout\":\"Column\",\"alignment\":{\"label\":[\"STATE_1\"],\"value\":[\"Averageofmme_percap\",\"Averageofop_rel_inpat\"]}}}}","qs":{"qsType":"FRAME","isDistinct":true,"overrideImplicit":false,"limit":0,"offset":0,"relations":"[]","groups":["{\"column\":\"PRIM_KEY_PLACEHOLDER\",\"table\":\"STATE_1\",\"alias\":\"\"}"],"orders":["{\"sortDir\":\"DESC\",\"column\":\"PRIM_KEY_PLACEHOLDER\",\"table\":\"Averageofop_rel_inpat\",\"alias\":\"\"}"],"selectors":["COLUMN",{"table":"STATE_1","column":"PRIM_KEY_PLACEHOLDER","alias":"STATE_1","tableAlias":null},"FUNCTION",{"alias":"Averageofmme_percap","function":"mean","distinct":false,"colCast":"","innerSelectors":["COLUMN",{"table":"mme_percap","column":"PRIM_KEY_PLACEHOLDER","alias":"mme_percap","tableAlias":null}]},"FUNCTION",{"alias":"Averageofop_rel_inpat","function":"mean","distinct":false,"colCast":"","innerSelectors":["COLUMN",{"table":"op_rel_inpat","column":"PRIM_KEY_PLACEHOLDER","alias":"op_rel_inpat","tableAlias":null}]}],"implicitFilters":["SIMPLE",{"left":{"pixelType":"COLUMN","class":"prerna.query.querystruct.selectors.QueryColumnSelector","value":["COLUMN",{"table":"YEAR","column":"PRIM_KEY_PLACEHOLDER","alias":"YEAR","tableAlias":null}],"opType":["OPERATION"]},"comparator":"==","right":{"pixelType":"CONST_INT","class":"java.lang.Integer","value":[2010],"opType":["OPERATION"]}}]}}}],"taskCounter":66},"recipe":["AddPanel ( 0 ) ;","Panel ( 0 ) | AddPanelEvents ( { \"onSingleClick\" : { \"Unfilter\" : [ { \"panel\" : \"\" , \"query\" : \"UnfilterFrame(%3CSelectedColumn%3E)%3B\" , \"options\" : { } , \"refresh\" : false , \"default\" : true , \"disabledVisuals\" : [ \"Grid\" , \"Sunburst\" ] , \"disabled\" : false } ] } , \"onBrush\" : { \"Filter\" : [ { \"panel\" : \"\" , \"query\" : \"if(IsEmpty(%3CSelectedValues%3E)%2C%20UnfilterFrame(%3CSelectedColumn%3E)%2C%20SetFrameFilter(%3CSelectedColumn%3E%3D%3D%3CSelectedValues%3E))%3B\" , \"options\" : { } , \"refresh\" : false , \"default\" : true , \"disabled\" : false } ] } } ) ;","Panel ( 0 ) | RetrievePanelEvents ( ) ;","Panel ( 0 ) | SetPanelView ( \"visualization\" , \"%7B%22type%22%3A%22echarts%22%7D\" ) ;","Panel ( 0 ) | SetPanelView ( \"federate-view\" , \"%7B%22app_id%22%3A%22fd5c8fbb-8f7b-4b71-901c-3e45c166bdab%22%7D\" ) ;","CreateFrame ( frameType = [ GRID ] ) .as ( [ 'FRAME567804' ] ) ;","Database ( database = [ \"fd5c8fbb-8f7b-4b71-901c-3e45c166bdab\" ] ) | Select ( STATEDATAPIVOTED , STATEDATAPIVOTED__AMAT_fac , STATEDATAPIVOTED__CDC_consult , STATEDATAPIVOTED__CURES_funds , STATEDATAPIVOTED__DHAP_funds , STATEDATAPIVOTED__DVH_funds , STATEDATAPIVOTED__HCVacute , STATEDATAPIVOTED__HCVacuterate , STATEDATAPIVOTED__HCVcases , STATEDATAPIVOTED__HCVprevalence , STATEDATAPIVOTED__HIVdiagnoses , STATEDATAPIVOTED__HIVincidence , STATEDATAPIVOTED__HIVprevalence , STATEDATAPIVOTED__HOPWA_funds , STATEDATAPIVOTED__MH_fac , STATEDATAPIVOTED__Med_AMAT_fac , STATEDATAPIVOTED__Med_MH_fac , STATEDATAPIVOTED__Med_SA_fac , STATEDATAPIVOTED__Med_SMAT_fac , STATEDATAPIVOTED__Med_TMAT_fac , STATEDATAPIVOTED__PDMP_check_req , STATEDATAPIVOTED__PLHIV , STATEDATAPIVOTED__Population , STATEDATAPIVOTED__RW_funds , STATEDATAPIVOTED__SA_fac , STATEDATAPIVOTED__SMAT_fac , STATEDATAPIVOTED__SSP_legality , STATEDATAPIVOTED__STATEABBREVIATION , STATEDATAPIVOTED__STATE_1 , STATEDATAPIVOTED__TMAT_fac , STATEDATAPIVOTED__YEAR , STATEDATAPIVOTED__bup_phys , STATEDATAPIVOTED__drugdeathrate , STATEDATAPIVOTED__drugdeaths , STATEDATAPIVOTED__drugdep , STATEDATAPIVOTED__fentanyl_seize , STATEDATAPIVOTED__mme_percap , STATEDATAPIVOTED__nonmedpain , STATEDATAPIVOTED__num_SSPs , STATEDATAPIVOTED__op_rel_inpat , STATEDATAPIVOTED__partD30dayrxrate , STATEDATAPIVOTED__pct_tx_med , STATEDATAPIVOTED__pctunins , STATEDATAPIVOTED__pctunmetneed , STATEDATAPIVOTED__state_year ) .as ( [ STATEDATAPIVOTED , AMAT_fac , CDC_consult , CURES_funds , DHAP_funds , DVH_funds , HCVacute , HCVacuterate , HCVcases , HCVprevalence , HIVdiagnoses , HIVincidence , HIVprevalence , HOPWA_funds , MH_fac , Med_AMAT_fac , Med_MH_fac , Med_SA_fac , Med_SMAT_fac , Med_TMAT_fac , PDMP_check_req , PLHIV , Population , RW_funds , SA_fac , SMAT_fac , SSP_legality , STATEABBREVIATION , STATE_1 , TMAT_fac , YEAR , bup_phys , drugdeathrate , drugdeaths , drugdep , fentanyl_seize , mme_percap , nonmedpain , num_SSPs , op_rel_inpat , partD30dayrxrate , pct_tx_med , pctunins , pctunmetneed , state_year ] ) | Import ( ) ;","Panel ( 0 ) | SetPanelView ( \"visualization\" ) ;","Frame ( ) | QueryAll ( ) | AutoTaskOptions ( panel = [ \"0\" ] , layout = [ \"Grid\" ] ) | Collect ( 500 ) ;","Panel ( 0 ) | SetPanelView ( \"visualization\" , \"%7B%22type%22%3A%22echarts%22%7D\" ) ;","if ( ( HasDuplicates ( AMAT_fac ) ) , ( Select ( AMAT_fac , Average ( CDC_consult ) ) .as ( [ AMAT_fac , AverageofCDC_consult ] ) | Group ( AMAT_fac ) | With ( Panel ( 0 ) ) | Format ( type = [ 'table' ] ) | TaskOptions ( { \"0\" : { \"layout\" : \"Choropleth\" , \"alignment\" : { \"label\" : [ \"AMAT_fac\" ] , \"value\" : [ \"AverageofCDC_consult\" ] , \"facet\" : [ ] } } } ) | Collect ( 500 ) ) , ( Select ( AMAT_fac , CDC_consult ) .as ( [ AMAT_fac , CDC_consult ] ) | With ( Panel ( 0 ) ) | Format ( type = [ 'table' ] ) | TaskOptions ( { \"0\" : { \"layout\" : \"Choropleth\" , \"alignment\" : { \"label\" : [ \"AMAT_fac\" ] , \"value\" : [ \"CDC_consult\" ] , \"facet\" : [ ] } } } ) | Collect ( 500 ) ) ) ;","if ( ( HasDuplicates ( STATE_1 ) ) , ( Select ( STATE_1 , Average ( op_rel_inpat ) ) .as ( [ STATE_1 , Averageofop_rel_inpat ] ) | Group ( STATE_1 ) | With ( Panel ( 0 ) ) | Format ( type = [ 'table' ] ) | TaskOptions ( { \"0\" : { \"layout\" : \"Choropleth\" , \"alignment\" : { \"label\" : [ \"STATE_1\" ] , \"value\" : [ \"Averageofop_rel_inpat\" ] , \"facet\" : [ ] } } } ) | Collect ( 500 ) ) , ( Select ( STATE_1 , op_rel_inpat ) .as ( [ STATE_1 , op_rel_inpat ] ) | With ( Panel ( 0 ) ) | Format ( type = [ 'table' ] ) | TaskOptions ( { \"0\" : { \"layout\" : \"Choropleth\" , \"alignment\" : { \"label\" : [ \"STATE_1\" ] , \"value\" : [ \"op_rel_inpat\" ] , \"facet\" : [ ] } } } ) | Collect ( 500 ) ) ) ;","ReplaceFrameFilter ( ( op_rel_inpat == [ null ] ) ) ;","ifError ( ( Frame ( ) | Select ( STATE_1 , Average ( op_rel_inpat ) ) .as ( [ STATE_1 , Averageofop_rel_inpat ] ) | Group ( STATE_1 ) | With ( Panel ( 0 ) ) | Format ( type = [ 'table' ] ) | TaskOptions ( { \"0\" : { \"layout\" : \"Choropleth\" , \"alignment\" : { \"label\" : [ \"STATE_1\" ] , \"value\" : [ \"Averageofop_rel_inpat\" ] } } } ) | Collect ( 500 ) ) , ( true ) ) ;","UnfilterFrame ( ) ;","ifError ( ( Frame ( ) | Select ( STATE_1 , Average ( op_rel_inpat ) ) .as ( [ STATE_1 , Averageofop_rel_inpat ] ) | Group ( STATE_1 ) | With ( Panel ( 0 ) ) | Format ( type = [ 'table' ] ) | TaskOptions ( { \"0\" : { \"layout\" : \"Choropleth\" , \"alignment\" : { \"label\" : [ \"STATE_1\" ] , \"value\" : [ \"Averageofop_rel_inpat\" ] } } } ) | Collect ( 500 ) ) , ( true ) ) ;","Panel ( 0 ) | Clone ( 1 ) ;","Panel ( 1 ) | SetPanelView ( \"DashboardFilter\" ) ;","Panel ( 1 ) | AddPanelOrnaments ( { \"dashboardFilter\" : { \"singleSelect\" : \"Single Select\" , \"viewType\" : \"List\" , \"instances\" : [ \"YEAR\" ] } } ) | RetrievePanelOrnaments ( \"dashboardFilter\" ) ;","if ( ( FrameHeaderExists ( YEAR ) ) , ( SetFrameFilter ( ( YEAR == [ 2005 ] ) ) ) , ( false ) ) ;","ifError ( ( Frame ( ) | Select ( STATE_1 , Average ( op_rel_inpat ) ) .as ( [ STATE_1 , Averageofop_rel_inpat ] ) | Group ( STATE_1 ) | With ( Panel ( 0 ) ) | Format ( type = [ 'table' ] ) | TaskOptions ( { \"0\" : { \"layout\" : \"Choropleth\" , \"alignment\" : { \"label\" : [ \"STATE_1\" ] , \"value\" : [ \"Averageofop_rel_inpat\" ] } } } ) | Collect ( 500 ) ) , ( true ) ) ;","if ( ( FrameHeaderExists ( YEAR ) ) , ( SetFrameFilter ( ( YEAR == [ 2006 ] ) ) ) , ( false ) ) ;","ifError ( ( Frame ( ) | Select ( STATE_1 , Average ( op_rel_inpat ) ) .as ( [ STATE_1 , Averageofop_rel_inpat ] ) | Group ( STATE_1 ) | With ( Panel ( 0 ) ) | Format ( type = [ 'table' ] ) | TaskOptions ( { \"0\" : { \"layout\" : \"Choropleth\" , \"alignment\" : { \"label\" : [ \"STATE_1\" ] , \"value\" : [ \"Averageofop_rel_inpat\" ] } } } ) | Collect ( 500 ) ) , ( true ) ) ;","if ( ( FrameHeaderExists ( YEAR ) ) , ( SetFrameFilter ( ( YEAR == [ 2008 ] ) ) ) , ( false ) ) ;","ifError ( ( Frame ( ) | Select ( STATE_1 , Average ( op_rel_inpat ) ) .as ( [ STATE_1 , Averageofop_rel_inpat ] ) | Group ( STATE_1 ) | With ( Panel ( 0 ) ) | Format ( type = [ 'table' ] ) | TaskOptions ( { \"0\" : { \"layout\" : \"Choropleth\" , \"alignment\" : { \"label\" : [ \"STATE_1\" ] , \"value\" : [ \"Averageofop_rel_inpat\" ] } } } ) | Collect ( 500 ) ) , ( true ) ) ;","if ( ( FrameHeaderExists ( YEAR ) ) , ( SetFrameFilter ( ( YEAR == [ 2010 ] ) ) ) , ( false ) ) ;","ifError ( ( Frame ( ) | Select ( STATE_1 , Average ( op_rel_inpat ) ) .as ( [ STATE_1 , Averageofop_rel_inpat ] ) | Group ( STATE_1 ) | With ( Panel ( 0 ) ) | Format ( type = [ 'table' ] ) | TaskOptions ( { \"0\" : { \"layout\" : \"Choropleth\" , \"alignment\" : { \"label\" : [ \"STATE_1\" ] , \"value\" : [ \"Averageofop_rel_inpat\" ] } } } ) | Collect ( 500 ) ) , ( true ) ) ;","if ( ( FrameHeaderExists ( YEAR ) ) , ( SetFrameFilter ( ( YEAR == [ 2011 ] ) ) ) , ( false ) ) ;","ifError ( ( Frame ( ) | Select ( STATE_1 , Average ( op_rel_inpat ) ) .as ( [ STATE_1 , Averageofop_rel_inpat ] ) | Group ( STATE_1 ) | With ( Panel ( 0 ) ) | Format ( type = [ 'table' ] ) | TaskOptions ( { \"0\" : { \"layout\" : \"Choropleth\" , \"alignment\" : { \"label\" : [ \"STATE_1\" ] , \"value\" : [ \"Averageofop_rel_inpat\" ] } } } ) | Collect ( 500 ) ) , ( true ) ) ;","Panel ( 1 ) | Clone ( 2 ) ;","Panel ( 0 ) | SetPanelLabel ( \"Number of Opioid Related Inpatients\" ) ;","if ( ( FrameHeaderExists ( YEAR ) ) , ( SetFrameFilter ( ( YEAR == [ 2015 ] ) ) ) , ( false ) ) ;","ifError ( ( Frame ( ) | Select ( STATE_1 , Average ( op_rel_inpat ) ) .as ( [ STATE_1 , Averageofop_rel_inpat ] ) | Group ( STATE_1 ) | With ( Panel ( 0 ) ) | Format ( type = [ 'table' ] ) | TaskOptions ( { \"0\" : { \"layout\" : \"Choropleth\" , \"alignment\" : { \"label\" : [ \"STATE_1\" ] , \"value\" : [ \"Averageofop_rel_inpat\" ] } } } ) | Collect ( 500 ) ) , ( true ) ) ;","Panel ( 2 ) | SetPanelView ( \"visualization\" ) ;","Panel ( 2 ) | SetPanelView ( \"visualization\" , \"%7B%22type%22%3A%22echarts%22%7D\" ) ;","if ( ( HasDuplicates ( STATE_1 ) ) , ( Select ( STATE_1 , Average ( op_rel_inpat ) ) .as ( [ STATE_1 , Averageofop_rel_inpat ] ) | Group ( STATE_1 ) | With ( Panel ( 2 ) ) | Format ( type = [ 'table' ] ) | TaskOptions ( { \"2\" : { \"layout\" : \"Choropleth\" , \"alignment\" : { \"label\" : [ \"STATE_1\" ] , \"value\" : [ \"Averageofop_rel_inpat\" ] , \"facet\" : [ ] } } } ) | Collect ( 500 ) ) , ( Select ( STATE_1 , op_rel_inpat ) .as ( [ STATE_1 , op_rel_inpat ] ) | With ( Panel ( 2 ) ) | Format ( type = [ 'table' ] ) | TaskOptions ( { \"2\" : { \"layout\" : \"Choropleth\" , \"alignment\" : { \"label\" : [ \"STATE_1\" ] , \"value\" : [ \"op_rel_inpat\" ] , \"facet\" : [ ] } } } ) | Collect ( 500 ) ) ) ;","if ( ( HasDuplicates ( STATE_1 ) ) , ( Select ( STATE_1 , Average ( mme_percap ) ) .as ( [ STATE_1 , Averageofmme_percap ] ) | Group ( STATE_1 ) | With ( Panel ( 2 ) ) | Format ( type = [ 'table' ] ) | TaskOptions ( { \"2\" : { \"layout\" : \"Choropleth\" , \"alignment\" : { \"label\" : [ \"STATE_1\" ] , \"value\" : [ \"Averageofmme_percap\" ] , \"facet\" : [ ] } } } ) | Collect ( 500 ) ) , ( Select ( STATE_1 , mme_percap ) .as ( [ STATE_1 , mme_percap ] ) | With ( Panel ( 2 ) ) | Format ( type = [ 'table' ] ) | TaskOptions ( { \"2\" : { \"layout\" : \"Choropleth\" , \"alignment\" : { \"label\" : [ \"STATE_1\" ] , \"value\" : [ \"mme_percap\" ] , \"facet\" : [ ] } } } ) | Collect ( 500 ) ) ) ;","Panel ( 2 ) | Clone ( 3 ) ;","Panel ( 3 ) | SetPanelView ( \"visualization\" , \"%7B%22type%22%3A%22echarts%22%7D\" ) ;","if ( ( HasDuplicates ( STATE_1 ) ) , ( Select ( STATE_1 , Average ( mme_percap ) ) .as ( [ STATE_1 , Averageofmme_percap ] ) | Group ( STATE_1 ) | With ( Panel ( 3 ) ) | Format ( type = [ 'table' ] ) | TaskOptions ( { \"3\" : { \"layout\" : \"Column\" , \"alignment\" : { \"label\" : [ \"STATE_1\" ] , \"value\" : [ \"Averageofmme_percap\" ] , \"tooltip\" : [ ] , \"facet\" : [ ] } } } ) | Collect ( 500 ) ) , ( Select ( STATE_1 , mme_percap ) .as ( [ STATE_1 , mme_percap ] ) | With ( Panel ( 3 ) ) | Format ( type = [ 'table' ] ) | TaskOptions ( { \"3\" : { \"layout\" : \"Column\" , \"alignment\" : { \"label\" : [ \"STATE_1\" ] , \"value\" : [ \"mme_percap\" ] , \"tooltip\" : [ ] , \"facet\" : [ ] } } } ) | Collect ( 500 ) ) ) ;","if ( ( HasDuplicates ( STATE_1 ) ) , ( Select ( STATE_1 , Average ( mme_percap ) , Average ( op_rel_inpat ) ) .as ( [ STATE_1 , Averageofmme_percap , Averageofop_rel_inpat ] ) | Group ( STATE_1 ) | With ( Panel ( 3 ) ) | Format ( type = [ 'table' ] ) | TaskOptions ( { \"3\" : { \"layout\" : \"Column\" , \"alignment\" : { \"label\" : [ \"STATE_1\" ] , \"value\" : [ \"Averageofmme_percap\" , \"Averageofop_rel_inpat\" ] , \"tooltip\" : [ ] , \"facet\" : [ ] } } } ) | Collect ( 500 ) ) , ( Select ( STATE_1 , mme_percap , op_rel_inpat ) .as ( [ STATE_1 , mme_percap , op_rel_inpat ] ) | With ( Panel ( 3 ) ) | Format ( type = [ 'table' ] ) | TaskOptions ( { \"3\" : { \"layout\" : \"Column\" , \"alignment\" : { \"label\" : [ \"STATE_1\" ] , \"value\" : [ \"mme_percap\" , \"op_rel_inpat\" ] , \"tooltip\" : [ ] , \"facet\" : [ ] } } } ) | Collect ( 500 ) ) ) ;","Panel ( 3 ) | UnsortPanel ( ) ;","Frame ( ) | Select ( STATE_1 , Average ( mme_percap ) , Average ( op_rel_inpat ) ) .as ( [ STATE_1 , Averageofmme_percap , Averageofop_rel_inpat ] ) | Group ( STATE_1 ) | Sort ( columns = [ \"Averageofmme_percap\" ] , sort = [ \"desc\" ] ) | With ( Panel ( 3 ) ) | Format ( type = [ 'table' ] ) | TaskOptions ( { \"3\" : { \"layout\" : \"Column\" , \"alignment\" : { \"label\" : [ \"STATE_1\" ] , \"value\" : [ \"Averageofmme_percap\" , \"Averageofop_rel_inpat\" ] } } } ) | Collect ( 500 ) ;","Panel ( 3 ) | AddPanelOrnaments ( { \"tools\" : { \"shared\" : { \"toggleLegend\" : true } } } ) ;","Panel ( 3 ) | RetrievePanelOrnaments ( \"tools.shared.toggleLegend\" ) ;","Panel ( 3 ) | UnsortPanel ( ) ;","Frame ( ) | Select ( STATE_1 , Average ( mme_percap ) , Average ( op_rel_inpat ) ) .as ( [ STATE_1 , Averageofmme_percap , Averageofop_rel_inpat ] ) | Group ( STATE_1 ) | With ( Panel ( 3 ) ) | Format ( type = [ 'table' ] ) | TaskOptions ( { \"3\" : { \"layout\" : \"Column\" , \"alignment\" : { \"label\" : [ \"STATE_1\" ] , \"value\" : [ \"Averageofmme_percap\" , \"Averageofop_rel_inpat\" ] } } } ) | Collect ( 500 ) ;","Panel ( 3 ) | UnsortPanel ( ) ;","Frame ( ) | Select ( STATE_1 , Average ( mme_percap ) , Average ( op_rel_inpat ) ) .as ( [ STATE_1 , Averageofmme_percap , Averageofop_rel_inpat ] ) | Group ( STATE_1 ) | Sort ( columns = [ \"Averageofop_rel_inpat\" ] , sort = [ \"desc\" ] ) | With ( Panel ( 3 ) ) | Format ( type = [ 'table' ] ) | TaskOptions ( { \"3\" : { \"layout\" : \"Column\" , \"alignment\" : { \"label\" : [ \"STATE_1\" ] , \"value\" : [ \"Averageofmme_percap\" , \"Averageofop_rel_inpat\" ] } } } ) | Collect ( 500 ) ;","Panel ( 3 ) | SetPanelView ( \"federate-view\" ) ;","Panel ( 3 ) | SetPanelView ( \"visualization\" ) ;","Panel ( 2 ) | SetPanelLabel ( \"MMEs per Capita Prescirbed\" ) ;","Panel ( 3 ) | SetPanelLabel ( \"MMEs per Capita and Opioid Related Inpatients\" ) ;","if ( ( FrameHeaderExists ( YEAR ) ) , ( SetFrameFilter ( ( YEAR == [ 2015 ] ) ) ) , ( false ) ) ;","ifError ( ( Frame ( ) | Select ( STATE_1 , Average ( op_rel_inpat ) ) .as ( [ STATE_1 , Averageofop_rel_inpat ] ) | Group ( STATE_1 ) | With ( Panel ( 0 ) ) | Format ( type = [ 'table' ] ) | TaskOptions ( { \"0\" : { \"layout\" : \"Choropleth\" , \"alignment\" : { \"label\" : [ \"STATE_1\" ] , \"value\" : [ \"Averageofop_rel_inpat\" ] } } } ) | Collect ( 500 ) ) , ( true ) ) ;","ifError ( ( Frame ( ) | Select ( STATE_1 , Average ( mme_percap ) ) .as ( [ STATE_1 , Averageofmme_percap ] ) | Group ( STATE_1 ) | With ( Panel ( 2 ) ) | Format ( type = [ 'table' ] ) | TaskOptions ( { \"2\" : { \"layout\" : \"Choropleth\" , \"alignment\" : { \"label\" : [ \"STATE_1\" ] , \"value\" : [ \"Averageofmme_percap\" ] } } } ) | Collect ( 500 ) ) , ( true ) ) ;","ifError ( ( Frame ( ) | Select ( STATE_1 , Average ( mme_percap ) , Average ( op_rel_inpat ) ) .as ( [ STATE_1 , Averageofmme_percap , Averageofop_rel_inpat ] ) | Sort ( columns = [ \"Averageofop_rel_inpat\" ] , sort = [ \"DESC\" ] ) | Group ( STATE_1 ) | With ( Panel ( 3 ) ) | Format ( type = [ 'table' ] ) | TaskOptions ( { \"3\" : { \"layout\" : \"Column\" , \"alignment\" : { \"label\" : [ \"STATE_1\" ] , \"value\" : [ \"Averageofmme_percap\" , \"Averageofop_rel_inpat\" ] } } } ) | Collect ( 500 ) ) , ( true ) ) ;","if ( ( FrameHeaderExists ( YEAR ) ) , ( SetFrameFilter ( ( YEAR == [ 2012 ] ) ) ) , ( false ) ) ;","ifError ( ( Frame ( ) | Select ( STATE_1 , Average ( op_rel_inpat ) ) .as ( [ STATE_1 , Averageofop_rel_inpat ] ) | Group ( STATE_1 ) | With ( Panel ( 0 ) ) | Format ( type = [ 'table' ] ) | TaskOptions ( { \"0\" : { \"layout\" : \"Choropleth\" , \"alignment\" : { \"label\" : [ \"STATE_1\" ] , \"value\" : [ \"Averageofop_rel_inpat\" ] } } } ) | Collect ( 500 ) ) , ( true ) ) ;","ifError ( ( Frame ( ) | Select ( STATE_1 , Average ( mme_percap ) ) .as ( [ STATE_1 , Averageofmme_percap ] ) | Group ( STATE_1 ) | With ( Panel ( 2 ) ) | Format ( type = [ 'table' ] ) | TaskOptions ( { \"2\" : { \"layout\" : \"Choropleth\" , \"alignment\" : { \"label\" : [ \"STATE_1\" ] , \"value\" : [ \"Averageofmme_percap\" ] } } } ) | Collect ( 500 ) ) , ( true ) ) ;","ifError ( ( Frame ( ) | Select ( STATE_1 , Average ( mme_percap ) , Average ( op_rel_inpat ) ) .as ( [ STATE_1 , Averageofmme_percap , Averageofop_rel_inpat ] ) | Sort ( columns = [ \"Averageofop_rel_inpat\" ] , sort = [ \"DESC\" ] ) | Group ( STATE_1 ) | With ( Panel ( 3 ) ) | Format ( type = [ 'table' ] ) | TaskOptions ( { \"3\" : { \"layout\" : \"Column\" , \"alignment\" : { \"label\" : [ \"STATE_1\" ] , \"value\" : [ \"Averageofmme_percap\" , \"Averageofop_rel_inpat\" ] } } } ) | Collect ( 500 ) ) , ( true ) ) ;","if ( ( FrameHeaderExists ( YEAR ) ) , ( SetFrameFilter ( ( YEAR == [ 2016 ] ) ) ) , ( false ) ) ;","ifError ( ( Frame ( ) | Select ( STATE_1 , Average ( op_rel_inpat ) ) .as ( [ STATE_1 , Averageofop_rel_inpat ] ) | Group ( STATE_1 ) | With ( Panel ( 0 ) ) | Format ( type = [ 'table' ] ) | TaskOptions ( { \"0\" : { \"layout\" : \"Choropleth\" , \"alignment\" : { \"label\" : [ \"STATE_1\" ] , \"value\" : [ \"Averageofop_rel_inpat\" ] } } } ) | Collect ( 500 ) ) , ( true ) ) ;","ifError ( ( Frame ( ) | Select ( STATE_1 , Average ( mme_percap ) ) .as ( [ STATE_1 , Averageofmme_percap ] ) | Group ( STATE_1 ) | With ( Panel ( 2 ) ) | Format ( type = [ 'table' ] ) | TaskOptions ( { \"2\" : { \"layout\" : \"Choropleth\" , \"alignment\" : { \"label\" : [ \"STATE_1\" ] , \"value\" : [ \"Averageofmme_percap\" ] } } } ) | Collect ( 500 ) ) , ( true ) ) ;","ifError ( ( Frame ( ) | Select ( STATE_1 , Average ( mme_percap ) , Average ( op_rel_inpat ) ) .as ( [ STATE_1 , Averageofmme_percap , Averageofop_rel_inpat ] ) | Sort ( columns = [ \"Averageofop_rel_inpat\" ] , sort = [ \"DESC\" ] ) | Group ( STATE_1 ) | With ( Panel ( 3 ) ) | Format ( type = [ 'table' ] ) | TaskOptions ( { \"3\" : { \"layout\" : \"Column\" , \"alignment\" : { \"label\" : [ \"STATE_1\" ] , \"value\" : [ \"Averageofmme_percap\" , \"Averageofop_rel_inpat\" ] } } } ) | Collect ( 500 ) ) , ( true ) ) ;","if ( ( FrameHeaderExists ( YEAR ) ) , ( SetFrameFilter ( ( YEAR == [ 2015 ] ) ) ) , ( false ) ) ;","ifError ( ( Frame ( ) | Select ( STATE_1 , Average ( op_rel_inpat ) ) .as ( [ STATE_1 , Averageofop_rel_inpat ] ) | Group ( STATE_1 ) | With ( Panel ( 0 ) ) | Format ( type = [ 'table' ] ) | TaskOptions ( { \"0\" : { \"layout\" : \"Choropleth\" , \"alignment\" : { \"label\" : [ \"STATE_1\" ] , \"value\" : [ \"Averageofop_rel_inpat\" ] } } } ) | Collect ( 500 ) ) , ( true ) ) ;","ifError ( ( Frame ( ) | Select ( STATE_1 , Average ( mme_percap ) ) .as ( [ STATE_1 , Averageofmme_percap ] ) | Group ( STATE_1 ) | With ( Panel ( 2 ) ) | Format ( type = [ 'table' ] ) | TaskOptions ( { \"2\" : { \"layout\" : \"Choropleth\" , \"alignment\" : { \"label\" : [ \"STATE_1\" ] , \"value\" : [ \"Averageofmme_percap\" ] } } } ) | Collect ( 500 ) ) , ( true ) ) ;","ifError ( ( Frame ( ) | Select ( STATE_1 , Average ( mme_percap ) , Average ( op_rel_inpat ) ) .as ( [ STATE_1 , Averageofmme_percap , Averageofop_rel_inpat ] ) | Sort ( columns = [ \"Averageofop_rel_inpat\" ] , sort = [ \"DESC\" ] ) | Group ( STATE_1 ) | With ( Panel ( 3 ) ) | Format ( type = [ 'table' ] ) | TaskOptions ( { \"3\" : { \"layout\" : \"Column\" , \"alignment\" : { \"label\" : [ \"STATE_1\" ] , \"value\" : [ \"Averageofmme_percap\" , \"Averageofop_rel_inpat\" ] } } } ) | Collect ( 500 ) ) , ( true ) ) ;","if ( ( FrameHeaderExists ( YEAR ) ) , ( SetFrameFilter ( ( YEAR == [ 2010 ] ) ) ) , ( false ) ) ;","ifError ( ( Frame ( ) | Select ( STATE_1 , Average ( op_rel_inpat ) ) .as ( [ STATE_1 , Averageofop_rel_inpat ] ) | Group ( STATE_1 ) | With ( Panel ( 0 ) ) | Format ( type = [ 'table' ] ) | TaskOptions ( { \"0\" : { \"layout\" : \"Choropleth\" , \"alignment\" : { \"label\" : [ \"STATE_1\" ] , \"value\" : [ \"Averageofop_rel_inpat\" ] } } } ) | Collect ( 500 ) ) , ( true ) ) ;","ifError ( ( Frame ( ) | Select ( STATE_1 , Average ( mme_percap ) ) .as ( [ STATE_1 , Averageofmme_percap ] ) | Group ( STATE_1 ) | With ( Panel ( 2 ) ) | Format ( type = [ 'table' ] ) | TaskOptions ( { \"2\" : { \"layout\" : \"Choropleth\" , \"alignment\" : { \"label\" : [ \"STATE_1\" ] , \"value\" : [ \"Averageofmme_percap\" ] } } } ) | Collect ( 500 ) ) , ( true ) ) ;","ifError ( ( Frame ( ) | Select ( STATE_1 , Average ( mme_percap ) , Average ( op_rel_inpat ) ) .as ( [ STATE_1 , Averageofmme_percap , Averageofop_rel_inpat ] ) | Sort ( columns = [ \"Averageofop_rel_inpat\" ] , sort = [ \"DESC\" ] ) | Group ( STATE_1 ) | With ( Panel ( 3 ) ) | Format ( type = [ 'table' ] ) | TaskOptions ( { \"3\" : { \"layout\" : \"Column\" , \"alignment\" : { \"label\" : [ \"STATE_1\" ] , \"value\" : [ \"Averageofmme_percap\" , \"Averageofop_rel_inpat\" ] } } } ) | Collect ( 500 ) ) , ( true ) ) ;","Panel ( 1 ) | SetPanelLabel ( \"Filter by Year\" ) ;"]}