{"insightID":"5a23c94b-617d-4602-8f88-4e0be442df06","pixelReturn":[{"pixelExpression":"ifError ( ( Frame ( ) | Select ( STATE_1 , Average ( op_rel_inpat ) ) .as ( [ STATE_1 , Averageofop_rel_inpat ] ) | Group ( STATE_1 ) | With ( Panel ( 0 ) ) | Format ( type = [ 'table' ] ) | TaskOptions ( { \"0\" : { \"layout\" : \"Choropleth\" , \"alignment\" : { \"label\" : [ \"STATE_1\" ] , \"value\" : [ \"Averageofop_rel_inpat\" ] } } } ) | Collect ( 500 ) ) , ( true ) ) ;","isMeta":false,"output":{"data":{"values":[["Alabama",null],["Alaska",null],["Arizona",193.4],["Arkansas",116.4],["California",139.2],["Colorado",151.8],["Connecticut",267.7],["Delaware",null],["District_of_Columbia",null],["Florida",194.0],["Georgia",76.2],["Hawaii",114.6],["Idaho",null],["Illinois",331.4],["Indiana",157.1],["Iowa",63.7],["Kansas",127.7],["Kentucky",242.8],["Louisiana",161.0],["Maine",292.6],["Maryland",439.3],["Massachusetts",289.1],["Michigan",204.7],["Minnesota",194.2],["Mississippi",null],["Missouri",215.3],["Montana",164.4],["Nebraska",87.8],["Nevada",145.1],["New_Hampshire",null],["New_Jersey",254.1],["New_Mexico",191.4],["New_York",349.7],["North_Carolina",138.8],["North_Dakota",null],["Ohio",200.9],["Oklahoma",138.3],["Oregon",194.9],["Pennsylvania",184.8],["Puerto_Rico",null],["Rhode_Island",271.6],["South_Carolina",120.2],["South_Dakota",100.9],["Tennessee",186.3],["Texas",87.1],["Utah",138.8],["Vermont",144.7],["Virginia",126.0],["Washington",209.8],["West_Virginia",260.6],["Wisconsin",193.7],["Wyoming",75.8]],"headers":["STATE_1","Averageofop_rel_inpat"],"rawHeaders":["STATE_1","Averageofop_rel_inpat"]},"format":{"type":"TABLE"},"headerInfo":[{"alias":"STATE_1","header":"STATE_1","type":"STRING","derived":false},{"alias":"Averageofop_rel_inpat","header":"Averageofop_rel_inpat","calculatedBy":"op_rel_inpat","math":"Average","groupBy":["STATE_1"],"type":"NUMBER","derived":true}],"sortInfo":[],"numCollected":500,"taskOptions":{"0":{"layout":"Choropleth","alignment":{"label":["STATE_1"],"value":["Averageofop_rel_inpat"]}}},"filterInfo":[],"taskId":"task1"},"operationType":["TASK_DATA"]},{"pixelExpression":"Panel ( 0 ) | Clone ( 1 ) ;","isMeta":false,"output":{"original":{"panelId":"0","panelLabel":"Number of Opioid Related Inpatients","view":"visualization","viewOptions":"{\"type\":\"echarts\"}","viewOptionsMap":{"federate-view":{"app_id":"fd5c8fbb-8f7b-4b71-901c-3e45c166bdab"},"visualization":{"type":"echarts"}},"ornaments":{},"events":{"onSingleClick":{"Unfilter":[{"disabledVisuals":["Grid","Sunburst"],"default":true,"query":"UnfilterFrame(<SelectedColumn>);","options":{},"refresh":false,"disabled":false,"panel":""}]},"onBrush":{"Filter":[{"default":true,"query":"if(IsEmpty(<SelectedValues>), UnfilterFrame(<SelectedColumn>), SetFrameFilter(<SelectedColumn>==<SelectedValues>));","options":{},"refresh":false,"disabled":false,"panel":""}]}},"grf":[],"orderBys":[],"comments":{},"position":{},"colorByValue":{}},"clone":{"panelId":"1","panelLabel":"Number of Opioid Related Inpatients Clone","view":"visualization","viewOptions":"{\"type\":\"echarts\"}","viewOptionsMap":{"federate-view":{"app_id":"fd5c8fbb-8f7b-4b71-901c-3e45c166bdab"},"visualization":{"type":"echarts"}},"ornaments":{},"events":{"onSingleClick":{"Unfilter":[{"disabledVisuals":["Grid","Sunburst"],"default":true,"query":"UnfilterFrame(<SelectedColumn>);","options":{},"refresh":false,"disabled":false,"panel":""}]},"onBrush":{"Filter":[{"default":true,"query":"if(IsEmpty(<SelectedValues>), UnfilterFrame(<SelectedColumn>), SetFrameFilter(<SelectedColumn>==<SelectedValues>));","options":{},"refresh":false,"disabled":false,"panel":""}]}},"grf":[],"orderBys":[],"comments":{},"position":{},"colorByValue":{}}},"operationType":["PANEL_CLONE"]},{"pixelExpression":"if ( ( HasDuplicates ( STATE_1 ) ) , ( Select ( STATE_1 , Average ( mme_percap ) ) .as ( [ STATE_1 , Averageofmme_percap ] ) | Group ( STATE_1 ) | With ( Panel ( 2 ) ) | Format ( type = [ 'table' ] ) | TaskOptions ( { \"2\" : { \"layout\" : \"Choropleth\" , \"alignment\" : { \"label\" : [ \"STATE_1\" ] , \"value\" : [ \"Averageofmme_percap\" ] , \"facet\" : [ ] } } } ) | Collect ( 500 ) ) , ( Select ( STATE_1 , mme_percap ) .as ( [ STATE_1 , mme_percap ] ) | With ( Panel ( 2 ) ) | Format ( type = [ 'table' ] ) | TaskOptions ( { \"2\" : { \"layout\" : \"Choropleth\" , \"alignment\" : { \"label\" : [ \"STATE_1\" ] , \"value\" : [ \"mme_percap\" ] , \"facet\" : [ ] } } } ) | Collect ( 500 ) ) ) ;","isMeta":false,"output":{"data":{"values":[["Alabama",1085.84],["Alaska",829.95],["Arizona",984.46],["Arkansas",1065.87],["California",577.7],["Colorado",699.98],["Connecticut",732.85],["Delaware",1453.09],["District_of_Columbia",240.3],["Florida",1341.11],["Georgia",740.93],["Hawaii",588.44],["Idaho",785.17],["Illinois",451.1],["Indiana",1009.22],["Iowa",522.58],["Kansas",773.53],["Kentucky",1147.13],["Louisiana",854.19],["Maine",1044.05],["Maryland",815.62],["Massachusetts",589.67],["Michigan",893.62],["Minnesota",450.17],["Mississippi",863.5],["Missouri",839.99],["Montana",888.3],["Nebraska",530.47],["Nevada",1286.63],["New_Hampshire",829.29],["New_Jersey",737.15],["New_Mexico",827.59],["New_York",604.65],["North_Carolina",856.08],["North_Dakota",499.74],["Ohio",902.52],["Oklahoma",1183.47],["Oregon",1026.26],["Pennsylvania",844.82],["Puerto_Rico",null],["Rhode_Island",694.65],["South_Carolina",834.65],["South_Dakota",495.19],["Tennessee",1298.65],["Texas",544.2],["Utah",895.96],["Vermont",507.2],["Virginia",675.93],["Washington",769.0],["West_Virginia",1285.48],["Wisconsin",695.72],["Wyoming",657.72]],"headers":["STATE_1","Averageofmme_percap"],"rawHeaders":["STATE_1","Averageofmme_percap"]},"format":{"type":"TABLE"},"headerInfo":[{"alias":"STATE_1","header":"STATE_1","type":"STRING","derived":false},{"alias":"Averageofmme_percap","header":"Averageofmme_percap","calculatedBy":"mme_percap","math":"Average","groupBy":["STATE_1"],"type":"NUMBER","derived":true}],"sortInfo":[],"numCollected":500,"taskOptions":{"2":{"layout":"Choropleth","alignment":{"label":["STATE_1"],"value":["Averageofmme_percap"],"facet":[]}}},"filterInfo":[],"taskId":"task23"},"operationType":["TASK_DATA"]},{"pixelExpression":"ifError ( ( Frame ( ) | Select ( STATE_1 , Average ( op_rel_inpat ) ) .as ( [ STATE_1 , Averageofop_rel_inpat ] ) | Group ( STATE_1 ) | With ( Panel ( 0 ) ) | Format ( type = [ 'table' ] ) | TaskOptions ( { \"0\" : { \"layout\" : \"Choropleth\" , \"alignment\" : { \"label\" : [ \"STATE_1\" ] , \"value\" : [ \"Averageofop_rel_inpat\" ] } } } ) | Collect ( 500 ) ) , ( true ) ) ;","isMeta":false,"output":{"data":{"values":[["Alabama",null],["Alaska",null],["Arizona",193.4],["Arkansas",116.4],["California",139.2],["Colorado",151.8],["Connecticut",267.7],["Delaware",null],["District_of_Columbia",null],["Florida",194.0],["Georgia",76.2],["Hawaii",114.6],["Idaho",null],["Illinois",331.4],["Indiana",157.1],["Iowa",63.7],["Kansas",127.7],["Kentucky",242.8],["Louisiana",161.0],["Maine",292.6],["Maryland",439.3],["Massachusetts",289.1],["Michigan",204.7],["Minnesota",194.2],["Mississippi",null],["Missouri",215.3],["Montana",164.4],["Nebraska",87.8],["Nevada",145.1],["New_Hampshire",null],["New_Jersey",254.1],["New_Mexico",191.4],["New_York",349.7],["North_Carolina",138.8],["North_Dakota",null],["Ohio",200.9],["Oklahoma",138.3],["Oregon",194.9],["Pennsylvania",184.8],["Puerto_Rico",null],["Rhode_Island",271.6],["South_Carolina",120.2],["South_Dakota",100.9],["Tennessee",186.3],["Texas",87.1],["Utah",138.8],["Vermont",144.7],["Virginia",126.0],["Washington",209.8],["West_Virginia",260.6],["Wisconsin",193.7],["Wyoming",75.8]],"headers":["STATE_1","Averageofop_rel_inpat"],"rawHeaders":["STATE_1","Averageofop_rel_inpat"]},"format":{"type":"TABLE"},"headerInfo":[{"alias":"STATE_1","header":"STATE_1","type":"STRING","derived":false},{"alias":"Averageofop_rel_inpat","header":"Averageofop_rel_inpat","calculatedBy":"op_rel_inpat","math":"Average","groupBy":["STATE_1"],"type":"NUMBER","derived":true}],"sortInfo":[],"numCollected":500,"taskOptions":{"0":{"layout":"Choropleth","alignment":{"label":["STATE_1"],"value":["Averageofop_rel_inpat"]}}},"filterInfo":[],"taskId":"task3"},"operationType":["TASK_DATA"]},{"pixelExpression":"ifError ( ( Frame ( ) | Select ( STATE_1 , Average ( mme_percap ) ) .as ( [ STATE_1 , Averageofmme_percap ] ) | Group ( STATE_1 ) | With ( Panel ( 2 ) ) | Format ( type = [ 'table' ] ) | TaskOptions ( { \"2\" : { \"layout\" : \"Choropleth\" , \"alignment\" : { \"label\" : [ \"STATE_1\" ] , \"value\" : [ \"Averageofmme_percap\" ] } } } ) | Collect ( 500 ) ) , ( true ) ) ;","isMeta":false,"output":{"data":{"values":[["Alabama",1085.84],["Alaska",829.95],["Arizona",984.46],["Arkansas",1065.87],["California",577.7],["Colorado",699.98],["Connecticut",732.85],["Delaware",1453.09],["District_of_Columbia",240.3],["Florida",1341.11],["Georgia",740.93],["Hawaii",588.44],["Idaho",785.17],["Illinois",451.1],["Indiana",1009.22],["Iowa",522.58],["Kansas",773.53],["Kentucky",1147.13],["Louisiana",854.19],["Maine",1044.05],["Maryland",815.62],["Massachusetts",589.67],["Michigan",893.62],["Minnesota",450.17],["Mississippi",863.5],["Missouri",839.99],["Montana",888.3],["Nebraska",530.47],["Nevada",1286.63],["New_Hampshire",829.29],["New_Jersey",737.15],["New_Mexico",827.59],["New_York",604.65],["North_Carolina",856.08],["North_Dakota",499.74],["Ohio",902.52],["Oklahoma",1183.47],["Oregon",1026.26],["Pennsylvania",844.82],["Puerto_Rico",null],["Rhode_Island",694.65],["South_Carolina",834.65],["South_Dakota",495.19],["Tennessee",1298.65],["Texas",544.2],["Utah",895.96],["Vermont",507.2],["Virginia",675.93],["Washington",769.0],["West_Virginia",1285.48],["Wisconsin",695.72],["Wyoming",657.72]],"headers":["STATE_1","Averageofmme_percap"],"rawHeaders":["STATE_1","Averageofmme_percap"]},"format":{"type":"TABLE"},"headerInfo":[{"alias":"STATE_1","header":"STATE_1","type":"STRING","derived":false},{"alias":"Averageofmme_percap","header":"Averageofmme_percap","calculatedBy":"mme_percap","math":"Average","groupBy":["STATE_1"],"type":"NUMBER","derived":true}],"sortInfo":[],"numCollected":500,"taskOptions":{"2":{"layout":"Choropleth","alignment":{"label":["STATE_1"],"value":["Averageofmme_percap"]}}},"filterInfo":[],"taskId":"task25"},"operationType":["TASK_DATA"]},{"pixelExpression":"ifError ( ( Frame ( ) | Select ( STATE_1 , Average ( mme_percap ) , Average ( op_rel_inpat ) ) .as ( [ STATE_1 , Averageofmme_percap , Averageofop_rel_inpat ] ) | Sort ( columns = [ \"Averageofop_rel_inpat\" ] , sort = [ \"DESC\" ] ) | Group ( STATE_1 ) | With ( Panel ( 3 ) ) | Format ( type = [ 'table' ] ) | TaskOptions ( { \"3\" : { \"layout\" : \"Column\" , \"alignment\" : { \"label\" : [ \"STATE_1\" ] , \"value\" : [ \"Averageofmme_percap\" , \"Averageofop_rel_inpat\" ] } } } ) | Collect ( 500 ) ) , ( true ) ) ;","isMeta":false,"output":{"data":{"values":[["Maryland",815.62,439.3],["New_York",604.65,349.7],["Illinois",451.1,331.4],["Maine",1044.05,292.6],["Massachusetts",589.67,289.1],["Rhode_Island",694.65,271.6],["Connecticut",732.85,267.7],["West_Virginia",1285.48,260.6],["New_Jersey",737.15,254.1],["Kentucky",1147.13,242.8],["Missouri",839.99,215.3],["Washington",769.0,209.8],["Michigan",893.62,204.7],["Ohio",902.52,200.9],["Oregon",1026.26,194.9],["Minnesota",450.17,194.2],["Florida",1341.11,194.0],["Wisconsin",695.72,193.7],["Arizona",984.46,193.4],["New_Mexico",827.59,191.4],["Tennessee",1298.65,186.3],["Pennsylvania",844.82,184.8],["Montana",888.3,164.4],["Louisiana",854.19,161.0],["Indiana",1009.22,157.1],["Colorado",699.98,151.8],["Nevada",1286.63,145.1],["Vermont",507.2,144.7],["California",577.7,139.2],["Utah",895.96,138.8],["North_Carolina",856.08,138.8],["Oklahoma",1183.47,138.3],["Kansas",773.53,127.7],["Virginia",675.93,126.0],["South_Carolina",834.65,120.2],["Arkansas",1065.87,116.4],["Hawaii",588.44,114.6],["South_Dakota",495.19,100.9],["Nebraska",530.47,87.8],["Texas",544.2,87.1],["Georgia",740.93,76.2],["Wyoming",657.72,75.8],["Iowa",522.58,63.7],["New_Hampshire",829.29,null],["Alaska",829.95,null],["District_of_Columbia",240.3,null],["North_Dakota",499.74,null],["Puerto_Rico",null,null],["Mississippi",863.5,null],["Alabama",1085.84,null],["Idaho",785.17,null],["Delaware",1453.09,null]],"headers":["STATE_1","Averageofmme_percap","Averageofop_rel_inpat"],"rawHeaders":["STATE_1","Averageofmme_percap","Averageofop_rel_inpat"]},"format":{"type":"TABLE"},"headerInfo":[{"alias":"STATE_1","header":"STATE_1","type":"STRING","derived":false},{"alias":"Averageofmme_percap","header":"Averageofmme_percap","calculatedBy":"mme_percap","math":"Average","groupBy":["STATE_1"],"type":"NUMBER","derived":true},{"alias":"Averageofop_rel_inpat","header":"Averageofop_rel_inpat","calculatedBy":"op_rel_inpat","math":"Average","groupBy":["STATE_1"],"type":"NUMBER","derived":true}],"sortInfo":[{"alias":"Averageofop_rel_inpat","header":"Averageofop_rel_inpat","dir":"DESC","derived":false}],"numCollected":500,"taskOptions":{"3":{"layout":"Column","alignment":{"label":["STATE_1"],"value":["Averageofmme_percap","Averageofop_rel_inpat"]}}},"filterInfo":[],"taskId":"task27"},"operationType":["TASK_DATA"]}]}