{"engineId":"fd5c8fbb-8f7b-4b71-901c-3e45c166bdab","engineName":"State_Opioid","rdbmsId":"9b48a58e-c38c-47e6-9498-69a0f4c6d30d","varstore":{},"frames":[{"file":"@BaseFolder@\\db\\@ENGINE@\\version\\9b48a58e-c38c-47e6-9498-69a0f4c6d30d\\FRAME967917.gz","meta":"@BaseFolder@\\db\\@ENGINE@\\version\\9b48a58e-c38c-47e6-9498-69a0f4c6d30d\\METADATA__FRAME967917.owl","state":null,"type":"prerna.ds.h2.H2Frame","name":"FRAME967917","keys":["$CUR_FRAME_KEY","FRAME967917"]}],"panels":[{"panelId":"0","panelLabel":"Number of Facilities that Provide Substance Abuse Services","view":"visualization","viewOptions":"{\"type\":\"echarts\"}","viewOptionsMap":"{\"federate-view\":{\"app_id\":\"fd5c8fbb-8f7b-4b71-901c-3e45c166bdab\"},\"visualization\":{\"type\":\"echarts\"}}","ornaments":"{\"tools\":{\"shared\":{\"toggleAverage\":true}}}","events":"{\"onSingleClick\":{\"Unfilter\":[{\"disabledVisuals\":[\"Grid\",\"Sunburst\"],\"default\":true,\"query\":\"UnfilterFrame(<SelectedColumn>);\",\"options\":{},\"refresh\":false,\"disabled\":false,\"panel\":\"\"}]},\"onBrush\":{\"Filter\":[{\"default\":true,\"query\":\"if(IsEmpty(<SelectedValues>), UnfilterFrame(<SelectedColumn>), SetFrameFilter(<SelectedColumn>==<SelectedValues>));\",\"options\":{},\"refresh\":false,\"disabled\":false,\"panel\":\"\"}]}}","comments":"{}","position":"{}","filters":[],"order":[],"cbv":{}},{"panelId":"1","panelLabel":"Year Filter","view":"DashboardFilter","viewOptions":null,"viewOptionsMap":"{\"federate-view\":{\"app_id\":\"fd5c8fbb-8f7b-4b71-901c-3e45c166bdab\"},\"visualization\":{\"type\":\"echarts\"}}","ornaments":"{\"tools\":{\"shared\":{\"toggleAverage\":true}},\"dashboardFilter\":{\"instances\":[\"YEAR\"],\"viewType\":\"List\",\"singleSelect\":\"Multi Select\"}}","events":"{\"onSingleClick\":{\"Unfilter\":[{\"disabledVisuals\":[\"Grid\",\"Sunburst\"],\"default\":true,\"query\":\"UnfilterFrame(<SelectedColumn>);\",\"options\":{},\"refresh\":false,\"disabled\":false,\"panel\":\"\"}]},\"onBrush\":{\"Filter\":[{\"default\":true,\"query\":\"if(IsEmpty(<SelectedValues>), UnfilterFrame(<SelectedColumn>), SetFrameFilter(<SelectedColumn>==<SelectedValues>));\",\"options\":{},\"refresh\":false,\"disabled\":false,\"panel\":\"\"}]}}","comments":"{}","position":"{}","filters":[],"order":[],"cbv":{}}],"tasks":{"tasks":[{"type":"basic","task":{"taskType":"basic","id":"task1","numCollected":500,"internalOffset":0,"taskOptions":"{\"options\":{\"0\":{\"layout\":\"Grid\",\"alignment\":{\"label\":[\"Med_SA_fac\",\"STATEABBREVIATION\",\"STATEDATAPIVOTED\",\"STATE_1\",\"YEAR\"]}}}}","qs":{"qsType":"FRAME","isDistinct":true,"overrideImplicit":false,"limit":0,"offset":0,"relations":"[]","selectors":["COLUMN",{"table":"FRAME967917","column":"Med_SA_fac","alias":"Med_SA_fac","tableAlias":null},"COLUMN",{"table":"FRAME967917","column":"STATEABBREVIATION","alias":"STATEABBREVIATION","tableAlias":null},"COLUMN",{"table":"FRAME967917","column":"STATEDATAPIVOTED","alias":"STATEDATAPIVOTED","tableAlias":null},"COLUMN",{"table":"FRAME967917","column":"STATE_1","alias":"STATE_1","tableAlias":null},"COLUMN",{"table":"FRAME967917","column":"YEAR","alias":"YEAR","tableAlias":null}]}}},{"type":"basic","task":{"taskType":"basic","id":"task3","numCollected":500,"internalOffset":0,"taskOptions":"{\"options\":{\"0\":{\"layout\":\"Column\",\"alignment\":{\"tooltip\":[],\"label\":[\"STATEABBREVIATION\"],\"value\":[\"AverageofMed_SA_fac\"],\"facet\":[]}}}}","qs":{"qsType":"FRAME","isDistinct":true,"overrideImplicit":false,"limit":0,"offset":0,"relations":"[]","groups":["{\"column\":\"PRIM_KEY_PLACEHOLDER\",\"table\":\"STATEABBREVIATION\",\"alias\":\"\"}"],"selectors":["COLUMN",{"table":"STATEABBREVIATION","column":"PRIM_KEY_PLACEHOLDER","alias":"STATEABBREVIATION","tableAlias":null},"FUNCTION",{"alias":"AverageofMed_SA_fac","function":"mean","distinct":false,"colCast":"","innerSelectors":["COLUMN",{"table":"Med_SA_fac","column":"PRIM_KEY_PLACEHOLDER","alias":"Med_SA_fac","tableAlias":null}]}]}}}],"taskCounter":4},"recipe":["AddPanel ( 0 ) ;","Panel ( 0 ) | AddPanelEvents ( { \"onSingleClick\" : { \"Unfilter\" : [ { \"panel\" : \"\" , \"query\" : \"UnfilterFrame(%3CSelectedColumn%3E)%3B\" , \"options\" : { } , \"refresh\" : false , \"default\" : true , \"disabledVisuals\" : [ \"Grid\" , \"Sunburst\" ] , \"disabled\" : false } ] } , \"onBrush\" : { \"Filter\" : [ { \"panel\" : \"\" , \"query\" : \"if(IsEmpty(%3CSelectedValues%3E)%2C%20UnfilterFrame(%3CSelectedColumn%3E)%2C%20SetFrameFilter(%3CSelectedColumn%3E%3D%3D%3CSelectedValues%3E))%3B\" , \"options\" : { } , \"refresh\" : false , \"default\" : true , \"disabled\" : false } ] } } ) ;","Panel ( 0 ) | RetrievePanelEvents ( ) ;","Panel ( 0 ) | SetPanelView ( \"visualization\" , \"%7B%22type%22%3A%22echarts%22%7D\" ) ;","Panel ( 0 ) | SetPanelView ( \"federate-view\" , \"%7B%22app_id%22%3A%22fd5c8fbb-8f7b-4b71-901c-3e45c166bdab%22%7D\" ) ;","CreateFrame ( frameType = [ GRID ] , override = [ true ] ) .as ( [ 'FRAME967917' ] ) ;","Database ( database = [ \"fd5c8fbb-8f7b-4b71-901c-3e45c166bdab\" ] ) | Select ( STATEDATAPIVOTED , STATEDATAPIVOTED__YEAR , STATEDATAPIVOTED__STATE_1 , STATEDATAPIVOTED__STATEABBREVIATION , STATEDATAPIVOTED__Med_SA_fac ) .as ( [ STATEDATAPIVOTED , YEAR , STATE_1 , STATEABBREVIATION , Med_SA_fac ] ) | Import ( frame = [ FRAME967917 ] ) ;","Panel ( 0 ) | SetPanelView ( \"visualization\" ) ;","Frame ( frame = [ FRAME967917 ] ) | QueryAll ( ) | AutoTaskOptions ( panel = [ \"0\" ] , layout = [ \"Grid\" ] ) | Collect ( 500 ) ;","Panel ( 0 ) | SetPanelView ( \"visualization\" , \"%7B%22type%22%3A%22echarts%22%7D\" ) ;","if ( ( HasDuplicates ( STATEABBREVIATION ) ) , ( Select ( STATEABBREVIATION , Average ( Med_SA_fac ) ) .as ( [ STATEABBREVIATION , AverageofMed_SA_fac ] ) | Group ( STATEABBREVIATION ) | With ( Panel ( 0 ) ) | Format ( type = [ 'table' ] ) | TaskOptions ( { \"0\" : { \"layout\" : \"Column\" , \"alignment\" : { \"label\" : [ \"STATEABBREVIATION\" ] , \"value\" : [ \"AverageofMed_SA_fac\" ] , \"tooltip\" : [ ] , \"facet\" : [ ] } } } ) | Collect ( 500 ) ) , ( Select ( STATEABBREVIATION , Med_SA_fac ) .as ( [ STATEABBREVIATION , Med_SA_fac ] ) | With ( Panel ( 0 ) ) | Format ( type = [ 'table' ] ) | TaskOptions ( { \"0\" : { \"layout\" : \"Column\" , \"alignment\" : { \"label\" : [ \"STATEABBREVIATION\" ] , \"value\" : [ \"Med_SA_fac\" ] , \"tooltip\" : [ ] , \"facet\" : [ ] } } } ) | Collect ( 500 ) ) ) ;","Panel ( 0 ) | AddPanelOrnaments ( { \"tools\" : { \"shared\" : { \"toggleAverage\" : true } } } ) ;","Panel ( 0 ) | RetrievePanelOrnaments ( \"tools.shared.toggleAverage\" ) ;","Panel ( 0 ) | Clone ( 1 ) ;","Panel ( 1 ) | SetPanelView ( \"DashboardFilter\" ) ;","Panel ( 1 ) | AddPanelOrnaments ( { \"dashboardFilter\" : { \"singleSelect\" : \"Multi Select\" , \"viewType\" : \"List\" , \"instances\" : [ \"YEAR\" ] } } ) | RetrievePanelOrnaments ( \"dashboardFilter\" ) ;","Panel ( 1 ) | SetPanelLabel ( \"Year Filter\" ) ;","Panel ( 0 ) | SetPanelLabel ( \"Facilities that Provide Substance Abuse Services\" ) ;","Panel ( 0 ) | SetPanelLabel ( \"Number of Facilities that Provide Substance Abuse Services\" ) ;"]}