{"insightID":"0b3de07e-28b2-404a-8a9e-f5ae1cdc4e25","pixelReturn":[{"pixelExpression":"if ( ( HasDuplicates ( STATEABBREVIATION ) ) , ( Select ( STATEABBREVIATION , Average ( HIVincidence ) , Average ( HIVprevalence ) ) .as ( [ STATEABBREVIATION , AverageofHIVincidence , AverageofHIVprevalence ] ) | Group ( STATEABBREVIATION ) | With ( Panel ( 0 ) ) | Format ( type = [ 'table' ] ) | TaskOptions ( { \"0\" : { \"layout\" : \"Column\" , \"alignment\" : { \"label\" : [ \"STATEABBREVIATION\" ] , \"value\" : [ \"AverageofHIVincidence\" , \"AverageofHIVprevalence\" ] , \"tooltip\" : [ ] , \"facet\" : [ ] } } } ) | Collect ( 500 ) ) , ( Select ( STATEABBREVIATION , HIVincidence , HIVprevalence ) .as ( [ STATEABBREVIATION , HIVincidence , HIVprevalence ] ) | With ( Panel ( 0 ) ) | Format ( type = [ 'table' ] ) | TaskOptions ( { \"0\" : { \"layout\" : \"Column\" , \"alignment\" : { \"label\" : [ \"STATEABBREVIATION\" ] , \"value\" : [ \"HIVincidence\" , \"HIVprevalence\" ] , \"tooltip\" : [ ] , \"facet\" : [ ] } } } ) | Collect ( 500 ) ) ) ;","isMeta":false,"output":{"data":{"values":[["AK",5.066666666666666,108.02499999999999],["AL",16.522222222222222,284.37500000000006],["AR",11.033333333333335,194.03750000000002],["AZ",12.355555555555556,242.975],["CA",16.444444444444443,356.55],["CO",9.0,248.4],["CT",10.677777777777779,336.56249999999994],["DC",115.46666666666667,2634.6],["DE",16.555555555555557,404.525],["FL",29.333333333333332,584.45],["GA",33.02222222222222,521.25],["HI",8.2,219.04999999999995],["IA",4.488888888888889,80.2375],["ID",3.044444444444444,72.2875],["IL",15.322222222222223,304.125],["IN",9.111111111111112,173.3],["KS",6.122222222222223,112.8875],["KY",9.322222222222221,156.16249999999997],["LA",30.033333333333335,456.0125],["MA",12.211111111111112,319.375],["MD",30.533333333333335,600.4625000000001],["ME",4.233333333333333,111.41250000000001],["MI",9.277777777777779,169.0625],["MN",7.122222222222222,156.24999999999997],["MO",10.177777777777777,216.78750000000002],["MS",19.733333333333334,343.8],["MT",2.477777777777778,54.75],["NC",17.8,325.6625],["ND",3.144444444444444,40.637499999999996],["NE",5.955555555555557,118.94999999999999],["NH",3.5555555555555554,100.575],["NJ",17.299999999999997,471.2625],["NM",8.244444444444445,166.75],["NV",18.28888888888889,330.85],["NY",22.46666666666666,745.5375],["OH",10.399999999999999,188.6875],["OK",9.677777777777777,164.2375],["OR",7.433333333333333,175.55],["PA",13.066666666666665,292.4375],["PR",22.96666666666667,538.6875],["RI",10.411111111111111,239.55],["SC",18.53333333333333,385.9625],["SD",4.055555555555555,61.825],["TN",15.500000000000004,284.1625],["TX",20.855555555555554,336.2875],["UT",5.233333333333333,108.6125],["VA",14.177777777777779,291.4625],["VT",2.8333333333333335,100.1625],["WA",8.399999999999999,192.3375],["WI",4.966666666666667,110.33749999999999],["WV",5.055555555555555,105.86249999999998],["WY",3.5,53.224999999999994]],"headers":["STATEABBREVIATION","AverageofHIVincidence","AverageofHIVprevalence"],"rawHeaders":["STATEABBREVIATION","AverageofHIVincidence","AverageofHIVprevalence"]},"format":{"type":"TABLE"},"headerInfo":[{"alias":"STATEABBREVIATION","header":"STATEABBREVIATION","type":"STRING","derived":false},{"alias":"AverageofHIVincidence","header":"AverageofHIVincidence","calculatedBy":"HIVincidence","math":"Average","groupBy":["STATEABBREVIATION"],"type":"NUMBER","derived":true},{"alias":"AverageofHIVprevalence","header":"AverageofHIVprevalence","calculatedBy":"HIVprevalence","math":"Average","groupBy":["STATEABBREVIATION"],"type":"NUMBER","derived":true}],"sortInfo":[],"numCollected":500,"taskOptions":{"0":{"layout":"Column","alignment":{"tooltip":[],"label":["STATEABBREVIATION"],"value":["AverageofHIVincidence","AverageofHIVprevalence"],"facet":[]}}},"filterInfo":[],"taskId":"task1"},"operationType":["TASK_DATA"]},{"pixelExpression":"Panel ( 0 ) | Clone ( 1 ) ;","isMeta":false,"output":{"original":{"panelId":"0","panelLabel":"HIV Incidence and Prevalence","view":"visualization","viewOptions":"{\"type\":\"echarts\"}","viewOptionsMap":{"federate-view":{"app_id":"fd5c8fbb-8f7b-4b71-901c-3e45c166bdab"},"visualization":{"type":"echarts"}},"ornaments":{"tools":{"shared":{"toggleLegend":true,"toggleAverage":true}}},"events":{"onSingleClick":{"Unfilter":[{"disabledVisuals":["Grid","Sunburst"],"default":true,"query":"UnfilterFrame(<SelectedColumn>);","options":{},"refresh":false,"disabled":false,"panel":""}]},"onBrush":{"Filter":[{"default":true,"query":"if(IsEmpty(<SelectedValues>), UnfilterFrame(<SelectedColumn>), SetFrameFilter(<SelectedColumn>==<SelectedValues>));","options":{},"refresh":false,"disabled":false,"panel":""}]}},"grf":[],"orderBys":[],"comments":{},"position":{},"colorByValue":{}},"clone":{"panelId":"1","panelLabel":"HIV Incidence and Prevalence Clone","view":"visualization","viewOptions":"{\"type\":\"echarts\"}","viewOptionsMap":{"federate-view":{"app_id":"fd5c8fbb-8f7b-4b71-901c-3e45c166bdab"},"visualization":{"type":"echarts"}},"ornaments":{"tools":{"shared":{"toggleLegend":true,"toggleAverage":true}}},"events":{"onSingleClick":{"Unfilter":[{"disabledVisuals":["Grid","Sunburst"],"default":true,"query":"UnfilterFrame(<SelectedColumn>);","options":{},"refresh":false,"disabled":false,"panel":""}]},"onBrush":{"Filter":[{"default":true,"query":"if(IsEmpty(<SelectedValues>), UnfilterFrame(<SelectedColumn>), SetFrameFilter(<SelectedColumn>==<SelectedValues>));","options":{},"refresh":false,"disabled":false,"panel":""}]}},"grf":[],"orderBys":[],"comments":{},"position":{},"colorByValue":{}}},"operationType":["PANEL_CLONE"]}]}