{"engineId":"fd5c8fbb-8f7b-4b71-901c-3e45c166bdab","engineName":"State_Opioid","rdbmsId":"ec8727b6-f719-4037-b848-ffeb8d1764c0","varstore":{},"frames":[{"file":"@BaseFolder@/db/@ENGINE@/version/ec8727b6-f719-4037-b848-ffeb8d1764c0/FRAME766742.gz","meta":"@BaseFolder@/db/@ENGINE@/version/ec8727b6-f719-4037-b848-ffeb8d1764c0/METADATA__FRAME766742.owl","state":null,"type":"prerna.ds.h2.H2Frame","name":"FRAME766742","keys":["$CUR_FRAME_KEY","FRAME766742"]}],"panels":[{"panelId":"0","panelLabel":"Drug Death Rate","view":"visualization","viewOptions":"{\"type\":\"echarts\"}","viewOptionsMap":"{\"federate-view\":{\"app_id\":\"fd5c8fbb-8f7b-4b71-901c-3e45c166bdab\"},\"visualization\":{\"type\":\"echarts\"}}","config":"{}","ornaments":"{}","events":"{\"onSingleClick\":{\"Unfilter\":[{\"disabledVisuals\":[\"Grid\",\"Sunburst\"],\"default\":true,\"query\":\"UnfilterFrame(<SelectedColumn>);\",\"options\":{},\"refresh\":false,\"disabled\":false,\"panel\":\"\"}]},\"onBrush\":{\"Filter\":[{\"default\":true,\"query\":\"if(IsEmpty(<SelectedValues>), UnfilterFrame(<SelectedColumn>), SetFrameFilter(<SelectedColumn>==<SelectedValues>));\",\"options\":{},\"refresh\":false,\"disabled\":false,\"panel\":\"\"}]}}","comments":"{}","position":"{}","filters":[],"order":[],"cbv":{}},{"panelId":"1","panelLabel":"Filter by Year","view":"DashboardFilter","viewOptions":null,"viewOptionsMap":"{\"federate-view\":{\"app_id\":\"fd5c8fbb-8f7b-4b71-901c-3e45c166bdab\"},\"visualization\":{\"type\":\"echarts\"}}","config":"{}","ornaments":"{\"dashboardFilter\":{\"instances\":[\"YEAR\"],\"viewType\":\"List\",\"singleSelect\":\"Single Select\"}}","events":"{\"onSingleClick\":{\"Unfilter\":[{\"disabledVisuals\":[\"Grid\",\"Sunburst\"],\"default\":true,\"query\":\"UnfilterFrame(<SelectedColumn>);\",\"options\":{},\"refresh\":false,\"disabled\":false,\"panel\":\"\"}]},\"onBrush\":{\"Filter\":[{\"default\":true,\"query\":\"if(IsEmpty(<SelectedValues>), UnfilterFrame(<SelectedColumn>), SetFrameFilter(<SelectedColumn>==<SelectedValues>));\",\"options\":{},\"refresh\":false,\"disabled\":false,\"panel\":\"\"}]}}","comments":"{}","position":"{}","filters":[],"order":[],"cbv":{}},{"panelId":"2","panelLabel":"National Drug Death Rate","view":"infographic","viewOptions":"{\"html\":\"<div class=\\\"infographic-single-output\\\"><div class=\\\"infographic-value\\\" style=\\\"font-size: calc(20px + 2.5vmin);\\\"><div class=\\\"infographic-value-text-above\\\">group0</div></div><div class=\\\"infographic-desc\\\" style=\\\"padding-top: 1.5%; font-size: calc(10px + 1.1vmax);\\\">National Drug Death Rate (per 100k)</div></div>\",\"groups\":[{\"id\":\"group0\",\"description\":\"National Drug Death Rate (per 100k)\",\"cmdType\":\"Sum\",\"cmd\":[{\"type\":\"Pixel\",\"components\":[\"Select(Sum(drugdeathrate))\"],\"meta\":true},{\"type\":\"collect\",\"components\":[-1.0],\"terminal\":true}],\"descriptionPosition\":\"Below\",\"dataType\":\"\",\"selectedHeader\":\"drugdeathrate\",\"instance\":\"\",\"label\":\"-No Label-\",\"instances\":[\"-No Instance-\"],\"dataSource\":\"Data from Frame\",\"fileName\":\"\",\"imageurl\":\"\",\"imgId\":\"\",\"decimalFormat\":2.0,\"descriptionFontSize\":36.0,\"dataFontSize\":72.0,\"format\":\"None\",\"customDataFontSize\":false,\"customDescFontSize\":false}]}","viewOptionsMap":"{\"federate-view\":{\"app_id\":\"fd5c8fbb-8f7b-4b71-901c-3e45c166bdab\"},\"visualization\":{\"type\":\"echarts\"},\"infographic\":{\"html\":\"<div class=\\\"infographic-single-output\\\"><div class=\\\"infographic-value\\\" style=\\\"font-size: calc(20px + 2.5vmin);\\\"><div class=\\\"infographic-value-text-above\\\">group0</div></div><div class=\\\"infographic-desc\\\" style=\\\"padding-top: 1.5%; font-size: calc(10px + 1.1vmax);\\\">National Drug Death Rate (per 100k)</div></div>\",\"groups\":[{\"id\":\"group0\",\"description\":\"National Drug Death Rate (per 100k)\",\"cmdType\":\"Sum\",\"cmd\":[{\"type\":\"Pixel\",\"components\":[\"Select(Sum(drugdeathrate))\"],\"meta\":true},{\"type\":\"collect\",\"components\":[-1.0],\"terminal\":true}],\"descriptionPosition\":\"Below\",\"dataType\":\"\",\"selectedHeader\":\"drugdeathrate\",\"instance\":\"\",\"label\":\"-No Label-\",\"instances\":[\"-No Instance-\"],\"dataSource\":\"Data from Frame\",\"fileName\":\"\",\"imageurl\":\"\",\"imgId\":\"\",\"decimalFormat\":2.0,\"descriptionFontSize\":36.0,\"dataFontSize\":72.0,\"format\":\"None\",\"customDataFontSize\":false,\"customDescFontSize\":false}]}}","config":"{}","ornaments":"{}","events":"{\"onSingleClick\":{\"Unfilter\":[{\"disabledVisuals\":[\"Grid\",\"Sunburst\"],\"default\":true,\"query\":\"UnfilterFrame(<SelectedColumn>);\",\"options\":{},\"refresh\":false,\"disabled\":false,\"panel\":\"\"}]},\"onBrush\":{\"Filter\":[{\"default\":true,\"query\":\"if(IsEmpty(<SelectedValues>), UnfilterFrame(<SelectedColumn>), SetFrameFilter(<SelectedColumn>==<SelectedValues>));\",\"options\":{},\"refresh\":false,\"disabled\":false,\"panel\":\"\"}]}}","comments":"{}","position":"{}","filters":[],"order":[],"cbv":{}}],"tasks":{"tasks":[{"type":"basic","task":{"taskType":"basic","id":"task1","numCollected":500,"internalOffset":0,"taskOptions":"{\"options\":{\"0\":{\"layout\":\"Grid\",\"alignment\":{\"label\":[\"AMAT_fac\",\"bup_phys\",\"CDC_consult\",\"CURES_funds\",\"DHAP_funds\",\"drugdeathrate\",\"drugdeaths\",\"drugdep\",\"DVH_funds\",\"fentanyl_seize\",\"HCVacute\",\"HCVacuterate\",\"HCVcases\",\"HCVprevalence\",\"HIVdiagnoses\",\"HIVincidence\",\"HIVprevalence\",\"HOPWA_funds\",\"Med_AMAT_fac\",\"Med_MH_fac\",\"Med_SA_fac\",\"Med_SMAT_fac\",\"Med_TMAT_fac\",\"MH_fac\",\"mme_percap\",\"nonmedpain\",\"num_SSPs\",\"op_rel_inpat\",\"partD30dayrxrate\",\"pct_tx_med\",\"pctunins\",\"pctunmetneed\",\"PDMP_check_req\",\"PLHIV\",\"Population\",\"RW_funds\",\"SA_fac\",\"SMAT_fac\",\"SSP_legality\",\"STATE_1\",\"state_year\",\"STATEABBREVIATION\",\"STATEDATAPIVOTED\",\"TMAT_fac\",\"YEAR\"]}}}}","qs":{"qsType":"FRAME","isDistinct":true,"overrideImplicit":false,"limit":500,"offset":0,"relations":"[]","selectors":[{"type":"COLUMN","content":{"table":"FRAME766742","column":"AMAT_fac","alias":"AMAT_fac","tableAlias":null}},{"type":"COLUMN","content":{"table":"FRAME766742","column":"bup_phys","alias":"bup_phys","tableAlias":null}},{"type":"COLUMN","content":{"table":"FRAME766742","column":"CDC_consult","alias":"CDC_consult","tableAlias":null}},{"type":"COLUMN","content":{"table":"FRAME766742","column":"CURES_funds","alias":"CURES_funds","tableAlias":null}},{"type":"COLUMN","content":{"table":"FRAME766742","column":"DHAP_funds","alias":"DHAP_funds","tableAlias":null}},{"type":"COLUMN","content":{"table":"FRAME766742","column":"drugdeathrate","alias":"drugdeathrate","tableAlias":null}},{"type":"COLUMN","content":{"table":"FRAME766742","column":"drugdeaths","alias":"drugdeaths","tableAlias":null}},{"type":"COLUMN","content":{"table":"FRAME766742","column":"drugdep","alias":"drugdep","tableAlias":null}},{"type":"COLUMN","content":{"table":"FRAME766742","column":"DVH_funds","alias":"DVH_funds","tableAlias":null}},{"type":"COLUMN","content":{"table":"FRAME766742","column":"fentanyl_seize","alias":"fentanyl_seize","tableAlias":null}},{"type":"COLUMN","content":{"table":"FRAME766742","column":"HCVacute","alias":"HCVacute","tableAlias":null}},{"type":"COLUMN","content":{"table":"FRAME766742","column":"HCVacuterate","alias":"HCVacuterate","tableAlias":null}},{"type":"COLUMN","content":{"table":"FRAME766742","column":"HCVcases","alias":"HCVcases","tableAlias":null}},{"type":"COLUMN","content":{"table":"FRAME766742","column":"HCVprevalence","alias":"HCVprevalence","tableAlias":null}},{"type":"COLUMN","content":{"table":"FRAME766742","column":"HIVdiagnoses","alias":"HIVdiagnoses","tableAlias":null}},{"type":"COLUMN","content":{"table":"FRAME766742","column":"HIVincidence","alias":"HIVincidence","tableAlias":null}},{"type":"COLUMN","content":{"table":"FRAME766742","column":"HIVprevalence","alias":"HIVprevalence","tableAlias":null}},{"type":"COLUMN","content":{"table":"FRAME766742","column":"HOPWA_funds","alias":"HOPWA_funds","tableAlias":null}},{"type":"COLUMN","content":{"table":"FRAME766742","column":"Med_AMAT_fac","alias":"Med_AMAT_fac","tableAlias":null}},{"type":"COLUMN","content":{"table":"FRAME766742","column":"Med_MH_fac","alias":"Med_MH_fac","tableAlias":null}},{"type":"COLUMN","content":{"table":"FRAME766742","column":"Med_SA_fac","alias":"Med_SA_fac","tableAlias":null}},{"type":"COLUMN","content":{"table":"FRAME766742","column":"Med_SMAT_fac","alias":"Med_SMAT_fac","tableAlias":null}},{"type":"COLUMN","content":{"table":"FRAME766742","column":"Med_TMAT_fac","alias":"Med_TMAT_fac","tableAlias":null}},{"type":"COLUMN","content":{"table":"FRAME766742","column":"MH_fac","alias":"MH_fac","tableAlias":null}},{"type":"COLUMN","content":{"table":"FRAME766742","column":"mme_percap","alias":"mme_percap","tableAlias":null}},{"type":"COLUMN","content":{"table":"FRAME766742","column":"nonmedpain","alias":"nonmedpain","tableAlias":null}},{"type":"COLUMN","content":{"table":"FRAME766742","column":"num_SSPs","alias":"num_SSPs","tableAlias":null}},{"type":"COLUMN","content":{"table":"FRAME766742","column":"op_rel_inpat","alias":"op_rel_inpat","tableAlias":null}},{"type":"COLUMN","content":{"table":"FRAME766742","column":"partD30dayrxrate","alias":"partD30dayrxrate","tableAlias":null}},{"type":"COLUMN","content":{"table":"FRAME766742","column":"pct_tx_med","alias":"pct_tx_med","tableAlias":null}},{"type":"COLUMN","content":{"table":"FRAME766742","column":"pctunins","alias":"pctunins","tableAlias":null}},{"type":"COLUMN","content":{"table":"FRAME766742","column":"pctunmetneed","alias":"pctunmetneed","tableAlias":null}},{"type":"COLUMN","content":{"table":"FRAME766742","column":"PDMP_check_req","alias":"PDMP_check_req","tableAlias":null}},{"type":"COLUMN","content":{"table":"FRAME766742","column":"PLHIV","alias":"PLHIV","tableAlias":null}},{"type":"COLUMN","content":{"table":"FRAME766742","column":"Population","alias":"Population","tableAlias":null}},{"type":"COLUMN","content":{"table":"FRAME766742","column":"RW_funds","alias":"RW_funds","tableAlias":null}},{"type":"COLUMN","content":{"table":"FRAME766742","column":"SA_fac","alias":"SA_fac","tableAlias":null}},{"type":"COLUMN","content":{"table":"FRAME766742","column":"SMAT_fac","alias":"SMAT_fac","tableAlias":null}},{"type":"COLUMN","content":{"table":"FRAME766742","column":"SSP_legality","alias":"SSP_legality","tableAlias":null}},{"type":"COLUMN","content":{"table":"FRAME766742","column":"STATE_1","alias":"STATE_1","tableAlias":null}},{"type":"COLUMN","content":{"table":"FRAME766742","column":"state_year","alias":"state_year","tableAlias":null}},{"type":"COLUMN","content":{"table":"FRAME766742","column":"STATEABBREVIATION","alias":"STATEABBREVIATION","tableAlias":null}},{"type":"COLUMN","content":{"table":"FRAME766742","column":"STATEDATAPIVOTED","alias":"STATEDATAPIVOTED","tableAlias":null}},{"type":"COLUMN","content":{"table":"FRAME766742","column":"TMAT_fac","alias":"TMAT_fac","tableAlias":null}},{"type":"COLUMN","content":{"table":"FRAME766742","column":"YEAR","alias":"YEAR","tableAlias":null}}]}}},{"type":"basic","task":{"taskType":"basic","id":"task3","numCollected":500,"internalOffset":0,"taskOptions":"{\"options\":{\"0\":{\"layout\":\"Choropleth\",\"alignment\":{\"label\":[\"AMAT_fac\"],\"value\":[\"AverageofCDC_consult\"],\"facet\":[]}}}}","qs":{"qsType":"FRAME","isDistinct":true,"overrideImplicit":false,"limit":500,"offset":0,"relations":"[]","groups":["{\"column\":\"PRIM_KEY_PLACEHOLDER\",\"table\":\"AMAT_fac\",\"alias\":\"\"}"],"selectors":[{"type":"COLUMN","content":{"table":"AMAT_fac","column":"PRIM_KEY_PLACEHOLDER","alias":"AMAT_fac","tableAlias":null}},{"type":"FUNCTION","content":{"alias":"AverageofCDC_consult","function":"mean","distinct":false,"colCast":"","innerSelectors":[{"type":"COLUMN","content":{"table":"CDC_consult","column":"PRIM_KEY_PLACEHOLDER","alias":"CDC_consult","tableAlias":null}}]}}]}}},{"type":"basic","task":{"taskType":"basic","id":"task5","numCollected":500,"internalOffset":0,"taskOptions":"{\"options\":{\"0\":{\"layout\":\"Choropleth\",\"alignment\":{\"label\":[\"STATE_1\"],\"value\":[\"Averageofdrugdeathrate\"],\"facet\":[]}}}}","qs":{"qsType":"FRAME","isDistinct":true,"overrideImplicit":false,"limit":500,"offset":0,"relations":"[]","groups":["{\"column\":\"PRIM_KEY_PLACEHOLDER\",\"table\":\"STATE_1\",\"alias\":\"\"}"],"selectors":[{"type":"COLUMN","content":{"table":"STATE_1","column":"PRIM_KEY_PLACEHOLDER","alias":"STATE_1","tableAlias":null}},{"type":"FUNCTION","content":{"alias":"Averageofdrugdeathrate","function":"mean","distinct":false,"colCast":"","innerSelectors":[{"type":"COLUMN","content":{"table":"drugdeathrate","column":"PRIM_KEY_PLACEHOLDER","alias":"drugdeathrate","tableAlias":null}}]}}]}}}],"taskCounter":6},"recipe":["AddPanel ( 0 ) ;","Panel ( 0 ) | AddPanelEvents ( { \"onSingleClick\" : { \"Unfilter\" : [ { \"panel\" : \"\" , \"query\" : \"UnfilterFrame(%3CSelectedColumn%3E)%3B\" , \"options\" : { } , \"refresh\" : false , \"default\" : true , \"disabledVisuals\" : [ \"Grid\" , \"Sunburst\" ] , \"disabled\" : false } ] } , \"onBrush\" : { \"Filter\" : [ { \"panel\" : \"\" , \"query\" : \"if(IsEmpty(%3CSelectedValues%3E)%2C%20UnfilterFrame(%3CSelectedColumn%3E)%2C%20SetFrameFilter(%3CSelectedColumn%3E%3D%3D%3CSelectedValues%3E))%3B\" , \"options\" : { } , \"refresh\" : false , \"default\" : true , \"disabled\" : false } ] } } ) ;","Panel ( 0 ) | RetrievePanelEvents ( ) ;","Panel ( 0 ) | SetPanelView ( \"visualization\" , \"%7B%22type%22%3A%22echarts%22%7D\" ) ;","Panel ( 0 ) | SetPanelView ( \"federate-view\" , \"%7B%22app_id%22%3A%22fd5c8fbb-8f7b-4b71-901c-3e45c166bdab%22%7D\" ) ;","CreateFrame ( frameType = [ GRID ] ) .as ( [ 'FRAME766742' ] ) ;","Database ( database = [ \"fd5c8fbb-8f7b-4b71-901c-3e45c166bdab\" ] ) | Select ( STATEDATAPIVOTED , STATEDATAPIVOTED__AMAT_fac , STATEDATAPIVOTED__CDC_consult , STATEDATAPIVOTED__CURES_funds , STATEDATAPIVOTED__DHAP_funds , STATEDATAPIVOTED__DVH_funds , STATEDATAPIVOTED__HCVacute , STATEDATAPIVOTED__HCVacuterate , STATEDATAPIVOTED__HCVcases , STATEDATAPIVOTED__HCVprevalence , STATEDATAPIVOTED__HIVdiagnoses , STATEDATAPIVOTED__HIVincidence , STATEDATAPIVOTED__HIVprevalence , STATEDATAPIVOTED__HOPWA_funds , STATEDATAPIVOTED__MH_fac , STATEDATAPIVOTED__Med_AMAT_fac , STATEDATAPIVOTED__Med_MH_fac , STATEDATAPIVOTED__Med_SA_fac , STATEDATAPIVOTED__Med_SMAT_fac , STATEDATAPIVOTED__Med_TMAT_fac , STATEDATAPIVOTED__PDMP_check_req , STATEDATAPIVOTED__PLHIV , STATEDATAPIVOTED__Population , STATEDATAPIVOTED__RW_funds , STATEDATAPIVOTED__SA_fac , STATEDATAPIVOTED__SMAT_fac , STATEDATAPIVOTED__SSP_legality , STATEDATAPIVOTED__STATEABBREVIATION , STATEDATAPIVOTED__STATE_1 , STATEDATAPIVOTED__TMAT_fac , STATEDATAPIVOTED__YEAR , STATEDATAPIVOTED__bup_phys , STATEDATAPIVOTED__drugdeathrate , STATEDATAPIVOTED__drugdeaths , STATEDATAPIVOTED__drugdep , STATEDATAPIVOTED__fentanyl_seize , STATEDATAPIVOTED__mme_percap , STATEDATAPIVOTED__nonmedpain , STATEDATAPIVOTED__num_SSPs , STATEDATAPIVOTED__op_rel_inpat , STATEDATAPIVOTED__partD30dayrxrate , STATEDATAPIVOTED__pct_tx_med , STATEDATAPIVOTED__pctunins , STATEDATAPIVOTED__pctunmetneed , STATEDATAPIVOTED__state_year ) .as ( [ STATEDATAPIVOTED , AMAT_fac , CDC_consult , CURES_funds , DHAP_funds , DVH_funds , HCVacute , HCVacuterate , HCVcases , HCVprevalence , HIVdiagnoses , HIVincidence , HIVprevalence , HOPWA_funds , MH_fac , Med_AMAT_fac , Med_MH_fac , Med_SA_fac , Med_SMAT_fac , Med_TMAT_fac , PDMP_check_req , PLHIV , Population , RW_funds , SA_fac , SMAT_fac , SSP_legality , STATEABBREVIATION , STATE_1 , TMAT_fac , YEAR , bup_phys , drugdeathrate , drugdeaths , drugdep , fentanyl_seize , mme_percap , nonmedpain , num_SSPs , op_rel_inpat , partD30dayrxrate , pct_tx_med , pctunins , pctunmetneed , state_year ] ) | Import ( ) ;","Panel ( 0 ) | SetPanelView ( \"visualization\" ) ;","Frame ( ) | QueryAll ( ) | AutoTaskOptions ( panel = [ \"0\" ] , layout = [ \"Grid\" ] ) | Collect ( 500 ) ;","Panel ( 0 ) | SetPanelView ( \"visualization\" , \"%7B%22type%22%3A%22echarts%22%7D\" ) ;","if ( ( HasDuplicates ( AMAT_fac ) ) , ( Select ( AMAT_fac , Average ( CDC_consult ) ) .as ( [ AMAT_fac , AverageofCDC_consult ] ) | Group ( AMAT_fac ) | With ( Panel ( 0 ) ) | Format ( type = [ 'table' ] ) | TaskOptions ( { \"0\" : { \"layout\" : \"Choropleth\" , \"alignment\" : { \"label\" : [ \"AMAT_fac\" ] , \"value\" : [ \"AverageofCDC_consult\" ] , \"facet\" : [ ] } } } ) | Collect ( 500 ) ) , ( Select ( AMAT_fac , CDC_consult ) .as ( [ AMAT_fac , CDC_consult ] ) | With ( Panel ( 0 ) ) | Format ( type = [ 'table' ] ) | TaskOptions ( { \"0\" : { \"layout\" : \"Choropleth\" , \"alignment\" : { \"label\" : [ \"AMAT_fac\" ] , \"value\" : [ \"CDC_consult\" ] , \"facet\" : [ ] } } } ) | Collect ( 500 ) ) ) ;","if ( ( HasDuplicates ( STATE_1 ) ) , ( Select ( STATE_1 , Average ( drugdeathrate ) ) .as ( [ STATE_1 , Averageofdrugdeathrate ] ) | Group ( STATE_1 ) | With ( Panel ( 0 ) ) | Format ( type = [ 'table' ] ) | TaskOptions ( { \"0\" : { \"layout\" : \"Choropleth\" , \"alignment\" : { \"label\" : [ \"STATE_1\" ] , \"value\" : [ \"Averageofdrugdeathrate\" ] , \"facet\" : [ ] } } } ) | Collect ( 500 ) ) , ( Select ( STATE_1 , drugdeathrate ) .as ( [ STATE_1 , drugdeathrate ] ) | With ( Panel ( 0 ) ) | Format ( type = [ 'table' ] ) | TaskOptions ( { \"0\" : { \"layout\" : \"Choropleth\" , \"alignment\" : { \"label\" : [ \"STATE_1\" ] , \"value\" : [ \"drugdeathrate\" ] , \"facet\" : [ ] } } } ) | Collect ( 500 ) ) ) ;","Panel ( 0 ) | Clone ( 1 ) ;","Panel ( 1 ) | SetPanelView ( \"DashboardFilter\" ) ;","Panel ( 1 ) | AddPanelOrnaments ( { \"dashboardFilter\" : { \"singleSelect\" : \"Single Select\" , \"viewType\" : \"List\" , \"instances\" : [ \"YEAR\" ] } } ) | RetrievePanelOrnaments ( \"dashboardFilter\" ) ;","Panel ( 0 ) | SetPanelLabel ( \"Drug Death Rate\" ) ;","Panel ( 0 ) | Clone ( 2 ) ;","Panel ( 2 ) | SetPanelView ( \"infographic\" ) ;","Panel ( 2 ) | SetPanelView ( \"infographic\" , \"%7B%22html%22%3A%22%3Cdiv%20class%3D%5C%22infographic-single-output%5C%22%3E%3Cdiv%20class%3D%5C%22infographic-value%5C%22%20style%3D%5C%22font-size%3A%20calc(20px%20%2B%202.5vmin)%3B%5C%22%3E%3Cdiv%20class%3D%5C%22infographic-value-text-above%5C%22%3Egroup0%3C%2Fdiv%3E%3C%2Fdiv%3E%3Cdiv%20class%3D%5C%22infographic-desc%5C%22%20style%3D%5C%22padding-top%3A%201.5%25%3B%20font-size%3A%20calc(10px%20%2B%201.1vmax)%3B%5C%22%3ENational%20Drug%20Death%20Rate%3C%2Fdiv%3E%3C%2Fdiv%3E%22%2C%22groups%22%3A%5B%7B%22id%22%3A%22group0%22%2C%22description%22%3A%22National%20Drug%20Death%20Rate%22%2C%22cmdType%22%3A%22Sum%22%2C%22cmd%22%3A%5B%7B%22type%22%3A%22Pixel%22%2C%22components%22%3A%5B%22Select(Sum(drugdeathrate))%22%5D%2C%22meta%22%3Atrue%7D%2C%7B%22type%22%3A%22collect%22%2C%22components%22%3A%5B-1%5D%2C%22terminal%22%3Atrue%7D%5D%2C%22descriptionPosition%22%3A%22Below%22%2C%22dataType%22%3A%22%22%2C%22selectedHeader%22%3A%22drugdeathrate%22%2C%22instance%22%3A%22%22%2C%22label%22%3A%22-No%20Label-%22%2C%22instances%22%3A%5B%22-No%20Instance-%22%5D%2C%22dataSource%22%3A%22Data%20from%20Frame%22%2C%22fileName%22%3A%22%22%2C%22imageurl%22%3A%22%22%2C%22imgId%22%3A%22%22%2C%22decimalFormat%22%3A2%2C%22descriptionFontSize%22%3A36%2C%22dataFontSize%22%3A72%2C%22format%22%3A%22None%22%2C%22customDataFontSize%22%3Afalse%2C%22customDescFontSize%22%3Afalse%7D%5D%7D\" ) ;","Panel ( 2 ) | SetPanelView ( \"infographic\" , \"%7B%22html%22%3A%22%3Cdiv%20class%3D%5C%22infographic-single-output%5C%22%3E%3Cdiv%20class%3D%5C%22infographic-value%5C%22%20style%3D%5C%22font-size%3A%20calc(20px%20%2B%202.5vmin)%3B%5C%22%3E%3Cdiv%20class%3D%5C%22infographic-value-text-above%5C%22%3Egroup0%3C%2Fdiv%3E%3C%2Fdiv%3E%3Cdiv%20class%3D%5C%22infographic-desc%5C%22%20style%3D%5C%22padding-top%3A%201.5%25%3B%20font-size%3A%20calc(10px%20%2B%201.1vmax)%3B%5C%22%3ENational%20Drug%20Death%20Rate%20(per%20100k)%3C%2Fdiv%3E%3C%2Fdiv%3E%22%2C%22groups%22%3A%5B%7B%22id%22%3A%22group0%22%2C%22description%22%3A%22National%20Drug%20Death%20Rate%20(per%20100k)%22%2C%22cmdType%22%3A%22Sum%22%2C%22cmd%22%3A%5B%7B%22type%22%3A%22Pixel%22%2C%22components%22%3A%5B%22Select(Sum(drugdeathrate))%22%5D%2C%22meta%22%3Atrue%7D%2C%7B%22type%22%3A%22collect%22%2C%22components%22%3A%5B-1%5D%2C%22terminal%22%3Atrue%7D%5D%2C%22descriptionPosition%22%3A%22Below%22%2C%22dataType%22%3A%22%22%2C%22selectedHeader%22%3A%22drugdeathrate%22%2C%22instance%22%3A%22%22%2C%22label%22%3A%22-No%20Label-%22%2C%22instances%22%3A%5B%22-No%20Instance-%22%5D%2C%22dataSource%22%3A%22Data%20from%20Frame%22%2C%22fileName%22%3A%22%22%2C%22imageurl%22%3A%22%22%2C%22imgId%22%3A%22%22%2C%22decimalFormat%22%3A2%2C%22descriptionFontSize%22%3A36%2C%22dataFontSize%22%3A72%2C%22format%22%3A%22None%22%2C%22customDataFontSize%22%3Afalse%2C%22customDescFontSize%22%3Afalse%7D%5D%7D\" ) ;","Panel ( 1 ) | SetPanelLabel ( \"Filter by Year\" ) ;","Panel ( 2 ) | SetPanelLabel ( \"National Drug Death Rate\" ) ;"]}