{"insightID":"fadf4795-f201-4b90-ab3d-1cbe8f4a556a","pixelReturn":[{"pixelExpression":"if ( ( HasDuplicates ( STATE_1 ) ) , ( Select ( STATE_1 , Average ( drugdeathrate ) ) .as ( [ STATE_1 , Averageofdrugdeathrate ] ) | Group ( STATE_1 ) | With ( Panel ( 0 ) ) | Format ( type = [ 'table' ] ) | TaskOptions ( { \"0\" : { \"layout\" : \"Choropleth\" , \"alignment\" : { \"label\" : [ \"STATE_1\" ] , \"value\" : [ \"Averageofdrugdeathrate\" ] , \"facet\" : [ ] } } } ) | Collect ( 500 ) ) , ( Select ( STATE_1 , drugdeathrate ) .as ( [ STATE_1 , drugdeathrate ] ) | With ( Panel ( 0 ) ) | Format ( type = [ 'table' ] ) | TaskOptions ( { \"0\" : { \"layout\" : \"Choropleth\" , \"alignment\" : { \"label\" : [ \"STATE_1\" ] , \"value\" : [ \"drugdeathrate\" ] , \"facet\" : [ ] } } } ) | Collect ( 500 ) ) ) ;","isMeta":false,"output":{"data":{"values":[["Alabama",13.214285714285712],["Alaska",15.571428571428571],["Arizona",18.0],["Arkansas",12.3],["California",11.385714285714288],["Colorado",15.842857142857143],["Connecticut",16.642857142857142],["Delaware",19.67142857142857],["District_of_Columbia",18.228571428571428],["Florida",15.671428571428574],["Georgia",11.62857142857143],["Hawaii",11.842857142857143],["Idaho",12.614285714285716],["Illinois",13.157142857142857],["Indiana",17.228571428571428],["Iowa",8.885714285714284],["Kansas",10.728571428571428],["Kentucky",25.771428571428572],["Louisiana",16.04285714285714],["Maine",15.6],["Maryland",17.97142857142857],["Massachusetts",18.657142857142862],["Michigan",16.914285714285715],["Minnesota",9.714285714285714],["Mississippi",11.014285714285714],["Missouri",17.557142857142857],["Montana",12.600000000000003],["Nebraska",6.728571428571429],["Nevada",21.7],["New_Hampshire",21.342857142857145],["New_Jersey",14.700000000000001],["New_Mexico",24.057142857142853],["New_York",12.057142857142859],["North_Carolina",14.185714285714285],["North_Dakota",5.55],["Ohio",23.085714285714285],["Oklahoma",19.642857142857142],["Oregon",12.714285714285714],["Pennsylvania",21.957142857142856],["Puerto_Rico",null],["Rhode_Island",22.742857142857144],["South_Carolina",14.428571428571429],["South_Dakota",6.7],["Tennessee",19.4],["Texas",9.62857142857143],["Utah",19.714285714285715],["Vermont",14.042857142857143],["Virginia",11.014285714285714],["Washington",14.385714285714284],["West_Virginia",34.871428571428574],["Wisconsin",14.12857142857143],["Wyoming",16.557142857142857]],"headers":["STATE_1","Averageofdrugdeathrate"],"rawHeaders":["STATE_1","Averageofdrugdeathrate"]},"format":{"type":"TABLE"},"headerInfo":[{"alias":"STATE_1","header":"STATE_1","type":"STRING","derived":false},{"alias":"Averageofdrugdeathrate","header":"Averageofdrugdeathrate","calculatedBy":"drugdeathrate","math":"Average","groupBy":["STATE_1"],"type":"NUMBER","derived":true}],"sortInfo":[],"numCollected":500,"taskOptions":{"0":{"layout":"Choropleth","alignment":{"label":["STATE_1"],"value":["Averageofdrugdeathrate"],"facet":[]}}},"filterInfo":[],"taskId":"task1"},"operationType":["TASK_DATA"]},{"pixelExpression":"Panel ( 0 ) | Clone ( 1 ) ;","isMeta":false,"output":{"original":{"panelId":"0","panelLabel":"Drug Death Rate","view":"visualization","viewOptions":"{\"type\":\"echarts\"}","config":{},"viewOptionsMap":{"federate-view":{"app_id":"fd5c8fbb-8f7b-4b71-901c-3e45c166bdab"},"visualization":{"type":"echarts"}},"ornaments":{},"events":{"onSingleClick":{"Unfilter":[{"disabledVisuals":["Grid","Sunburst"],"default":true,"query":"UnfilterFrame(<SelectedColumn>);","options":{},"refresh":false,"disabled":false,"panel":""}]},"onBrush":{"Filter":[{"default":true,"query":"if(IsEmpty(<SelectedValues>), UnfilterFrame(<SelectedColumn>), SetFrameFilter(<SelectedColumn>==<SelectedValues>));","options":{},"refresh":false,"disabled":false,"panel":""}]}},"grf":[],"orderBys":[],"comments":{},"position":{},"colorByValue":{}},"clone":{"panelId":"1","panelLabel":"Drug Death Rate Clone","view":"visualization","viewOptions":"{\"type\":\"echarts\"}","config":{},"viewOptionsMap":{"federate-view":{"app_id":"fd5c8fbb-8f7b-4b71-901c-3e45c166bdab"},"visualization":{"type":"echarts"}},"ornaments":{},"events":{"onSingleClick":{"Unfilter":[{"disabledVisuals":["Grid","Sunburst"],"default":true,"query":"UnfilterFrame(<SelectedColumn>);","options":{},"refresh":false,"disabled":false,"panel":""}]},"onBrush":{"Filter":[{"default":true,"query":"if(IsEmpty(<SelectedValues>), UnfilterFrame(<SelectedColumn>), SetFrameFilter(<SelectedColumn>==<SelectedValues>));","options":{},"refresh":false,"disabled":false,"panel":""}]}},"grf":[],"orderBys":[],"comments":{},"position":{},"colorByValue":{}}},"operationType":["PANEL_CLONE"]},{"pixelExpression":"Panel ( 0 ) | Clone ( 2 ) ;","isMeta":false,"output":{"original":{"panelId":"0","panelLabel":"Drug Death Rate","view":"visualization","viewOptions":"{\"type\":\"echarts\"}","config":{},"viewOptionsMap":{"federate-view":{"app_id":"fd5c8fbb-8f7b-4b71-901c-3e45c166bdab"},"visualization":{"type":"echarts"}},"ornaments":{},"events":{"onSingleClick":{"Unfilter":[{"disabledVisuals":["Grid","Sunburst"],"default":true,"query":"UnfilterFrame(<SelectedColumn>);","options":{},"refresh":false,"disabled":false,"panel":""}]},"onBrush":{"Filter":[{"default":true,"query":"if(IsEmpty(<SelectedValues>), UnfilterFrame(<SelectedColumn>), SetFrameFilter(<SelectedColumn>==<SelectedValues>));","options":{},"refresh":false,"disabled":false,"panel":""}]}},"grf":[],"orderBys":[],"comments":{},"position":{},"colorByValue":{}},"clone":{"panelId":"2","panelLabel":"Drug Death Rate Clone","view":"visualization","viewOptions":"{\"type\":\"echarts\"}","config":{},"viewOptionsMap":{"federate-view":{"app_id":"fd5c8fbb-8f7b-4b71-901c-3e45c166bdab"},"visualization":{"type":"echarts"}},"ornaments":{},"events":{"onSingleClick":{"Unfilter":[{"disabledVisuals":["Grid","Sunburst"],"default":true,"query":"UnfilterFrame(<SelectedColumn>);","options":{},"refresh":false,"disabled":false,"panel":""}]},"onBrush":{"Filter":[{"default":true,"query":"if(IsEmpty(<SelectedValues>), UnfilterFrame(<SelectedColumn>), SetFrameFilter(<SelectedColumn>==<SelectedValues>));","options":{},"refresh":false,"disabled":false,"panel":""}]}},"grf":[],"orderBys":[],"comments":{},"position":{},"colorByValue":{}}},"operationType":["PANEL_CLONE"]}]}