{"engineId":"fd5c8fbb-8f7b-4b71-901c-3e45c166bdab","engineName":"State_Opioid","rdbmsId":"fa82ae4d-dae7-4485-a6e1-1dbbe2658101","varstore":{"GRID_NAME":{"pixelType":"CONST_STRING","class":"java.lang.String","value":["FRAME559988"],"opType":["OPERATION"]}},"frames":[{"file":"@BaseFolder@/db/@ENGINE@/version/fa82ae4d-dae7-4485-a6e1-1dbbe2658101/FRAME559988.rda","meta":"@BaseFolder@/db/@ENGINE@/version/fa82ae4d-dae7-4485-a6e1-1dbbe2658101/METADATA__FRAME559988.owl","state":null,"type":"prerna.ds.r.RDataTable","name":"FRAME559988","keys":["FRAME559988","$CUR_FRAME_KEY"]}],"panels":[{"panelId":"0","panelLabel":null,"view":"visualization","viewOptions":"{\"type\":\"echarts\"}","viewOptionsMap":"{\"federate-view\":{\"app_id\":\"fd5c8fbb-8f7b-4b71-901c-3e45c166bdab\"},\"visualization\":{\"type\":\"echarts\"}}","config":"{}","ornaments":"{}","events":"{\"onSingleClick\":{\"Unfilter\":[{\"disabledVisuals\":[\"Grid\",\"Sunburst\"],\"default\":true,\"query\":\"UnfilterFrame(<SelectedColumn>);\",\"options\":{},\"refresh\":false,\"disabled\":false,\"panel\":\"\"}]},\"onBrush\":{\"Filter\":[{\"default\":true,\"query\":\"if(IsEmpty(<SelectedValues>), UnfilterFrame(<SelectedColumn>), SetFrameFilter(<SelectedColumn>==<SelectedValues>));\",\"options\":{},\"refresh\":false,\"disabled\":false,\"panel\":\"\"}]}}","comments":"{}","position":"{}","filters":[],"order":[],"cbv":{}}],"tasks":{"tasks":[{"type":"basic","task":{"taskType":"basic","id":"task1","numCollected":500,"internalOffset":0,"taskOptions":"{\"options\":{\"0\":{\"layout\":\"Grid\",\"alignment\":{\"label\":[\"AMAT_fac\",\"bup_phys\",\"CDC_consult\",\"CURES_funds\",\"DHAP_funds\",\"drugdeathrate\",\"drugdeaths\",\"drugdep\",\"DVH_funds\",\"fentanyl_seize\",\"HCVacute\",\"HCVacuterate\",\"HCVcases\",\"HCVprevalence\",\"HIVdiagnoses\",\"HIVincidence\",\"HIVprevalence\",\"HOPWA_funds\",\"Med_AMAT_fac\",\"Med_MH_fac\",\"Med_SA_fac\",\"Med_SMAT_fac\",\"Med_TMAT_fac\",\"MH_fac\",\"mme_percap\",\"nonmedpain\",\"num_SSPs\",\"op_rel_inpat\",\"partD30dayrxrate\",\"pct_tx_med\",\"pctunins\",\"pctunmetneed\",\"PDMP_check_req\",\"PLHIV\",\"Population\",\"RW_funds\",\"SA_fac\",\"SMAT_fac\",\"SSP_legality\",\"STATE_1\",\"state_year\",\"STATEABBREVIATION\",\"STATEDATAPIVOTED\",\"TMAT_fac\",\"YEAR\"]}}}}","qs":{"qsType":"FRAME","isDistinct":true,"overrideImplicit":false,"limit":500,"offset":0,"relations":"[]","selectors":[{"type":"COLUMN","content":{"table":"FRAME559988","column":"AMAT_fac","alias":"AMAT_fac","tableAlias":null}},{"type":"COLUMN","content":{"table":"FRAME559988","column":"bup_phys","alias":"bup_phys","tableAlias":null}},{"type":"COLUMN","content":{"table":"FRAME559988","column":"CDC_consult","alias":"CDC_consult","tableAlias":null}},{"type":"COLUMN","content":{"table":"FRAME559988","column":"CURES_funds","alias":"CURES_funds","tableAlias":null}},{"type":"COLUMN","content":{"table":"FRAME559988","column":"DHAP_funds","alias":"DHAP_funds","tableAlias":null}},{"type":"COLUMN","content":{"table":"FRAME559988","column":"drugdeathrate","alias":"drugdeathrate","tableAlias":null}},{"type":"COLUMN","content":{"table":"FRAME559988","column":"drugdeaths","alias":"drugdeaths","tableAlias":null}},{"type":"COLUMN","content":{"table":"FRAME559988","column":"drugdep","alias":"drugdep","tableAlias":null}},{"type":"COLUMN","content":{"table":"FRAME559988","column":"DVH_funds","alias":"DVH_funds","tableAlias":null}},{"type":"COLUMN","content":{"table":"FRAME559988","column":"fentanyl_seize","alias":"fentanyl_seize","tableAlias":null}},{"type":"COLUMN","content":{"table":"FRAME559988","column":"HCVacute","alias":"HCVacute","tableAlias":null}},{"type":"COLUMN","content":{"table":"FRAME559988","column":"HCVacuterate","alias":"HCVacuterate","tableAlias":null}},{"type":"COLUMN","content":{"table":"FRAME559988","column":"HCVcases","alias":"HCVcases","tableAlias":null}},{"type":"COLUMN","content":{"table":"FRAME559988","column":"HCVprevalence","alias":"HCVprevalence","tableAlias":null}},{"type":"COLUMN","content":{"table":"FRAME559988","column":"HIVdiagnoses","alias":"HIVdiagnoses","tableAlias":null}},{"type":"COLUMN","content":{"table":"FRAME559988","column":"HIVincidence","alias":"HIVincidence","tableAlias":null}},{"type":"COLUMN","content":{"table":"FRAME559988","column":"HIVprevalence","alias":"HIVprevalence","tableAlias":null}},{"type":"COLUMN","content":{"table":"FRAME559988","column":"HOPWA_funds","alias":"HOPWA_funds","tableAlias":null}},{"type":"COLUMN","content":{"table":"FRAME559988","column":"Med_AMAT_fac","alias":"Med_AMAT_fac","tableAlias":null}},{"type":"COLUMN","content":{"table":"FRAME559988","column":"Med_MH_fac","alias":"Med_MH_fac","tableAlias":null}},{"type":"COLUMN","content":{"table":"FRAME559988","column":"Med_SA_fac","alias":"Med_SA_fac","tableAlias":null}},{"type":"COLUMN","content":{"table":"FRAME559988","column":"Med_SMAT_fac","alias":"Med_SMAT_fac","tableAlias":null}},{"type":"COLUMN","content":{"table":"FRAME559988","column":"Med_TMAT_fac","alias":"Med_TMAT_fac","tableAlias":null}},{"type":"COLUMN","content":{"table":"FRAME559988","column":"MH_fac","alias":"MH_fac","tableAlias":null}},{"type":"COLUMN","content":{"table":"FRAME559988","column":"mme_percap","alias":"mme_percap","tableAlias":null}},{"type":"COLUMN","content":{"table":"FRAME559988","column":"nonmedpain","alias":"nonmedpain","tableAlias":null}},{"type":"COLUMN","content":{"table":"FRAME559988","column":"num_SSPs","alias":"num_SSPs","tableAlias":null}},{"type":"COLUMN","content":{"table":"FRAME559988","column":"op_rel_inpat","alias":"op_rel_inpat","tableAlias":null}},{"type":"COLUMN","content":{"table":"FRAME559988","column":"partD30dayrxrate","alias":"partD30dayrxrate","tableAlias":null}},{"type":"COLUMN","content":{"table":"FRAME559988","column":"pct_tx_med","alias":"pct_tx_med","tableAlias":null}},{"type":"COLUMN","content":{"table":"FRAME559988","column":"pctunins","alias":"pctunins","tableAlias":null}},{"type":"COLUMN","content":{"table":"FRAME559988","column":"pctunmetneed","alias":"pctunmetneed","tableAlias":null}},{"type":"COLUMN","content":{"table":"FRAME559988","column":"PDMP_check_req","alias":"PDMP_check_req","tableAlias":null}},{"type":"COLUMN","content":{"table":"FRAME559988","column":"PLHIV","alias":"PLHIV","tableAlias":null}},{"type":"COLUMN","content":{"table":"FRAME559988","column":"Population","alias":"Population","tableAlias":null}},{"type":"COLUMN","content":{"table":"FRAME559988","column":"RW_funds","alias":"RW_funds","tableAlias":null}},{"type":"COLUMN","content":{"table":"FRAME559988","column":"SA_fac","alias":"SA_fac","tableAlias":null}},{"type":"COLUMN","content":{"table":"FRAME559988","column":"SMAT_fac","alias":"SMAT_fac","tableAlias":null}},{"type":"COLUMN","content":{"table":"FRAME559988","column":"SSP_legality","alias":"SSP_legality","tableAlias":null}},{"type":"COLUMN","content":{"table":"FRAME559988","column":"STATE_1","alias":"STATE_1","tableAlias":null}},{"type":"COLUMN","content":{"table":"FRAME559988","column":"state_year","alias":"state_year","tableAlias":null}},{"type":"COLUMN","content":{"table":"FRAME559988","column":"STATEABBREVIATION","alias":"STATEABBREVIATION","tableAlias":null}},{"type":"COLUMN","content":{"table":"FRAME559988","column":"STATEDATAPIVOTED","alias":"STATEDATAPIVOTED","tableAlias":null}},{"type":"COLUMN","content":{"table":"FRAME559988","column":"TMAT_fac","alias":"TMAT_fac","tableAlias":null}},{"type":"COLUMN","content":{"table":"FRAME559988","column":"YEAR","alias":"YEAR","tableAlias":null}}]}}},{"type":"constant","task":{"taskType":"constant","id":"task3","taskOptions":"{\"options\":{\"0\":{\"layout\":\"HeatMap\",\"alignment\":{\"heat\":[\"Correlation\"],\"x\":[\"Column_Header_X\"],\"y\":[\"Column_Header_Y\"]}}}}","outputData":"{\"values\":[],\"headers\":[],\"rawHeaders\":[]}","outputDataClass":"java.util.Hashtable"}}],"taskCounter":4},"recipe":["AddPanel ( 0 ) ;","Panel ( 0 ) | AddPanelEvents ( { \"onSingleClick\" : { \"Unfilter\" : [ { \"panel\" : \"\" , \"query\" : \"UnfilterFrame(%3CSelectedColumn%3E)%3B\" , \"options\" : { } , \"refresh\" : false , \"default\" : true , \"disabledVisuals\" : [ \"Grid\" , \"Sunburst\" ] , \"disabled\" : false } ] } , \"onBrush\" : { \"Filter\" : [ { \"panel\" : \"\" , \"query\" : \"if(IsEmpty(%3CSelectedValues%3E)%2C%20UnfilterFrame(%3CSelectedColumn%3E)%2C%20SetFrameFilter(%3CSelectedColumn%3E%3D%3D%3CSelectedValues%3E))%3B\" , \"options\" : { } , \"refresh\" : false , \"default\" : true , \"disabled\" : false } ] } } ) ;","Panel ( 0 ) | RetrievePanelEvents ( ) ;","Panel ( 0 ) | SetPanelView ( \"visualization\" , \"%7B%22type%22%3A%22echarts%22%7D\" ) ;","Panel ( 0 ) | SetPanelView ( \"federate-view\" , \"%7B%22app_id%22%3A%22fd5c8fbb-8f7b-4b71-901c-3e45c166bdab%22%7D\" ) ;","CreateFrame ( frameType = [ GRID ] ) .as ( [ 'FRAME559988' ] ) ;","Database ( database = [ \"fd5c8fbb-8f7b-4b71-901c-3e45c166bdab\" ] ) | Select ( STATEDATAPIVOTED , STATEDATAPIVOTED__AMAT_fac , STATEDATAPIVOTED__CDC_consult , STATEDATAPIVOTED__CURES_funds , STATEDATAPIVOTED__DHAP_funds , STATEDATAPIVOTED__DVH_funds , STATEDATAPIVOTED__HCVacute , STATEDATAPIVOTED__HCVacuterate , STATEDATAPIVOTED__HCVcases , STATEDATAPIVOTED__HCVprevalence , STATEDATAPIVOTED__HIVdiagnoses , STATEDATAPIVOTED__HIVincidence , STATEDATAPIVOTED__HIVprevalence , STATEDATAPIVOTED__HOPWA_funds , STATEDATAPIVOTED__MH_fac , STATEDATAPIVOTED__Med_AMAT_fac , STATEDATAPIVOTED__Med_MH_fac , STATEDATAPIVOTED__Med_SA_fac , STATEDATAPIVOTED__Med_SMAT_fac , STATEDATAPIVOTED__Med_TMAT_fac , STATEDATAPIVOTED__PDMP_check_req , STATEDATAPIVOTED__PLHIV , STATEDATAPIVOTED__Population , STATEDATAPIVOTED__RW_funds , STATEDATAPIVOTED__SA_fac , STATEDATAPIVOTED__SMAT_fac , STATEDATAPIVOTED__SSP_legality , STATEDATAPIVOTED__STATEABBREVIATION , STATEDATAPIVOTED__STATE_1 , STATEDATAPIVOTED__TMAT_fac , STATEDATAPIVOTED__YEAR , STATEDATAPIVOTED__bup_phys , STATEDATAPIVOTED__drugdeathrate , STATEDATAPIVOTED__drugdeaths , STATEDATAPIVOTED__drugdep , STATEDATAPIVOTED__fentanyl_seize , STATEDATAPIVOTED__mme_percap , STATEDATAPIVOTED__nonmedpain , STATEDATAPIVOTED__num_SSPs , STATEDATAPIVOTED__op_rel_inpat , STATEDATAPIVOTED__partD30dayrxrate , STATEDATAPIVOTED__pct_tx_med , STATEDATAPIVOTED__pctunins , STATEDATAPIVOTED__pctunmetneed , STATEDATAPIVOTED__state_year ) .as ( [ STATEDATAPIVOTED , AMAT_fac , CDC_consult , CURES_funds , DHAP_funds , DVH_funds , HCVacute , HCVacuterate , HCVcases , HCVprevalence , HIVdiagnoses , HIVincidence , HIVprevalence , HOPWA_funds , MH_fac , Med_AMAT_fac , Med_MH_fac , Med_SA_fac , Med_SMAT_fac , Med_TMAT_fac , PDMP_check_req , PLHIV , Population , RW_funds , SA_fac , SMAT_fac , SSP_legality , STATEABBREVIATION , STATE_1 , TMAT_fac , YEAR , bup_phys , drugdeathrate , drugdeaths , drugdep , fentanyl_seize , mme_percap , nonmedpain , num_SSPs , op_rel_inpat , partD30dayrxrate , pct_tx_med , pctunins , pctunmetneed , state_year ] ) | Import ( ) ;","Panel ( 0 ) | SetPanelView ( \"visualization\" ) ;","Frame ( ) | QueryAll ( ) | AutoTaskOptions ( panel = [ \"0\" ] , layout = [ \"Grid\" ] ) | Collect ( 500 ) ;","<j>synchronizeGridToRDataTable(%22FRAME559988%22)</j> ;","Panel ( 0 ) | SetPanelView ( \"visualization\" , \"%7B%22type%22%3A%22echarts%22%7D\" ) ;","RunNumericalCorrelation ( attributes = [ \"AMAT_fac\" , \"CDC_consult\" , \"CURES_funds\" , \"DHAP_funds\" , \"DVH_funds\" , \"HCVacute\" , \"HCVacuterate\" , \"HCVcases\" , \"HCVprevalence\" , \"HIVdiagnoses\" , \"HIVincidence\" , \"HIVprevalence\" , \"HOPWA_funds\" , \"MH_fac\" , \"Med_AMAT_fac\" , \"Med_MH_fac\" , \"Med_SA_fac\" , \"Med_SMAT_fac\" , \"Med_TMAT_fac\" , \"PDMP_check_req\" , \"PLHIV\" , \"Population\" , \"RW_funds\" , \"SA_fac\" , \"SMAT_fac\" , \"SSP_legality\" , \"TMAT_fac\" , \"bup_phys\" , \"drugdeathrate\" , \"drugdeaths\" , \"drugdep\" , \"fentanyl_seize\" , \"mme_percap\" , \"nonmedpain\" , \"num_SSPs\" , \"op_rel_inpat\" , \"partD30dayrxrate\" , \"pct_tx_med\" , \"pctunins\" , \"pctunmetneed\" ] , panel = [ 0 ] ) ;"]}