{"insightID":"dd5a3f04-6c7b-4e06-9bf4-43d577fa79d4","pixelReturn":[{"pixelExpression":"RunNumericalCorrelation ( attributes = [ \"AMAT_fac\" , \"CDC_consult\" , \"CURES_funds\" , \"DHAP_funds\" , \"DVH_funds\" , \"HCVacute\" , \"HCVacuterate\" , \"HCVcases\" , \"HCVprevalence\" , \"HIVdiagnoses\" , \"HIVincidence\" , \"HIVprevalence\" , \"HOPWA_funds\" , \"MH_fac\" , \"Med_AMAT_fac\" , \"Med_MH_fac\" , \"Med_SA_fac\" , \"Med_SMAT_fac\" , \"Med_TMAT_fac\" , \"PDMP_check_req\" , \"PLHIV\" , \"Population\" , \"RW_funds\" , \"SA_fac\" , \"SMAT_fac\" , \"SSP_legality\" , \"TMAT_fac\" , \"bup_phys\" , \"drugdeathrate\" , \"drugdeaths\" , \"drugdep\" , \"fentanyl_seize\" , \"mme_percap\" , \"nonmedpain\" , \"num_SSPs\" , \"op_rel_inpat\" , \"partD30dayrxrate\" , \"pct_tx_med\" , \"pctunins\" , \"pctunmetneed\" ] , panel = [ 0 ] ) ;","isMeta":false,"output":{"data":{"values":[["AMAT_fac","AMAT_fac","1"],["AMAT_fac","CDC_consult",null],["AMAT_fac","CURES_funds","0.672071667350928"],["AMAT_fac","DHAP_funds","0.726803293154009"],["AMAT_fac","DVH_funds","0.59959333218536"],["AMAT_fac","HCVacute","0.390483249804629"],["AMAT_fac","HCVacuterate","0.122834820648981"],["AMAT_fac","HCVcases",null],["AMAT_fac","HCVprevalence",null],["AMAT_fac","HIVdiagnoses","0.2619765573061"],["AMAT_fac","HIVincidence","-0.000240681498477025"],["AMAT_fac","HIVprevalence","0.0763155422236726"],["AMAT_fac","HOPWA_funds","0.687269767525169"],["AMAT_fac","MH_fac","0.783839995120836"],["AMAT_fac","Med_AMAT_fac","0.957253421194493"],["AMAT_fac","Med_MH_fac","0.772043879346464"],["AMAT_fac","Med_SA_fac","0.399103129205105"],["AMAT_fac","Med_SMAT_fac","0.614743041696833"],["AMAT_fac","Med_TMAT_fac","0.815599301936982"],["AMAT_fac","PDMP_check_req","0.293789236974279"],["AMAT_fac","PLHIV","0.339514720853846"],["AMAT_fac","Population","0.404060962363166"],["AMAT_fac","RW_funds",null],["AMAT_fac","SA_fac","0.33393809708708"],["AMAT_fac","SMAT_fac","0.655484586986333"],["AMAT_fac","SSP_legality","0.29952708068454"],["AMAT_fac","TMAT_fac","0.885762929380061"],["AMAT_fac","bup_phys","0.835464442704293"],["AMAT_fac","drugdeathrate","0.29243608128967"],["AMAT_fac","drugdeaths","0.564381827698674"],["AMAT_fac","drugdep","0.279819328801384"],["AMAT_fac","fentanyl_seize","0.42322010926723"],["AMAT_fac","mme_percap","-0.222156886626138"],["AMAT_fac","nonmedpain","-0.0665101505401652"],["AMAT_fac","num_SSPs","0.424561888679736"],["AMAT_fac","op_rel_inpat","0.302870322375363"],["AMAT_fac","partD30dayrxrate","-0.273722963039412"],["AMAT_fac","pct_tx_med","0.284151325570943"],["AMAT_fac","pctunins","-0.124312820667281"],["AMAT_fac","pctunmetneed","-0.0356441013154342"],["CDC_consult","AMAT_fac",null],["CDC_consult","CDC_consult","1"],["CDC_consult","CURES_funds",null],["CDC_consult","DHAP_funds",null],["CDC_consult","DVH_funds",null],["CDC_consult","HCVacute",null],["CDC_consult","HCVacuterate",null],["CDC_consult","HCVcases",null],["CDC_consult","HCVprevalence",null],["CDC_consult","HIVdiagnoses",null],["CDC_consult","HIVincidence",null],["CDC_consult","HIVprevalence",null],["CDC_consult","HOPWA_funds",null],["CDC_consult","MH_fac",null],["CDC_consult","Med_AMAT_fac",null],["CDC_consult","Med_MH_fac",null],["CDC_consult","Med_SA_fac",null],["CDC_consult","Med_SMAT_fac",null],["CDC_consult","Med_TMAT_fac",null],["CDC_consult","PDMP_check_req",null],["CDC_consult","PLHIV",null],["CDC_consult","Population",null],["CDC_consult","RW_funds",null],["CDC_consult","SA_fac",null],["CDC_consult","SMAT_fac",null],["CDC_consult","SSP_legality",null],["CDC_consult","TMAT_fac",null],["CDC_consult","bup_phys",null],["CDC_consult","drugdeathrate",null],["CDC_consult","drugdeaths",null],["CDC_consult","drugdep",null],["CDC_consult","fentanyl_seize",null],["CDC_consult","mme_percap",null],["CDC_consult","nonmedpain",null],["CDC_consult","num_SSPs","0.270801540119394"],["CDC_consult","op_rel_inpat",null],["CDC_consult","partD30dayrxrate",null],["CDC_consult","pct_tx_med",null],["CDC_consult","pctunins",null],["CDC_consult","pctunmetneed",null],["CURES_funds","AMAT_fac","0.672071667350928"],["CURES_funds","CDC_consult",null],["CURES_funds","CURES_funds","1"],["CURES_funds","DHAP_funds",null],["CURES_funds","DVH_funds",null],["CURES_funds","HCVacute",null],["CURES_funds","HCVacuterate",null],["CURES_funds","HCVcases",null],["CURES_funds","HCVprevalence",null],["CURES_funds","HIVdiagnoses",null],["CURES_funds","HIVincidence",null],["CURES_funds","HIVprevalence",null],["CURES_funds","HOPWA_funds","0.759975348422356"],["CURES_funds","MH_fac","0.891392595591481"],["CURES_funds","Med_AMAT_fac","0.552506698651809"],["CURES_funds","Med_MH_fac","0.835952248371732"],["CURES_funds","Med_SA_fac","0.762676834305326"],["CURES_funds","Med_SMAT_fac","0.611832486088737"],["CURES_funds","Med_TMAT_fac","0.523160358101735"],["CURES_funds","PDMP_check_req",null],["CURES_funds","PLHIV",null],["CURES_funds","Population",null],["CURES_funds","RW_funds",null],["CURES_funds","SA_fac","0.891015433775779"],["CURES_funds","SMAT_fac","0.806161788949167"],["CURES_funds","SSP_legality","0.0834378447656684"],["CURES_funds","TMAT_fac","0.724941705705645"],["CURES_funds","bup_phys","0.914954634493434"],["CURES_funds","drugdeathrate",null],["CURES_funds","drugdeaths",null],["CURES_funds","drugdep",null],["CURES_funds","fentanyl_seize",null],["CURES_funds","mme_percap",null],["CURES_funds","nonmedpain",null],["CURES_funds","num_SSPs","0.470880737523736"],["CURES_funds","op_rel_inpat",null],["CURES_funds","partD30dayrxrate",null],["CURES_funds","pct_tx_med",null],["CURES_funds","pctunins",null],["CURES_funds","pctunmetneed",null],["DHAP_funds","AMAT_fac","0.726803293154009"],["DHAP_funds","CDC_consult",null],["DHAP_funds","CURES_funds",null],["DHAP_funds","DHAP_funds","1"],["DHAP_funds","DVH_funds","0.395023646733635"],["DHAP_funds","HCVacute",null],["DHAP_funds","HCVacuterate",null],["DHAP_funds","HCVcases",null],["DHAP_funds","HCVprevalence",null],["DHAP_funds","HIVdiagnoses","0.841144899913843"],["DHAP_funds","HIVincidence","0.469190070445788"],["DHAP_funds","HIVprevalence",null],["DHAP_funds","HOPWA_funds",null],["DHAP_funds","MH_fac","0.787414801359571"],["DHAP_funds","Med_AMAT_fac","0.650308246081558"],["DHAP_funds","Med_MH_fac","0.75017415428384"],["DHAP_funds","Med_SA_fac","0.71694886089973"],["DHAP_funds","Med_SMAT_fac","0.717779974228081"],["DHAP_funds","Med_TMAT_fac","0.697132858216387"],["DHAP_funds","PDMP_check_req","0.0791869731625593"],["DHAP_funds","PLHIV",null],["DHAP_funds","Population","0.84460403962169"],["DHAP_funds","RW_funds",null],["DHAP_funds","SA_fac","0.811180466015373"],["DHAP_funds","SMAT_fac","0.866357017902887"],["DHAP_funds","SSP_legality",null],["DHAP_funds","TMAT_fac","0.855427459613563"],["DHAP_funds","bup_phys",null],["DHAP_funds","drugdeathrate","-0.0223254440655505"],["DHAP_funds","drugdeaths","0.735900727702219"],["DHAP_funds","drugdep","0.101770205618679"],["DHAP_funds","fentanyl_seize","0.210524164176839"],["DHAP_funds","mme_percap",null],["DHAP_funds","nonmedpain","-0.0504390063275148"],["DHAP_funds","num_SSPs",null],["DHAP_funds","op_rel_inpat",null],["DHAP_funds","partD30dayrxrate",null],["DHAP_funds","pct_tx_med","-0.0566122068753553"],["DHAP_funds","pctunins","0.142157989514469"],["DHAP_funds","pctunmetneed","0.237303933794084"],["DVH_funds","AMAT_fac","0.59959333218536"],["DVH_funds","CDC_consult",null],["DVH_funds","CURES_funds",null],["DVH_funds","DHAP_funds","0.395023646733635"],["DVH_funds","DVH_funds","1"],["DVH_funds","HCVacute",null],["DVH_funds","HCVacuterate",null],["DVH_funds","HCVcases",null],["DVH_funds","HCVprevalence",null],["DVH_funds","HIVdiagnoses","0.282217762093035"],["DVH_funds","HIVincidence","0.0697694600941324"],["DVH_funds","HIVprevalence",null],["DVH_funds","HOPWA_funds",null],["DVH_funds","MH_fac","0.499592126098478"],["DVH_funds","Med_AMAT_fac","0.518215180662784"],["DVH_funds","Med_MH_fac","0.500045134953914"],["DVH_funds","Med_SA_fac","0.579584272952571"],["DVH_funds","Med_SMAT_fac","0.474460276775312"],["DVH_funds","Med_TMAT_fac","0.464974700750205"],["DVH_funds","PDMP_check_req","0.101175155495032"],["DVH_funds","PLHIV",null],["DVH_funds","Population","0.411018616766024"],["DVH_funds","RW_funds",null],["DVH_funds","SA_fac","0.587109413143376"],["DVH_funds","SMAT_fac","0.52419999476185"],["DVH_funds","SSP_legality",null],["DVH_funds","TMAT_fac","0.545246035735614"],["DVH_funds","bup_phys",null],["DVH_funds","drugdeathrate","0.117961401282022"],["DVH_funds","drugdeaths","0.49243526848843"],["DVH_funds","drugdep","0.0627526510231995"],["DVH_funds","fentanyl_seize","0.350959652867138"],["DVH_funds","mme_percap",null],["DVH_funds","nonmedpain","-0.121867348223839"],["DVH_funds","num_SSPs",null],["DVH_funds","op_rel_inpat",null],["DVH_funds","partD30dayrxrate",null],["DVH_funds","pct_tx_med","0.136697479268714"],["DVH_funds","pctunins","-0.203953509274727"],["DVH_funds","pctunmetneed","0.141575232036874"],["HCVacute","AMAT_fac","0.390483249804629"],["HCVacute","CDC_consult",null],["HCVacute","CURES_funds",null],["HCVacute","DHAP_funds",null],["HCVacute","DVH_funds",null],["HCVacute","HCVacute","1"],["HCVacute","HCVacuterate","0.715829655110307"],["HCVacute","HCVcases","0.373579709335546"],["HCVacute","HCVprevalence","0.15820424500922"],["HCVacute","HIVdiagnoses","0.279661742483048"],["HCVacute","HIVincidence","0.0925259056018446"],["HCVacute","HIVprevalence","0.186887107223962"],["HCVacute","HOPWA_funds",null],["HCVacute","MH_fac","0.496770297499689"],["HCVacute","Med_AMAT_fac","0.348237573307547"],["HCVacute","Med_MH_fac","0.500991788237488"],["HCVacute","Med_SA_fac","0.365878591966485"],["HCVacute","Med_SMAT_fac","0.356618565300483"],["HCVacute","Med_TMAT_fac","0.386181036824132"],["HCVacute","PDMP_check_req",null],["HCVacute","PLHIV","0.332975384906659"],["HCVacute","Population","0.312404098998628"],["HCVacute","RW_funds",null],["HCVacute","SA_fac","0.328921707693671"],["HCVacute","SMAT_fac","0.40040259501084"],["HCVacute","SSP_legality",null],["HCVacute","TMAT_fac","0.423470021015816"],["HCVacute","bup_phys",null],["HCVacute","drugdeathrate","0.359621255973654"],["HCVacute","drugdeaths","0.47273705242877"],["HCVacute","drugdep",null],["HCVacute","fentanyl_seize","0.559042905934076"],["HCVacute","mme_percap","-0.00394801344828642"],["HCVacute","nonmedpain",null],["HCVacute","num_SSPs",null],["HCVacute","op_rel_inpat","0.412714068485318"],["HCVacute","partD30dayrxrate","-0.0600677894878109"],["HCVacute","pct_tx_med",null],["HCVacute","pctunins","-0.200170446976892"],["HCVacute","pctunmetneed",null],["HCVacuterate","AMAT_fac","0.122834820648981"],["HCVacuterate","CDC_consult",null],["HCVacuterate","CURES_funds",null],["HCVacuterate","DHAP_funds",null],["HCVacuterate","DVH_funds",null],["HCVacuterate","HCVacute","0.715829655110307"],["HCVacuterate","HCVacuterate","1"],["HCVacuterate","HCVcases","-0.110435209307771"],["HCVacuterate","HCVprevalence","0.242454244268667"],["HCVacuterate","HIVdiagnoses","-0.204562065167824"],["HCVacuterate","HIVincidence","-0.134010581823969"],["HCVacuterate","HIVprevalence","-0.1177994920597"],["HCVacuterate","HOPWA_funds",null],["HCVacuterate","MH_fac","-0.0483979608777442"],["HCVacuterate","Med_AMAT_fac","0.119309941554536"],["HCVacuterate","Med_MH_fac","-0.0354689633501661"],["HCVacuterate","Med_SA_fac","-0.0621185545025233"],["HCVacuterate","Med_SMAT_fac","-0.0174257182652817"],["HCVacuterate","Med_TMAT_fac","0.0529968136501935"],["HCVacuterate","PDMP_check_req",null],["HCVacuterate","PLHIV","-0.174616361984992"],["HCVacuterate","Population","-0.179847768023641"],["HCVacuterate","RW_funds",null],["HCVacuterate","SA_fac","-0.0947045119549937"],["HCVacuterate","SMAT_fac","-0.0579629234323837"],["HCVacuterate","SSP_legality",null],["HCVacuterate","TMAT_fac","0.0372102072673553"],["HCVacuterate","bup_phys",null],["HCVacuterate","drugdeathrate","0.611512157880723"],["HCVacuterate","drugdeaths","-0.0313795499686902"],["HCVacuterate","drugdep",null],["HCVacuterate","fentanyl_seize","0.300468768435042"],["HCVacuterate","mme_percap","0.178997742847353"],["HCVacuterate","nonmedpain",null],["HCVacuterate","num_SSPs",null],["HCVacuterate","op_rel_inpat","0.394020128633922"],["HCVacuterate","partD30dayrxrate","0.163538115544074"],["HCVacuterate","pct_tx_med",null],["HCVacuterate","pctunins","-0.221326740166539"],["HCVacuterate","pctunmetneed",null],["HCVcases","AMAT_fac",null],["HCVcases","CDC_consult",null],["HCVcases","CURES_funds",null],["HCVcases","DHAP_funds",null],["HCVcases","DVH_funds",null],["HCVcases","HCVacute","0.373579709335546"],["HCVcases","HCVacuterate","-0.110435209307771"],["HCVcases","HCVcases","1"],["HCVcases","HCVprevalence","0.21474191075735"],["HCVcases","HIVdiagnoses","0.880745734483196"],["HCVcases","HIVincidence","0.081361916958227"],["HCVcases","HIVprevalence","0.0992016504542814"],["HCVcases","HOPWA_funds",null],["HCVcases","MH_fac",null],["HCVcases","Med_AMAT_fac",null],["HCVcases","Med_MH_fac",null],["HCVcases","Med_SA_fac","0.589198157813148"],["HCVcases","Med_SMAT_fac","0.452179010451157"],["HCVcases","Med_TMAT_fac","0.514760495960661"],["HCVcases","PDMP_check_req",null],["HCVcases","PLHIV","0.835947735967039"],["HCVcases","Population","0.956450642203084"],["HCVcases","RW_funds",null],["HCVcases","SA_fac","0.869445062183704"],["HCVcases","SMAT_fac","0.728010366486846"],["HCVcases","SSP_legality",null],["HCVcases","TMAT_fac","0.697692513023704"],["HCVcases","bup_phys",null],["HCVcases","drugdeathrate","-0.0420310966327911"],["HCVcases","drugdeaths","0.912463556404759"],["HCVcases","drugdep",null],["HCVcases","fentanyl_seize",null],["HCVcases","mme_percap","-0.0491113878248094"],["HCVcases","nonmedpain",null],["HCVcases","num_SSPs",null],["HCVcases","op_rel_inpat","-0.0132571146005504"],["HCVcases","partD30dayrxrate",null],["HCVcases","pct_tx_med",null],["HCVcases","pctunins",null],["HCVcases","pctunmetneed",null],["HCVprevalence","AMAT_fac",null],["HCVprevalence","CDC_consult",null],["HCVprevalence","CURES_funds",null],["HCVprevalence","DHAP_funds",null],["HCVprevalence","DVH_funds",null],["HCVprevalence","HCVacute","0.15820424500922"],["HCVprevalence","HCVacuterate","0.242454244268667"],["HCVprevalence","HCVcases","0.21474191075735"],["HCVprevalence","HCVprevalence","1"],["HCVprevalence","HIVdiagnoses","0.0761051211036771"],["HCVprevalence","HIVincidence","0.409551485104848"],["HCVprevalence","HIVprevalence","0.397728576497968"],["HCVprevalence","HOPWA_funds",null],["HCVprevalence","MH_fac",null],["HCVprevalence","Med_AMAT_fac",null],["HCVprevalence","Med_MH_fac",null],["HCVprevalence","Med_SA_fac","-0.070877195453391"],["HCVprevalence","Med_SMAT_fac","-0.0906378505702912"],["HCVprevalence","Med_TMAT_fac","-0.0513177756212359"],["HCVprevalence","PDMP_check_req",null],["HCVprevalence","PLHIV","0.0504943106569785"],["HCVprevalence","Population","0.0204773984841355"],["HCVprevalence","RW_funds",null],["HCVprevalence","SA_fac","0.0151921103277353"],["HCVprevalence","SMAT_fac","-0.0408971458912505"],["HCVprevalence","SSP_legality",null],["HCVprevalence","TMAT_fac","-0.0352040779349727"],["HCVprevalence","bup_phys",null],["HCVprevalence","drugdeathrate","0.445295756562044"],["HCVprevalence","drugdeaths","0.0868136801795168"],["HCVprevalence","drugdep",null],["HCVprevalence","fentanyl_seize",null],["HCVprevalence","mme_percap","0.234490132602682"],["HCVprevalence","nonmedpain",null],["HCVprevalence","num_SSPs",null],["HCVprevalence","op_rel_inpat","-0.0292569399485906"],["HCVprevalence","partD30dayrxrate",null],["HCVprevalence","pct_tx_med",null],["HCVprevalence","pctunins",null],["HCVprevalence","pctunmetneed",null],["HIVdiagnoses","AMAT_fac","0.2619765573061"],["HIVdiagnoses","CDC_consult",null],["HIVdiagnoses","CURES_funds",null],["HIVdiagnoses","DHAP_funds","0.841144899913843"],["HIVdiagnoses","DVH_funds","0.282217762093035"],["HIVdiagnoses","HCVacute","0.279661742483048"],["HIVdiagnoses","HCVacuterate","-0.204562065167824"],["HIVdiagnoses","HCVcases","0.880745734483196"],["HIVdiagnoses","HCVprevalence","0.0761051211036771"],["HIVdiagnoses","HIVdiagnoses","1"],["HIVdiagnoses","HIVincidence","0.284625826455481"],["HIVdiagnoses","HIVprevalence","0.265040993465239"],["HIVdiagnoses","HOPWA_funds",null],["HIVdiagnoses","MH_fac","0.691697973697232"],["HIVdiagnoses","Med_AMAT_fac","0.218865379550733"],["HIVdiagnoses","Med_MH_fac","0.6296137352407"],["HIVdiagnoses","Med_SA_fac","0.595030421901193"],["HIVdiagnoses","Med_SMAT_fac","0.485566138895429"],["HIVdiagnoses","Med_TMAT_fac","0.362116480851811"],["HIVdiagnoses","PDMP_check_req","-0.08854471021026"],["HIVdiagnoses","PLHIV","0.947070877746577"],["HIVdiagnoses","Population","0.930023424422184"],["HIVdiagnoses","RW_funds",null],["HIVdiagnoses","SA_fac","0.764704221138847"],["HIVdiagnoses","SMAT_fac","0.706432230106196"],["HIVdiagnoses","SSP_legality",null],["HIVdiagnoses","TMAT_fac","0.508051114198862"],["HIVdiagnoses","bup_phys",null],["HIVdiagnoses","drugdeathrate","-0.155615354164877"],["HIVdiagnoses","drugdeaths","0.811428531988835"],["HIVdiagnoses","drugdep","-0.0305200552947856"],["HIVdiagnoses","fentanyl_seize","0.12312718734294"],["HIVdiagnoses","mme_percap","-0.129330916512493"],["HIVdiagnoses","nonmedpain","-0.0285409351694196"],["HIVdiagnoses","num_SSPs",null],["HIVdiagnoses","op_rel_inpat","0.031252313114464"],["HIVdiagnoses","partD30dayrxrate","-0.142295667887424"],["HIVdiagnoses","pct_tx_med","-0.234615286265172"],["HIVdiagnoses","pctunins","0.381381984791354"],["HIVdiagnoses","pctunmetneed","0.220347911021546"],["HIVincidence","AMAT_fac","-0.000240681498477025"],["HIVincidence","CDC_consult",null],["HIVincidence","CURES_funds",null],["HIVincidence","DHAP_funds","0.469190070445788"],["HIVincidence","DVH_funds","0.0697694600941324"],["HIVincidence","HCVacute","0.0925259056018446"],["HIVincidence","HCVacuterate","-0.134010581823969"],["HIVincidence","HCVcases","0.081361916958227"],["HIVincidence","HCVprevalence","0.409551485104848"],["HIVincidence","HIVdiagnoses","0.284625826455481"],["HIVincidence","HIVincidence","1"],["HIVincidence","HIVprevalence","0.90124194831506"],["HIVincidence","HOPWA_funds",null],["HIVincidence","MH_fac","0.128955228102735"],["HIVincidence","Med_AMAT_fac","-0.00364452441388682"],["HIVincidence","Med_MH_fac","0.107596817557401"],["HIVincidence","Med_SA_fac","0.000417159134974993"],["HIVincidence","Med_SMAT_fac","0.0421906588145919"],["HIVincidence","Med_TMAT_fac","0.0227904306126401"],["HIVincidence","PDMP_check_req","-0.145623446154252"],["HIVincidence","PLHIV","0.234812767676442"],["HIVincidence","Population","0.146637197585266"],["HIVincidence","RW_funds",null],["HIVincidence","SA_fac","0.0417635770455111"],["HIVincidence","SMAT_fac","0.0787499653714969"],["HIVincidence","SSP_legality",null],["HIVincidence","TMAT_fac","0.0445355425866188"],["HIVincidence","bup_phys",null],["HIVincidence","drugdeathrate","-0.0221074384679069"],["HIVincidence","drugdeaths","0.124337329204633"],["HIVincidence","drugdep","0.344072876441206"],["HIVincidence","fentanyl_seize","0.000939872514599332"],["HIVincidence","mme_percap","-0.199522086506908"],["HIVincidence","nonmedpain","0.141506702387238"],["HIVincidence","num_SSPs",null],["HIVincidence","op_rel_inpat","0.219368511709941"],["HIVincidence","partD30dayrxrate","-0.0140774862972253"],["HIVincidence","pct_tx_med","-0.088907816917075"],["HIVincidence","pctunins","0.118702676944808"],["HIVincidence","pctunmetneed","0.248809454074763"],["HIVprevalence","AMAT_fac","0.0763155422236726"],["HIVprevalence","CDC_consult",null],["HIVprevalence","CURES_funds",null],["HIVprevalence","DHAP_funds",null],["HIVprevalence","DVH_funds",null],["HIVprevalence","HCVacute","0.186887107223962"],["HIVprevalence","HCVacuterate","-0.1177994920597"],["HIVprevalence","HCVcases","0.0992016504542814"],["HIVprevalence","HCVprevalence","0.397728576497968"],["HIVprevalence","HIVdiagnoses","0.265040993465239"],["HIVprevalence","HIVincidence","0.90124194831506"],["HIVprevalence","HIVprevalence","1"],["HIVprevalence","HOPWA_funds",null],["HIVprevalence","MH_fac","0.0913504895009625"],["HIVprevalence","Med_AMAT_fac","0.0829241242663623"],["HIVprevalence","Med_MH_fac","0.0816085816656774"],["HIVprevalence","Med_SA_fac","0.0768405560777075"],["HIVprevalence","Med_SMAT_fac","0.163922436640184"],["HIVprevalence","Med_TMAT_fac","0.141630424570216"],["HIVprevalence","PDMP_check_req",null],["HIVprevalence","PLHIV","0.290570394870833"],["HIVprevalence","Population","0.107345617995343"],["HIVprevalence","RW_funds",null],["HIVprevalence","SA_fac","0.077182124710304"],["HIVprevalence","SMAT_fac","0.170080834302898"],["HIVprevalence","SSP_legality",null],["HIVprevalence","TMAT_fac","0.138272409711267"],["HIVprevalence","bup_phys",null],["HIVprevalence","drugdeathrate","-0.0200083250159899"],["HIVprevalence","drugdeaths","0.0932584120528822"],["HIVprevalence","drugdep",null],["HIVprevalence","fentanyl_seize","-0.0100554790812017"],["HIVprevalence","mme_percap","-0.279990568975652"],["HIVprevalence","nonmedpain",null],["HIVprevalence","num_SSPs",null],["HIVprevalence","op_rel_inpat","0.371401660768307"],["HIVprevalence","partD30dayrxrate","-0.181545608235799"],["HIVprevalence","pct_tx_med",null],["HIVprevalence","pctunins","-0.150206406557925"],["HIVprevalence","pctunmetneed",null],["HOPWA_funds","AMAT_fac","0.687269767525169"],["HOPWA_funds","CDC_consult",null],["HOPWA_funds","CURES_funds","0.759975348422356"],["HOPWA_funds","DHAP_funds",null],["HOPWA_funds","DVH_funds",null],["HOPWA_funds","HCVacute",null],["HOPWA_funds","HCVacuterate",null],["HOPWA_funds","HCVcases",null],["HOPWA_funds","HCVprevalence",null],["HOPWA_funds","HIVdiagnoses",null],["HOPWA_funds","HIVincidence",null],["HOPWA_funds","HIVprevalence",null],["HOPWA_funds","HOPWA_funds","1"],["HOPWA_funds","MH_fac","0.716599816579771"],["HOPWA_funds","Med_AMAT_fac","0.638166644129356"],["HOPWA_funds","Med_MH_fac","0.671482474760893"],["HOPWA_funds","Med_SA_fac","0.660331072794764"],["HOPWA_funds","Med_SMAT_fac","0.660865353179183"],["HOPWA_funds","Med_TMAT_fac","0.64137142483353"],["HOPWA_funds","PDMP_check_req",null],["HOPWA_funds","PLHIV",null],["HOPWA_funds","Population",null],["HOPWA_funds","RW_funds",null],["HOPWA_funds","SA_fac","0.75822066431454"],["HOPWA_funds","SMAT_fac","0.822401430621746"],["HOPWA_funds","SSP_legality","-0.0194726844959481"],["HOPWA_funds","TMAT_fac","0.794893590801095"],["HOPWA_funds","bup_phys","0.865636065881749"],["HOPWA_funds","drugdeathrate",null],["HOPWA_funds","drugdeaths",null],["HOPWA_funds","drugdep",null],["HOPWA_funds","fentanyl_seize",null],["HOPWA_funds","mme_percap",null],["HOPWA_funds","nonmedpain",null],["HOPWA_funds","num_SSPs","0.368667184639573"],["HOPWA_funds","op_rel_inpat",null],["HOPWA_funds","partD30dayrxrate",null],["HOPWA_funds","pct_tx_med",null],["HOPWA_funds","pctunins",null],["HOPWA_funds","pctunmetneed",null],["MH_fac","AMAT_fac","0.783839995120836"],["MH_fac","CDC_consult",null],["MH_fac","CURES_funds","0.891392595591481"],["MH_fac","DHAP_funds","0.787414801359571"],["MH_fac","DVH_funds","0.499592126098478"],["MH_fac","HCVacute","0.496770297499689"],["MH_fac","HCVacuterate","-0.0483979608777442"],["MH_fac","HCVcases",null],["MH_fac","HCVprevalence",null],["MH_fac","HIVdiagnoses","0.691697973697232"],["MH_fac","HIVincidence","0.128955228102735"],["MH_fac","HIVprevalence","0.0913504895009625"],["MH_fac","HOPWA_funds","0.716599816579771"],["MH_fac","MH_fac","1"],["MH_fac","Med_AMAT_fac","0.700732580804735"],["MH_fac","Med_MH_fac","0.989176855479915"],["MH_fac","Med_SA_fac","0.894298766030444"],["MH_fac","Med_SMAT_fac","0.808262831097303"],["MH_fac","Med_TMAT_fac","0.74768883889592"],["MH_fac","PDMP_check_req","0.133459832503257"],["MH_fac","PLHIV","0.791339789090877"],["MH_fac","Population","0.812763047584088"],["MH_fac","RW_funds",null],["MH_fac","SA_fac","0.87071080291555"],["MH_fac","SMAT_fac","0.897531045357628"],["MH_fac","SSP_legality","0.101930340619643"],["MH_fac","TMAT_fac","0.859353561265222"],["MH_fac","bup_phys","0.900147396429901"],["MH_fac","drugdeathrate","0.0288311555296053"],["MH_fac","drugdeaths","0.872999811127428"],["MH_fac","drugdep","-0.000556705683535868"],["MH_fac","fentanyl_seize","0.415737340015292"],["MH_fac","mme_percap","-0.115816035495344"],["MH_fac","nonmedpain","-0.0149903602790522"],["MH_fac","num_SSPs","0.494304925362728"],["MH_fac","op_rel_inpat","0.26223317328074"],["MH_fac","partD30dayrxrate","-0.165917985125139"],["MH_fac","pct_tx_med","0.0293224135486125"],["MH_fac","pctunins","0.0309434087553605"],["MH_fac","pctunmetneed","0.0970882680471052"],["Med_AMAT_fac","AMAT_fac","0.957253421194493"],["Med_AMAT_fac","CDC_consult",null],["Med_AMAT_fac","CURES_funds","0.552506698651809"],["Med_AMAT_fac","DHAP_funds","0.650308246081558"],["Med_AMAT_fac","DVH_funds","0.518215180662784"],["Med_AMAT_fac","HCVacute","0.348237573307547"],["Med_AMAT_fac","HCVacuterate","0.119309941554536"],["Med_AMAT_fac","HCVcases",null],["Med_AMAT_fac","HCVprevalence",null],["Med_AMAT_fac","HIVdiagnoses","0.218865379550733"],["Med_AMAT_fac","HIVincidence","-0.00364452441388682"],["Med_AMAT_fac","HIVprevalence","0.0829241242663623"],["Med_AMAT_fac","HOPWA_funds","0.638166644129356"],["Med_AMAT_fac","MH_fac","0.700732580804735"],["Med_AMAT_fac","Med_AMAT_fac","1"],["Med_AMAT_fac","Med_MH_fac","0.699621385586287"],["Med_AMAT_fac","Med_SA_fac","0.399834632463521"],["Med_AMAT_fac","Med_SMAT_fac","0.644527055971551"],["Med_AMAT_fac","Med_TMAT_fac","0.855553668444871"],["Med_AMAT_fac","PDMP_check_req","0.277240614755411"],["Med_AMAT_fac","PLHIV","0.317487889079461"],["Med_AMAT_fac","Population","0.345111611741253"],["Med_AMAT_fac","RW_funds",null],["Med_AMAT_fac","SA_fac","0.30984127491282"],["Med_AMAT_fac","SMAT_fac","0.645748998376977"],["Med_AMAT_fac","SSP_legality","0.253583910381074"],["Med_AMAT_fac","TMAT_fac","0.867204430133022"],["Med_AMAT_fac","bup_phys","0.76042990736274"],["Med_AMAT_fac","drugdeathrate","0.297235077496768"],["Med_AMAT_fac","drugdeaths","0.506023291646268"],["Med_AMAT_fac","drugdep","0.298139123692013"],["Med_AMAT_fac","fentanyl_seize","0.390654720006955"],["Med_AMAT_fac","mme_percap","-0.190546405071021"],["Med_AMAT_fac","nonmedpain","-0.0978950354794716"],["Med_AMAT_fac","num_SSPs","0.370024771134857"],["Med_AMAT_fac","op_rel_inpat","0.314204703880777"],["Med_AMAT_fac","partD30dayrxrate","-0.322411048047232"],["Med_AMAT_fac","pct_tx_med","0.341327060586118"],["Med_AMAT_fac","pctunins","-0.213062662111787"],["Med_AMAT_fac","pctunmetneed","-0.0495233051340343"],["Med_MH_fac","AMAT_fac","0.772043879346464"],["Med_MH_fac","CDC_consult",null],["Med_MH_fac","CURES_funds","0.835952248371732"],["Med_MH_fac","DHAP_funds","0.75017415428384"],["Med_MH_fac","DVH_funds","0.500045134953914"],["Med_MH_fac","HCVacute","0.500991788237488"],["Med_MH_fac","HCVacuterate","-0.0354689633501661"],["Med_MH_fac","HCVcases",null],["Med_MH_fac","HCVprevalence",null],["Med_MH_fac","HIVdiagnoses","0.6296137352407"],["Med_MH_fac","HIVincidence","0.107596817557401"],["Med_MH_fac","HIVprevalence","0.0816085816656774"],["Med_MH_fac","HOPWA_funds","0.671482474760893"],["Med_MH_fac","MH_fac","0.989176855479915"],["Med_MH_fac","Med_AMAT_fac","0.699621385586287"],["Med_MH_fac","Med_MH_fac","1"],["Med_MH_fac","Med_SA_fac","0.915046417219449"],["Med_MH_fac","Med_SMAT_fac","0.843758610416404"],["Med_MH_fac","Med_TMAT_fac","0.787185626332126"],["Med_MH_fac","PDMP_check_req","0.166856501177262"],["Med_MH_fac","PLHIV","0.749379111685342"],["Med_MH_fac","Population","0.749028285289919"],["Med_MH_fac","RW_funds",null],["Med_MH_fac","SA_fac","0.82387922898656"],["Med_MH_fac","SMAT_fac","0.891537510172808"],["Med_MH_fac","SSP_legality","0.109988847455502"],["Med_MH_fac","TMAT_fac","0.856204785562715"],["Med_MH_fac","bup_phys","0.860332377059235"],["Med_MH_fac","drugdeathrate","0.0456829428321104"],["Med_MH_fac","drugdeaths","0.838436352002844"],["Med_MH_fac","drugdep","-0.00153903744991279"],["Med_MH_fac","fentanyl_seize","0.449397735234323"],["Med_MH_fac","mme_percap","-0.105882880004397"],["Med_MH_fac","nonmedpain","-0.0201166928680375"],["Med_MH_fac","num_SSPs","0.45422909897771"],["Med_MH_fac","op_rel_inpat","0.287793186504495"],["Med_MH_fac","partD30dayrxrate","-0.146193756078841"],["Med_MH_fac","pct_tx_med","0.0698949540522247"],["Med_MH_fac","pctunins","0.00513036087231268"],["Med_MH_fac","pctunmetneed","0.0749859402323986"],["Med_SA_fac","AMAT_fac","0.399103129205105"],["Med_SA_fac","CDC_consult",null],["Med_SA_fac","CURES_funds","0.762676834305326"],["Med_SA_fac","DHAP_funds","0.71694886089973"],["Med_SA_fac","DVH_funds","0.579584272952571"],["Med_SA_fac","HCVacute","0.365878591966485"],["Med_SA_fac","HCVacuterate","-0.0621185545025233"],["Med_SA_fac","HCVcases","0.589198157813148"],["Med_SA_fac","HCVprevalence","-0.070877195453391"],["Med_SA_fac","HIVdiagnoses","0.595030421901193"],["Med_SA_fac","HIVincidence","0.000417159134974993"],["Med_SA_fac","HIVprevalence","0.0768405560777075"],["Med_SA_fac","HOPWA_funds","0.660331072794764"],["Med_SA_fac","MH_fac","0.894298766030444"],["Med_SA_fac","Med_AMAT_fac","0.399834632463521"],["Med_SA_fac","Med_MH_fac","0.915046417219449"],["Med_SA_fac","Med_SA_fac","1"],["Med_SA_fac","Med_SMAT_fac","0.841227178440236"],["Med_SA_fac","Med_TMAT_fac","0.591117405440963"],["Med_SA_fac","PDMP_check_req","0.159993469293393"],["Med_SA_fac","PLHIV","0.73348377965591"],["Med_SA_fac","Population","0.70841184917362"],["Med_SA_fac","RW_funds",null],["Med_SA_fac","SA_fac","0.829974108691862"],["Med_SA_fac","SMAT_fac","0.835610774102252"],["Med_SA_fac","SSP_legality","0.177551854341901"],["Med_SA_fac","TMAT_fac","0.580898627169959"],["Med_SA_fac","bup_phys","0.822810569022953"],["Med_SA_fac","drugdeathrate","-0.00719843833448051"],["Med_SA_fac","drugdeaths","0.723438403441081"],["Med_SA_fac","drugdep","0.0477012485285806"],["Med_SA_fac","fentanyl_seize","0.363008177180453"],["Med_SA_fac","mme_percap","-0.153501000860752"],["Med_SA_fac","nonmedpain","-0.0921935077576516"],["Med_SA_fac","num_SSPs","0.486094200141006"],["Med_SA_fac","op_rel_inpat","0.399410042459058"],["Med_SA_fac","partD30dayrxrate","-0.188916057602016"],["Med_SA_fac","pct_tx_med","0.127190334705994"],["Med_SA_fac","pctunins","-0.0463590645484447"],["Med_SA_fac","pctunmetneed","0.056928468616206"],["Med_SMAT_fac","AMAT_fac","0.614743041696833"],["Med_SMAT_fac","CDC_consult",null],["Med_SMAT_fac","CURES_funds","0.611832486088737"],["Med_SMAT_fac","DHAP_funds","0.717779974228081"],["Med_SMAT_fac","DVH_funds","0.474460276775312"],["Med_SMAT_fac","HCVacute","0.356618565300483"],["Med_SMAT_fac","HCVacuterate","-0.0174257182652817"],["Med_SMAT_fac","HCVcases","0.452179010451157"],["Med_SMAT_fac","HCVprevalence","-0.0906378505702912"],["Med_SMAT_fac","HIVdiagnoses","0.485566138895429"],["Med_SMAT_fac","HIVincidence","0.0421906588145919"],["Med_SMAT_fac","HIVprevalence","0.163922436640184"],["Med_SMAT_fac","HOPWA_funds","0.660865353179183"],["Med_SMAT_fac","MH_fac","0.808262831097303"],["Med_SMAT_fac","Med_AMAT_fac","0.644527055971551"],["Med_SMAT_fac","Med_MH_fac","0.843758610416404"],["Med_SMAT_fac","Med_SA_fac","0.841227178440236"],["Med_SMAT_fac","Med_SMAT_fac","1"],["Med_SMAT_fac","Med_TMAT_fac","0.864362330462924"],["Med_SMAT_fac","PDMP_check_req","0.279199898368154"],["Med_SMAT_fac","PLHIV","0.702438022972243"],["Med_SMAT_fac","Population","0.540736017515315"],["Med_SMAT_fac","RW_funds",null],["Med_SMAT_fac","SA_fac","0.624453252683124"],["Med_SMAT_fac","SMAT_fac","0.935851728890419"],["Med_SMAT_fac","SSP_legality","0.260244708363104"],["Med_SMAT_fac","TMAT_fac","0.801777063662359"],["Med_SMAT_fac","bup_phys","0.790801244537827"],["Med_SMAT_fac","drugdeathrate","0.0729782541209488"],["Med_SMAT_fac","drugdeaths","0.583865524831677"],["Med_SMAT_fac","drugdep","0.145154964845329"],["Med_SMAT_fac","fentanyl_seize","0.380621490386425"],["Med_SMAT_fac","mme_percap","-0.19491818115642"],["Med_SMAT_fac","nonmedpain","-0.15375548689487"],["Med_SMAT_fac","num_SSPs","0.432860403190177"],["Med_SMAT_fac","op_rel_inpat","0.519312577626696"],["Med_SMAT_fac","partD30dayrxrate","-0.313789191617309"],["Med_SMAT_fac","pct_tx_med","0.256537588498935"],["Med_SMAT_fac","pctunins","-0.169366611723798"],["Med_SMAT_fac","pctunmetneed","-0.00508160636360267"],["Med_TMAT_fac","AMAT_fac","0.815599301936982"],["Med_TMAT_fac","CDC_consult",null],["Med_TMAT_fac","CURES_funds","0.523160358101735"],["Med_TMAT_fac","DHAP_funds","0.697132858216387"],["Med_TMAT_fac","DVH_funds","0.464974700750205"],["Med_TMAT_fac","HCVacute","0.386181036824132"],["Med_TMAT_fac","HCVacuterate","0.0529968136501935"],["Med_TMAT_fac","HCVcases","0.514760495960661"],["Med_TMAT_fac","HCVprevalence","-0.0513177756212359"],["Med_TMAT_fac","HIVdiagnoses","0.362116480851811"],["Med_TMAT_fac","HIVincidence","0.0227904306126401"],["Med_TMAT_fac","HIVprevalence","0.141630424570216"],["Med_TMAT_fac","HOPWA_funds","0.64137142483353"],["Med_TMAT_fac","MH_fac","0.74768883889592"],["Med_TMAT_fac","Med_AMAT_fac","0.855553668444871"],["Med_TMAT_fac","Med_MH_fac","0.787185626332126"],["Med_TMAT_fac","Med_SA_fac","0.591117405440963"],["Med_TMAT_fac","Med_SMAT_fac","0.864362330462924"],["Med_TMAT_fac","Med_TMAT_fac","1"],["Med_TMAT_fac","PDMP_check_req","0.273726782854649"],["Med_TMAT_fac","PLHIV","0.571544024591825"],["Med_TMAT_fac","Population","0.444767613702457"],["Med_TMAT_fac","RW_funds",null],["Med_TMAT_fac","SA_fac","0.430404637540591"],["Med_TMAT_fac","SMAT_fac","0.820297677219247"],["Med_TMAT_fac","SSP_legality","0.245330246391674"],["Med_TMAT_fac","TMAT_fac","0.937791199057255"],["Med_TMAT_fac","bup_phys","0.737138518813595"],["Med_TMAT_fac","drugdeathrate","0.172002825156697"],["Med_TMAT_fac","drugdeaths","0.547096530524263"],["Med_TMAT_fac","drugdep","0.161441652338581"],["Med_TMAT_fac","fentanyl_seize","0.393696163295888"],["Med_TMAT_fac","mme_percap","-0.209347976897705"],["Med_TMAT_fac","nonmedpain","-0.173607213052645"],["Med_TMAT_fac","num_SSPs","0.390551569251581"],["Med_TMAT_fac","op_rel_inpat","0.439729761440796"],["Med_TMAT_fac","partD30dayrxrate","-0.327562626814547"],["Med_TMAT_fac","pct_tx_med","0.280323363869448"],["Med_TMAT_fac","pctunins","-0.173739663247427"],["Med_TMAT_fac","pctunmetneed","0.00232054271111399"],["PDMP_check_req","AMAT_fac","0.293789236974279"],["PDMP_check_req","CDC_consult",null],["PDMP_check_req","CURES_funds",null],["PDMP_check_req","DHAP_funds","0.0791869731625593"],["PDMP_check_req","DVH_funds","0.101175155495032"],["PDMP_check_req","HCVacute",null],["PDMP_check_req","HCVacuterate",null],["PDMP_check_req","HCVcases",null],["PDMP_check_req","HCVprevalence",null],["PDMP_check_req","HIVdiagnoses","-0.08854471021026"],["PDMP_check_req","HIVincidence","-0.145623446154252"],["PDMP_check_req","HIVprevalence",null],["PDMP_check_req","HOPWA_funds",null],["PDMP_check_req","MH_fac","0.133459832503257"],["PDMP_check_req","Med_AMAT_fac","0.277240614755411"],["PDMP_check_req","Med_MH_fac","0.166856501177262"],["PDMP_check_req","Med_SA_fac","0.159993469293393"],["PDMP_check_req","Med_SMAT_fac","0.279199898368154"],["PDMP_check_req","Med_TMAT_fac","0.273726782854649"],["PDMP_check_req","PDMP_check_req","1"],["PDMP_check_req","PLHIV",null],["PDMP_check_req","Population","-0.0195046660322207"],["PDMP_check_req","RW_funds",null],["PDMP_check_req","SA_fac","-0.0121964633691006"],["PDMP_check_req","SMAT_fac","0.171662837334381"],["PDMP_check_req","SSP_legality",null],["PDMP_check_req","TMAT_fac","0.170859143342944"],["PDMP_check_req","bup_phys",null],["PDMP_check_req","drugdeathrate","0.553405549112285"],["PDMP_check_req","drugdeaths","0.212539746039173"],["PDMP_check_req","drugdep","0.154830908465534"],["PDMP_check_req","fentanyl_seize","0.419988516464973"],["PDMP_check_req","mme_percap",null],["PDMP_check_req","nonmedpain","0.028725338879478"],["PDMP_check_req","num_SSPs",null],["PDMP_check_req","op_rel_inpat",null],["PDMP_check_req","partD30dayrxrate",null],["PDMP_check_req","pct_tx_med","0.422244424890397"],["PDMP_check_req","pctunins","-0.165348206943836"],["PDMP_check_req","pctunmetneed","-0.237637710618921"],["PLHIV","AMAT_fac","0.339514720853846"],["PLHIV","CDC_consult",null],["PLHIV","CURES_funds",null],["PLHIV","DHAP_funds",null],["PLHIV","DVH_funds",null],["PLHIV","HCVacute","0.332975384906659"],["PLHIV","HCVacuterate","-0.174616361984992"],["PLHIV","HCVcases","0.835947735967039"],["PLHIV","HCVprevalence","0.0504943106569785"],["PLHIV","HIVdiagnoses","0.947070877746577"],["PLHIV","HIVincidence","0.234812767676442"],["PLHIV","HIVprevalence","0.290570394870833"],["PLHIV","HOPWA_funds",null],["PLHIV","MH_fac","0.791339789090877"],["PLHIV","Med_AMAT_fac","0.317487889079461"],["PLHIV","Med_MH_fac","0.749379111685342"],["PLHIV","Med_SA_fac","0.73348377965591"],["PLHIV","Med_SMAT_fac","0.702438022972243"],["PLHIV","Med_TMAT_fac","0.571544024591825"],["PLHIV","PDMP_check_req",null],["PLHIV","PLHIV","1"],["PLHIV","Population","0.89814292259351"],["PLHIV","RW_funds",null],["PLHIV","SA_fac","0.811471649069023"],["PLHIV","SMAT_fac","0.860229470459471"],["PLHIV","SSP_legality",null],["PLHIV","TMAT_fac","0.661774472737501"],["PLHIV","bup_phys",null],["PLHIV","drugdeathrate","-0.164574657769549"],["PLHIV","drugdeaths","0.824580387918076"],["PLHIV","drugdep",null],["PLHIV","fentanyl_seize","0.108072237586602"],["PLHIV","mme_percap","-0.171610147230124"],["PLHIV","nonmedpain",null],["PLHIV","num_SSPs",null],["PLHIV","op_rel_inpat","0.159325215890879"],["PLHIV","partD30dayrxrate","-0.256895979668567"],["PLHIV","pct_tx_med",null],["PLHIV","pctunins","0.248076529489315"],["PLHIV","pctunmetneed",null],["Population","AMAT_fac","0.404060962363166"],["Population","CDC_consult",null],["Population","CURES_funds",null],["Population","DHAP_funds","0.84460403962169"],["Population","DVH_funds","0.411018616766024"],["Population","HCVacute","0.312404098998628"],["Population","HCVacuterate","-0.179847768023641"],["Population","HCVcases","0.956450642203084"],["Population","HCVprevalence","0.0204773984841355"],["Population","HIVdiagnoses","0.930023424422184"],["Population","HIVincidence","0.146637197585266"],["Population","HIVprevalence","0.107345617995343"],["Population","HOPWA_funds",null],["Population","MH_fac","0.812763047584088"],["Population","Med_AMAT_fac","0.345111611741253"],["Population","Med_MH_fac","0.749028285289919"],["Population","Med_SA_fac","0.70841184917362"],["Population","Med_SMAT_fac","0.540736017515315"],["Population","Med_TMAT_fac","0.444767613702457"],["Population","PDMP_check_req","-0.0195046660322207"],["Population","PLHIV","0.89814292259351"],["Population","Population","1"],["Population","RW_funds",null],["Population","SA_fac","0.888292757746695"],["Population","SMAT_fac","0.77972371503853"],["Population","SSP_legality",null],["Population","TMAT_fac","0.611614057586668"],["Population","bup_phys",null],["Population","drugdeathrate","-0.122879572890922"],["Population","drugdeaths","0.899921105727288"],["Population","drugdep","-0.0548930534021693"],["Population","fentanyl_seize","0.208554141288401"],["Population","mme_percap","-0.155687588942144"],["Population","nonmedpain","0.0271166727105085"],["Population","num_SSPs",null],["Population","op_rel_inpat","0.026882264786221"],["Population","partD30dayrxrate","-0.153338490134805"],["Population","pct_tx_med","-0.169317563656484"],["Population","pctunins","0.267994764841242"],["Population","pctunmetneed","0.199347509981622"],["RW_funds","AMAT_fac",null],["RW_funds","CDC_consult",null],["RW_funds","CURES_funds",null],["RW_funds","DHAP_funds",null],["RW_funds","DVH_funds",null],["RW_funds","HCVacute",null],["RW_funds","HCVacuterate",null],["RW_funds","HCVcases",null],["RW_funds","HCVprevalence",null],["RW_funds","HIVdiagnoses",null],["RW_funds","HIVincidence",null],["RW_funds","HIVprevalence",null],["RW_funds","HOPWA_funds",null],["RW_funds","MH_fac",null],["RW_funds","Med_AMAT_fac",null],["RW_funds","Med_MH_fac",null],["RW_funds","Med_SA_fac",null],["RW_funds","Med_SMAT_fac",null],["RW_funds","Med_TMAT_fac",null],["RW_funds","PDMP_check_req",null],["RW_funds","PLHIV",null],["RW_funds","Population",null],["RW_funds","RW_funds",null],["RW_funds","SA_fac",null],["RW_funds","SMAT_fac",null],["RW_funds","SSP_legality",null],["RW_funds","TMAT_fac",null],["RW_funds","bup_phys",null],["RW_funds","drugdeathrate",null],["RW_funds","drugdeaths",null],["RW_funds","drugdep",null],["RW_funds","fentanyl_seize",null],["RW_funds","mme_percap",null],["RW_funds","nonmedpain",null],["RW_funds","num_SSPs",null],["RW_funds","op_rel_inpat",null],["RW_funds","partD30dayrxrate",null],["RW_funds","pct_tx_med",null],["RW_funds","pctunins",null],["RW_funds","pctunmetneed",null],["SA_fac","AMAT_fac","0.33393809708708"],["SA_fac","CDC_consult",null],["SA_fac","CURES_funds","0.891015433775779"],["SA_fac","DHAP_funds","0.811180466015373"],["SA_fac","DVH_funds","0.587109413143376"],["SA_fac","HCVacute","0.328921707693671"],["SA_fac","HCVacuterate","-0.0947045119549937"],["SA_fac","HCVcases","0.869445062183704"],["SA_fac","HCVprevalence","0.0151921103277353"],["SA_fac","HIVdiagnoses","0.764704221138847"],["SA_fac","HIVincidence","0.0417635770455111"],["SA_fac","HIVprevalence","0.077182124710304"],["SA_fac","HOPWA_funds","0.75822066431454"],["SA_fac","MH_fac","0.87071080291555"],["SA_fac","Med_AMAT_fac","0.30984127491282"],["SA_fac","Med_MH_fac","0.82387922898656"],["SA_fac","Med_SA_fac","0.829974108691862"],["SA_fac","Med_SMAT_fac","0.624453252683124"],["SA_fac","Med_TMAT_fac","0.430404637540591"],["SA_fac","PDMP_check_req","-0.0121964633691006"],["SA_fac","PLHIV","0.811471649069023"],["SA_fac","Population","0.888292757746695"],["SA_fac","RW_funds",null],["SA_fac","SA_fac","1"],["SA_fac","SMAT_fac","0.769007867111844"],["SA_fac","SSP_legality","0.143255731839843"],["SA_fac","TMAT_fac","0.515756168166065"],["SA_fac","bup_phys","0.882525173151877"],["SA_fac","drugdeathrate","-0.0862294281224736"],["SA_fac","drugdeaths","0.823903107871808"],["SA_fac","drugdep","0.0121328558633233"],["SA_fac","fentanyl_seize","0.20798022376724"],["SA_fac","mme_percap","-0.195052543055985"],["SA_fac","nonmedpain","-0.0355790835727646"],["SA_fac","num_SSPs","0.605101835821684"],["SA_fac","op_rel_inpat","0.216875566940552"],["SA_fac","partD30dayrxrate","-0.225984269767117"],["SA_fac","pct_tx_med","-0.0271761343964348"],["SA_fac","pctunins","0.059576662838945"],["SA_fac","pctunmetneed","0.141451832430621"],["SMAT_fac","AMAT_fac","0.655484586986333"],["SMAT_fac","CDC_consult",null],["SMAT_fac","CURES_funds","0.806161788949167"],["SMAT_fac","DHAP_funds","0.866357017902887"],["SMAT_fac","DVH_funds","0.52419999476185"],["SMAT_fac","HCVacute","0.40040259501084"],["SMAT_fac","HCVacuterate","-0.0579629234323837"],["SMAT_fac","HCVcases","0.728010366486846"],["SMAT_fac","HCVprevalence","-0.0408971458912505"],["SMAT_fac","HIVdiagnoses","0.706432230106196"],["SMAT_fac","HIVincidence","0.0787499653714969"],["SMAT_fac","HIVprevalence","0.170080834302898"],["SMAT_fac","HOPWA_funds","0.822401430621746"],["SMAT_fac","MH_fac","0.897531045357628"],["SMAT_fac","Med_AMAT_fac","0.645748998376977"],["SMAT_fac","Med_MH_fac","0.891537510172808"],["SMAT_fac","Med_SA_fac","0.835610774102252"],["SMAT_fac","Med_SMAT_fac","0.935851728890419"],["SMAT_fac","Med_TMAT_fac","0.820297677219247"],["SMAT_fac","PDMP_check_req","0.171662837334381"],["SMAT_fac","PLHIV","0.860229470459471"],["SMAT_fac","Population","0.77972371503853"],["SMAT_fac","RW_funds",null],["SMAT_fac","SA_fac","0.769007867111844"],["SMAT_fac","SMAT_fac","1"],["SMAT_fac","SSP_legality","0.204483020915126"],["SMAT_fac","TMAT_fac","0.860028798743224"],["SMAT_fac","bup_phys","0.929770109271069"],["SMAT_fac","drugdeathrate","0.016515617610348"],["SMAT_fac","drugdeaths","0.775910638907124"],["SMAT_fac","drugdep","0.102718234696168"],["SMAT_fac","fentanyl_seize","0.32821417831988"],["SMAT_fac","mme_percap","-0.235262847360763"],["SMAT_fac","nonmedpain","-0.124761243827777"],["SMAT_fac","num_SSPs","0.508266174785452"],["SMAT_fac","op_rel_inpat","0.443826118292268"],["SMAT_fac","partD30dayrxrate","-0.295813294840084"],["SMAT_fac","pct_tx_med","0.11513243609573"],["SMAT_fac","pctunins","-0.0345794880372658"],["SMAT_fac","pctunmetneed","0.0652135217905066"],["SSP_legality","AMAT_fac","0.29952708068454"],["SSP_legality","CDC_consult",null],["SSP_legality","CURES_funds","0.0834378447656684"],["SSP_legality","DHAP_funds",null],["SSP_legality","DVH_funds",null],["SSP_legality","HCVacute",null],["SSP_legality","HCVacuterate",null],["SSP_legality","HCVcases",null],["SSP_legality","HCVprevalence",null],["SSP_legality","HIVdiagnoses",null],["SSP_legality","HIVincidence",null],["SSP_legality","HIVprevalence",null],["SSP_legality","HOPWA_funds","-0.0194726844959481"],["SSP_legality","MH_fac","0.101930340619643"],["SSP_legality","Med_AMAT_fac","0.253583910381074"],["SSP_legality","Med_MH_fac","0.109988847455502"],["SSP_legality","Med_SA_fac","0.177551854341901"],["SSP_legality","Med_SMAT_fac","0.260244708363104"],["SSP_legality","Med_TMAT_fac","0.245330246391674"],["SSP_legality","PDMP_check_req",null],["SSP_legality","PLHIV",null],["SSP_legality","Population",null],["SSP_legality","RW_funds",null],["SSP_legality","SA_fac","0.143255731839843"],["SSP_legality","SMAT_fac","0.204483020915126"],["SSP_legality","SSP_legality","1"],["SSP_legality","TMAT_fac","0.218523982061583"],["SSP_legality","bup_phys","0.169415183654684"],["SSP_legality","drugdeathrate",null],["SSP_legality","drugdeaths",null],["SSP_legality","drugdep",null],["SSP_legality","fentanyl_seize",null],["SSP_legality","mme_percap",null],["SSP_legality","nonmedpain",null],["SSP_legality","num_SSPs","0.37856861903009"],["SSP_legality","op_rel_inpat",null],["SSP_legality","partD30dayrxrate",null],["SSP_legality","pct_tx_med",null],["SSP_legality","pctunins",null],["SSP_legality","pctunmetneed",null],["TMAT_fac","AMAT_fac","0.885762929380061"],["TMAT_fac","CDC_consult",null],["TMAT_fac","CURES_funds","0.724941705705645"],["TMAT_fac","DHAP_funds","0.855427459613563"],["TMAT_fac","DVH_funds","0.545246035735614"],["TMAT_fac","HCVacute","0.423470021015816"],["TMAT_fac","HCVacuterate","0.0372102072673553"],["TMAT_fac","HCVcases","0.697692513023704"],["TMAT_fac","HCVprevalence","-0.0352040779349727"],["TMAT_fac","HIVdiagnoses","0.508051114198862"],["TMAT_fac","HIVincidence","0.0445355425866188"],["TMAT_fac","HIVprevalence","0.138272409711267"],["TMAT_fac","HOPWA_funds","0.794893590801095"],["TMAT_fac","MH_fac","0.859353561265222"],["TMAT_fac","Med_AMAT_fac","0.867204430133022"],["TMAT_fac","Med_MH_fac","0.856204785562715"],["TMAT_fac","Med_SA_fac","0.580898627169959"],["TMAT_fac","Med_SMAT_fac","0.801777063662359"],["TMAT_fac","Med_TMAT_fac","0.937791199057255"],["TMAT_fac","PDMP_check_req","0.170859143342944"],["TMAT_fac","PLHIV","0.661774472737501"],["TMAT_fac","Population","0.611614057586668"],["TMAT_fac","RW_funds",null],["TMAT_fac","SA_fac","0.515756168166065"],["TMAT_fac","SMAT_fac","0.860028798743224"],["TMAT_fac","SSP_legality","0.218523982061583"],["TMAT_fac","TMAT_fac","1"],["TMAT_fac","bup_phys","0.889662064405364"],["TMAT_fac","drugdeathrate","0.138573849619815"],["TMAT_fac","drugdeaths","0.689328349720219"],["TMAT_fac","drugdep","0.116707102267105"],["TMAT_fac","fentanyl_seize","0.351314786153703"],["TMAT_fac","mme_percap","-0.246261807231596"],["TMAT_fac","nonmedpain","-0.155278181782319"],["TMAT_fac","num_SSPs","0.483936927523692"],["TMAT_fac","op_rel_inpat","0.388109523717314"],["TMAT_fac","partD30dayrxrate","-0.305481593179579"],["TMAT_fac","pct_tx_med","0.13975897997037"],["TMAT_fac","pctunins","-0.0434454756242742"],["TMAT_fac","pctunmetneed","0.0736659660680743"],["bup_phys","AMAT_fac","0.835464442704293"],["bup_phys","CDC_consult",null],["bup_phys","CURES_funds","0.914954634493434"],["bup_phys","DHAP_funds",null],["bup_phys","DVH_funds",null],["bup_phys","HCVacute",null],["bup_phys","HCVacuterate",null],["bup_phys","HCVcases",null],["bup_phys","HCVprevalence",null],["bup_phys","HIVdiagnoses",null],["bup_phys","HIVincidence",null],["bup_phys","HIVprevalence",null],["bup_phys","HOPWA_funds","0.865636065881749"],["bup_phys","MH_fac","0.900147396429901"],["bup_phys","Med_AMAT_fac","0.76042990736274"],["bup_phys","Med_MH_fac","0.860332377059235"],["bup_phys","Med_SA_fac","0.822810569022953"],["bup_phys","Med_SMAT_fac","0.790801244537827"],["bup_phys","Med_TMAT_fac","0.737138518813595"],["bup_phys","PDMP_check_req",null],["bup_phys","PLHIV",null],["bup_phys","Population",null],["bup_phys","RW_funds",null],["bup_phys","SA_fac","0.882525173151877"],["bup_phys","SMAT_fac","0.929770109271069"],["bup_phys","SSP_legality","0.169415183654684"],["bup_phys","TMAT_fac","0.889662064405364"],["bup_phys","bup_phys","1"],["bup_phys","drugdeathrate",null],["bup_phys","drugdeaths",null],["bup_phys","drugdep",null],["bup_phys","fentanyl_seize",null],["bup_phys","mme_percap",null],["bup_phys","nonmedpain",null],["bup_phys","num_SSPs","0.512923467166807"],["bup_phys","op_rel_inpat",null],["bup_phys","partD30dayrxrate",null],["bup_phys","pct_tx_med",null],["bup_phys","pctunins",null],["bup_phys","pctunmetneed",null],["drugdeathrate","AMAT_fac","0.29243608128967"],["drugdeathrate","CDC_consult",null],["drugdeathrate","CURES_funds",null],["drugdeathrate","DHAP_funds","-0.0223254440655505"],["drugdeathrate","DVH_funds","0.117961401282022"],["drugdeathrate","HCVacute","0.359621255973654"],["drugdeathrate","HCVacuterate","0.611512157880723"],["drugdeathrate","HCVcases","-0.0420310966327911"],["drugdeathrate","HCVprevalence","0.445295756562044"],["drugdeathrate","HIVdiagnoses","-0.155615354164877"],["drugdeathrate","HIVincidence","-0.0221074384679069"],["drugdeathrate","HIVprevalence","-0.0200083250159899"],["drugdeathrate","HOPWA_funds",null],["drugdeathrate","MH_fac","0.0288311555296053"],["drugdeathrate","Med_AMAT_fac","0.297235077496768"],["drugdeathrate","Med_MH_fac","0.0456829428321104"],["drugdeathrate","Med_SA_fac","-0.00719843833448051"],["drugdeathrate","Med_SMAT_fac","0.0729782541209488"],["drugdeathrate","Med_TMAT_fac","0.172002825156697"],["drugdeathrate","PDMP_check_req","0.553405549112285"],["drugdeathrate","PLHIV","-0.164574657769549"],["drugdeathrate","Population","-0.122879572890922"],["drugdeathrate","RW_funds",null],["drugdeathrate","SA_fac","-0.0862294281224736"],["drugdeathrate","SMAT_fac","0.016515617610348"],["drugdeathrate","SSP_legality",null],["drugdeathrate","TMAT_fac","0.138573849619815"],["drugdeathrate","bup_phys",null],["drugdeathrate","drugdeathrate","1"],["drugdeathrate","drugdeaths","0.178632573171656"],["drugdeathrate","drugdep","0.480967915682"],["drugdeathrate","fentanyl_seize","0.430098956275501"],["drugdeathrate","mme_percap","0.351167190385578"],["drugdeathrate","nonmedpain","-0.0166744693692945"],["drugdeathrate","num_SSPs",null],["drugdeathrate","op_rel_inpat","0.416741455558024"],["drugdeathrate","partD30dayrxrate","0.0678716509241609"],["drugdeathrate","pct_tx_med","0.58726175262915"],["drugdeathrate","pctunins","-0.274398175558876"],["drugdeathrate","pctunmetneed","-0.233552900229486"],["drugdeaths","AMAT_fac","0.564381827698674"],["drugdeaths","CDC_consult",null],["drugdeaths","CURES_funds",null],["drugdeaths","DHAP_funds","0.735900727702219"],["drugdeaths","DVH_funds","0.49243526848843"],["drugdeaths","HCVacute","0.47273705242877"],["drugdeaths","HCVacuterate","-0.0313795499686902"],["drugdeaths","HCVcases","0.912463556404759"],["drugdeaths","HCVprevalence","0.0868136801795168"],["drugdeaths","HIVdiagnoses","0.811428531988835"],["drugdeaths","HIVincidence","0.124337329204633"],["drugdeaths","HIVprevalence","0.0932584120528822"],["drugdeaths","HOPWA_funds",null],["drugdeaths","MH_fac","0.872999811127428"],["drugdeaths","Med_AMAT_fac","0.506023291646268"],["drugdeaths","Med_MH_fac","0.838436352002844"],["drugdeaths","Med_SA_fac","0.723438403441081"],["drugdeaths","Med_SMAT_fac","0.583865524831677"],["drugdeaths","Med_TMAT_fac","0.547096530524263"],["drugdeaths","PDMP_check_req","0.212539746039173"],["drugdeaths","PLHIV","0.824580387918076"],["drugdeaths","Population","0.899921105727288"],["drugdeaths","RW_funds",null],["drugdeaths","SA_fac","0.823903107871808"],["drugdeaths","SMAT_fac","0.775910638907124"],["drugdeaths","SSP_legality",null],["drugdeaths","TMAT_fac","0.689328349720219"],["drugdeaths","bup_phys",null],["drugdeaths","drugdeathrate","0.178632573171656"],["drugdeaths","drugdeaths","1"],["drugdeaths","drugdep","0.0373455786457673"],["drugdeaths","fentanyl_seize","0.545173197582389"],["drugdeaths","mme_percap","-0.0396477633154582"],["drugdeaths","nonmedpain","-0.0335709600004983"],["drugdeaths","num_SSPs",null],["drugdeaths","op_rel_inpat","0.15869256812529"],["drugdeaths","partD30dayrxrate","-0.1478524658785"],["drugdeaths","pct_tx_med","0.0251556673057721"],["drugdeaths","pctunins","0.0900218507009349"],["drugdeaths","pctunmetneed","0.0355126920152883"],["drugdep","AMAT_fac","0.279819328801384"],["drugdep","CDC_consult",null],["drugdep","CURES_funds",null],["drugdep","DHAP_funds","0.101770205618679"],["drugdep","DVH_funds","0.0627526510231995"],["drugdep","HCVacute",null],["drugdep","HCVacuterate",null],["drugdep","HCVcases",null],["drugdep","HCVprevalence",null],["drugdep","HIVdiagnoses","-0.0305200552947856"],["drugdep","HIVincidence","0.344072876441206"],["drugdep","HIVprevalence",null],["drugdep","HOPWA_funds",null],["drugdep","MH_fac","-0.000556705683535868"],["drugdep","Med_AMAT_fac","0.298139123692013"],["drugdep","Med_MH_fac","-0.00153903744991279"],["drugdep","Med_SA_fac","0.0477012485285806"],["drugdep","Med_SMAT_fac","0.145154964845329"],["drugdep","Med_TMAT_fac","0.161441652338581"],["drugdep","PDMP_check_req","0.154830908465534"],["drugdep","PLHIV",null],["drugdep","Population","-0.0548930534021693"],["drugdep","RW_funds",null],["drugdep","SA_fac","0.0121328558633233"],["drugdep","SMAT_fac","0.102718234696168"],["drugdep","SSP_legality",null],["drugdep","TMAT_fac","0.116707102267105"],["drugdep","bup_phys",null],["drugdep","drugdeathrate","0.480967915682"],["drugdep","drugdeaths","0.0373455786457673"],["drugdep","drugdep","1"],["drugdep","fentanyl_seize","0.0825635600139503"],["drugdep","mme_percap",null],["drugdep","nonmedpain","0.351693226849479"],["drugdep","num_SSPs",null],["drugdep","op_rel_inpat",null],["drugdep","partD30dayrxrate",null],["drugdep","pct_tx_med","0.516492438474194"],["drugdep","pctunins","-0.198424115685859"],["drugdep","pctunmetneed","-0.262604472493672"],["fentanyl_seize","AMAT_fac","0.42322010926723"],["fentanyl_seize","CDC_consult",null],["fentanyl_seize","CURES_funds",null],["fentanyl_seize","DHAP_funds","0.210524164176839"],["fentanyl_seize","DVH_funds","0.350959652867138"],["fentanyl_seize","HCVacute","0.559042905934076"],["fentanyl_seize","HCVacuterate","0.300468768435042"],["fentanyl_seize","HCVcases",null],["fentanyl_seize","HCVprevalence",null],["fentanyl_seize","HIVdiagnoses","0.12312718734294"],["fentanyl_seize","HIVincidence","0.000939872514599332"],["fentanyl_seize","HIVprevalence","-0.0100554790812017"],["fentanyl_seize","HOPWA_funds",null],["fentanyl_seize","MH_fac","0.415737340015292"],["fentanyl_seize","Med_AMAT_fac","0.390654720006955"],["fentanyl_seize","Med_MH_fac","0.449397735234323"],["fentanyl_seize","Med_SA_fac","0.363008177180453"],["fentanyl_seize","Med_SMAT_fac","0.380621490386425"],["fentanyl_seize","Med_TMAT_fac","0.393696163295888"],["fentanyl_seize","PDMP_check_req","0.419988516464973"],["fentanyl_seize","PLHIV","0.108072237586602"],["fentanyl_seize","Population","0.208554141288401"],["fentanyl_seize","RW_funds",null],["fentanyl_seize","SA_fac","0.20798022376724"],["fentanyl_seize","SMAT_fac","0.32821417831988"],["fentanyl_seize","SSP_legality",null],["fentanyl_seize","TMAT_fac","0.351314786153703"],["fentanyl_seize","bup_phys",null],["fentanyl_seize","drugdeathrate","0.430098956275501"],["fentanyl_seize","drugdeaths","0.545173197582389"],["fentanyl_seize","drugdep","0.0825635600139503"],["fentanyl_seize","fentanyl_seize","1"],["fentanyl_seize","mme_percap","-0.086431164539811"],["fentanyl_seize","nonmedpain","-0.027596390927764"],["fentanyl_seize","num_SSPs",null],["fentanyl_seize","op_rel_inpat","0.306797103629747"],["fentanyl_seize","partD30dayrxrate","-0.112133287139106"],["fentanyl_seize","pct_tx_med","0.356873175955994"],["fentanyl_seize","pctunins","-0.271218653536278"],["fentanyl_seize","pctunmetneed","-0.0725399135888924"],["mme_percap","AMAT_fac","-0.222156886626138"],["mme_percap","CDC_consult",null],["mme_percap","CURES_funds",null],["mme_percap","DHAP_funds",null],["mme_percap","DVH_funds",null],["mme_percap","HCVacute","-0.00394801344828642"],["mme_percap","HCVacuterate","0.178997742847353"],["mme_percap","HCVcases","-0.0491113878248094"],["mme_percap","HCVprevalence","0.234490132602682"],["mme_percap","HIVdiagnoses","-0.129330916512493"],["mme_percap","HIVincidence","-0.199522086506908"],["mme_percap","HIVprevalence","-0.279990568975652"],["mme_percap","HOPWA_funds",null],["mme_percap","MH_fac","-0.115816035495344"],["mme_percap","Med_AMAT_fac","-0.190546405071021"],["mme_percap","Med_MH_fac","-0.105882880004397"],["mme_percap","Med_SA_fac","-0.153501000860752"],["mme_percap","Med_SMAT_fac","-0.19491818115642"],["mme_percap","Med_TMAT_fac","-0.209347976897705"],["mme_percap","PDMP_check_req",null],["mme_percap","PLHIV","-0.171610147230124"],["mme_percap","Population","-0.155687588942144"],["mme_percap","RW_funds",null],["mme_percap","SA_fac","-0.195052543055985"],["mme_percap","SMAT_fac","-0.235262847360763"],["mme_percap","SSP_legality",null],["mme_percap","TMAT_fac","-0.246261807231596"],["mme_percap","bup_phys",null],["mme_percap","drugdeathrate","0.351167190385578"],["mme_percap","drugdeaths","-0.0396477633154582"],["mme_percap","drugdep",null],["mme_percap","fentanyl_seize","-0.086431164539811"],["mme_percap","mme_percap","1"],["mme_percap","nonmedpain",null],["mme_percap","num_SSPs",null],["mme_percap","op_rel_inpat","-0.0623021766301473"],["mme_percap","partD30dayrxrate","0.662075582786911"],["mme_percap","pct_tx_med",null],["mme_percap","pctunins","0.358691413230655"],["mme_percap","pctunmetneed",null],["nonmedpain","AMAT_fac","-0.0665101505401652"],["nonmedpain","CDC_consult",null],["nonmedpain","CURES_funds",null],["nonmedpain","DHAP_funds","-0.0504390063275148"],["nonmedpain","DVH_funds","-0.121867348223839"],["nonmedpain","HCVacute",null],["nonmedpain","HCVacuterate",null],["nonmedpain","HCVcases",null],["nonmedpain","HCVprevalence",null],["nonmedpain","HIVdiagnoses","-0.0285409351694196"],["nonmedpain","HIVincidence","0.141506702387238"],["nonmedpain","HIVprevalence",null],["nonmedpain","HOPWA_funds",null],["nonmedpain","MH_fac","-0.0149903602790522"],["nonmedpain","Med_AMAT_fac","-0.0978950354794716"],["nonmedpain","Med_MH_fac","-0.0201166928680375"],["nonmedpain","Med_SA_fac","-0.0921935077576516"],["nonmedpain","Med_SMAT_fac","-0.15375548689487"],["nonmedpain","Med_TMAT_fac","-0.173607213052645"],["nonmedpain","PDMP_check_req","0.028725338879478"],["nonmedpain","PLHIV",null],["nonmedpain","Population","0.0271166727105085"],["nonmedpain","RW_funds",null],["nonmedpain","SA_fac","-0.0355790835727646"],["nonmedpain","SMAT_fac","-0.124761243827777"],["nonmedpain","SSP_legality",null],["nonmedpain","TMAT_fac","-0.155278181782319"],["nonmedpain","bup_phys",null],["nonmedpain","drugdeathrate","-0.0166744693692945"],["nonmedpain","drugdeaths","-0.0335709600004983"],["nonmedpain","drugdep","0.351693226849479"],["nonmedpain","fentanyl_seize","-0.027596390927764"],["nonmedpain","mme_percap",null],["nonmedpain","nonmedpain","1"],["nonmedpain","num_SSPs",null],["nonmedpain","op_rel_inpat",null],["nonmedpain","partD30dayrxrate",null],["nonmedpain","pct_tx_med","-0.205434070218661"],["nonmedpain","pctunins","0.373540535894278"],["nonmedpain","pctunmetneed","-0.0205017572011447"],["num_SSPs","AMAT_fac","0.424561888679736"],["num_SSPs","CDC_consult","0.270801540119394"],["num_SSPs","CURES_funds","0.470880737523736"],["num_SSPs","DHAP_funds",null],["num_SSPs","DVH_funds",null],["num_SSPs","HCVacute",null],["num_SSPs","HCVacuterate",null],["num_SSPs","HCVcases",null],["num_SSPs","HCVprevalence",null],["num_SSPs","HIVdiagnoses",null],["num_SSPs","HIVincidence",null],["num_SSPs","HIVprevalence",null],["num_SSPs","HOPWA_funds","0.368667184639573"],["num_SSPs","MH_fac","0.494304925362728"],["num_SSPs","Med_AMAT_fac","0.370024771134857"],["num_SSPs","Med_MH_fac","0.45422909897771"],["num_SSPs","Med_SA_fac","0.486094200141006"],["num_SSPs","Med_SMAT_fac","0.432860403190177"],["num_SSPs","Med_TMAT_fac","0.390551569251581"],["num_SSPs","PDMP_check_req",null],["num_SSPs","PLHIV",null],["num_SSPs","Population",null],["num_SSPs","RW_funds",null],["num_SSPs","SA_fac","0.605101835821684"],["num_SSPs","SMAT_fac","0.508266174785452"],["num_SSPs","SSP_legality","0.37856861903009"],["num_SSPs","TMAT_fac","0.483936927523692"],["num_SSPs","bup_phys","0.512923467166807"],["num_SSPs","drugdeathrate",null],["num_SSPs","drugdeaths",null],["num_SSPs","drugdep",null],["num_SSPs","fentanyl_seize",null],["num_SSPs","mme_percap",null],["num_SSPs","nonmedpain",null],["num_SSPs","num_SSPs","1"],["num_SSPs","op_rel_inpat",null],["num_SSPs","partD30dayrxrate",null],["num_SSPs","pct_tx_med",null],["num_SSPs","pctunins",null],["num_SSPs","pctunmetneed",null],["op_rel_inpat","AMAT_fac","0.302870322375363"],["op_rel_inpat","CDC_consult",null],["op_rel_inpat","CURES_funds",null],["op_rel_inpat","DHAP_funds",null],["op_rel_inpat","DVH_funds",null],["op_rel_inpat","HCVacute","0.412714068485318"],["op_rel_inpat","HCVacuterate","0.394020128633922"],["op_rel_inpat","HCVcases","-0.0132571146005504"],["op_rel_inpat","HCVprevalence","-0.0292569399485906"],["op_rel_inpat","HIVdiagnoses","0.031252313114464"],["op_rel_inpat","HIVincidence","0.219368511709941"],["op_rel_inpat","HIVprevalence","0.371401660768307"],["op_rel_inpat","HOPWA_funds",null],["op_rel_inpat","MH_fac","0.26223317328074"],["op_rel_inpat","Med_AMAT_fac","0.314204703880777"],["op_rel_inpat","Med_MH_fac","0.287793186504495"],["op_rel_inpat","Med_SA_fac","0.399410042459058"],["op_rel_inpat","Med_SMAT_fac","0.519312577626696"],["op_rel_inpat","Med_TMAT_fac","0.439729761440796"],["op_rel_inpat","PDMP_check_req",null],["op_rel_inpat","PLHIV","0.159325215890879"],["op_rel_inpat","Population","0.026882264786221"],["op_rel_inpat","RW_funds",null],["op_rel_inpat","SA_fac","0.216875566940552"],["op_rel_inpat","SMAT_fac","0.443826118292268"],["op_rel_inpat","SSP_legality",null],["op_rel_inpat","TMAT_fac","0.388109523717314"],["op_rel_inpat","bup_phys",null],["op_rel_inpat","drugdeathrate","0.416741455558024"],["op_rel_inpat","drugdeaths","0.15869256812529"],["op_rel_inpat","drugdep",null],["op_rel_inpat","fentanyl_seize","0.306797103629747"],["op_rel_inpat","mme_percap","-0.0623021766301473"],["op_rel_inpat","nonmedpain",null],["op_rel_inpat","num_SSPs",null],["op_rel_inpat","op_rel_inpat","1"],["op_rel_inpat","partD30dayrxrate","-0.161286446310096"],["op_rel_inpat","pct_tx_med",null],["op_rel_inpat","pctunins","-0.3986401290491"],["op_rel_inpat","pctunmetneed",null],["partD30dayrxrate","AMAT_fac","-0.273722963039412"],["partD30dayrxrate","CDC_consult",null],["partD30dayrxrate","CURES_funds",null],["partD30dayrxrate","DHAP_funds",null],["partD30dayrxrate","DVH_funds",null],["partD30dayrxrate","HCVacute","-0.0600677894878109"],["partD30dayrxrate","HCVacuterate","0.163538115544074"],["partD30dayrxrate","HCVcases",null],["partD30dayrxrate","HCVprevalence",null],["partD30dayrxrate","HIVdiagnoses","-0.142295667887424"],["partD30dayrxrate","HIVincidence","-0.0140774862972253"],["partD30dayrxrate","HIVprevalence","-0.181545608235799"],["partD30dayrxrate","HOPWA_funds",null],["partD30dayrxrate","MH_fac","-0.165917985125139"],["partD30dayrxrate","Med_AMAT_fac","-0.322411048047232"],["partD30dayrxrate","Med_MH_fac","-0.146193756078841"],["partD30dayrxrate","Med_SA_fac","-0.188916057602016"],["partD30dayrxrate","Med_SMAT_fac","-0.313789191617309"],["partD30dayrxrate","Med_TMAT_fac","-0.327562626814547"],["partD30dayrxrate","PDMP_check_req",null],["partD30dayrxrate","PLHIV","-0.256895979668567"],["partD30dayrxrate","Population","-0.153338490134805"],["partD30dayrxrate","RW_funds",null],["partD30dayrxrate","SA_fac","-0.225984269767117"],["partD30dayrxrate","SMAT_fac","-0.295813294840084"],["partD30dayrxrate","SSP_legality",null],["partD30dayrxrate","TMAT_fac","-0.305481593179579"],["partD30dayrxrate","bup_phys",null],["partD30dayrxrate","drugdeathrate","0.0678716509241609"],["partD30dayrxrate","drugdeaths","-0.1478524658785"],["partD30dayrxrate","drugdep",null],["partD30dayrxrate","fentanyl_seize","-0.112133287139106"],["partD30dayrxrate","mme_percap","0.662075582786911"],["partD30dayrxrate","nonmedpain",null],["partD30dayrxrate","num_SSPs",null],["partD30dayrxrate","op_rel_inpat","-0.161286446310096"],["partD30dayrxrate","partD30dayrxrate","1"],["partD30dayrxrate","pct_tx_med",null],["partD30dayrxrate","pctunins","0.544013470312728"],["partD30dayrxrate","pctunmetneed",null],["pct_tx_med","AMAT_fac","0.284151325570943"],["pct_tx_med","CDC_consult",null],["pct_tx_med","CURES_funds",null],["pct_tx_med","DHAP_funds","-0.0566122068753553"],["pct_tx_med","DVH_funds","0.136697479268714"],["pct_tx_med","HCVacute",null],["pct_tx_med","HCVacuterate",null],["pct_tx_med","HCVcases",null],["pct_tx_med","HCVprevalence",null],["pct_tx_med","HIVdiagnoses","-0.234615286265172"],["pct_tx_med","HIVincidence","-0.088907816917075"],["pct_tx_med","HIVprevalence",null],["pct_tx_med","HOPWA_funds",null],["pct_tx_med","MH_fac","0.0293224135486125"],["pct_tx_med","Med_AMAT_fac","0.341327060586118"],["pct_tx_med","Med_MH_fac","0.0698949540522247"],["pct_tx_med","Med_SA_fac","0.127190334705994"],["pct_tx_med","Med_SMAT_fac","0.256537588498935"],["pct_tx_med","Med_TMAT_fac","0.280323363869448"],["pct_tx_med","PDMP_check_req","0.422244424890397"],["pct_tx_med","PLHIV",null],["pct_tx_med","Population","-0.169317563656484"],["pct_tx_med","RW_funds",null],["pct_tx_med","SA_fac","-0.0271761343964348"],["pct_tx_med","SMAT_fac","0.11513243609573"],["pct_tx_med","SSP_legality",null],["pct_tx_med","TMAT_fac","0.13975897997037"],["pct_tx_med","bup_phys",null],["pct_tx_med","drugdeathrate","0.58726175262915"],["pct_tx_med","drugdeaths","0.0251556673057721"],["pct_tx_med","drugdep","0.516492438474194"],["pct_tx_med","fentanyl_seize","0.356873175955994"],["pct_tx_med","mme_percap",null],["pct_tx_med","nonmedpain","-0.205434070218661"],["pct_tx_med","num_SSPs",null],["pct_tx_med","op_rel_inpat",null],["pct_tx_med","partD30dayrxrate",null],["pct_tx_med","pct_tx_med","1"],["pct_tx_med","pctunins","-0.64915041371946"],["pct_tx_med","pctunmetneed","-0.286557974787057"],["pctunins","AMAT_fac","-0.124312820667281"],["pctunins","CDC_consult",null],["pctunins","CURES_funds",null],["pctunins","DHAP_funds","0.142157989514469"],["pctunins","DVH_funds","-0.203953509274727"],["pctunins","HCVacute","-0.200170446976892"],["pctunins","HCVacuterate","-0.221326740166539"],["pctunins","HCVcases",null],["pctunins","HCVprevalence",null],["pctunins","HIVdiagnoses","0.381381984791354"],["pctunins","HIVincidence","0.118702676944808"],["pctunins","HIVprevalence","-0.150206406557925"],["pctunins","HOPWA_funds",null],["pctunins","MH_fac","0.0309434087553605"],["pctunins","Med_AMAT_fac","-0.213062662111787"],["pctunins","Med_MH_fac","0.00513036087231268"],["pctunins","Med_SA_fac","-0.0463590645484447"],["pctunins","Med_SMAT_fac","-0.169366611723798"],["pctunins","Med_TMAT_fac","-0.173739663247427"],["pctunins","PDMP_check_req","-0.165348206943836"],["pctunins","PLHIV","0.248076529489315"],["pctunins","Population","0.267994764841242"],["pctunins","RW_funds",null],["pctunins","SA_fac","0.059576662838945"],["pctunins","SMAT_fac","-0.0345794880372658"],["pctunins","SSP_legality",null],["pctunins","TMAT_fac","-0.0434454756242742"],["pctunins","bup_phys",null],["pctunins","drugdeathrate","-0.274398175558876"],["pctunins","drugdeaths","0.0900218507009349"],["pctunins","drugdep","-0.198424115685859"],["pctunins","fentanyl_seize","-0.271218653536278"],["pctunins","mme_percap","0.358691413230655"],["pctunins","nonmedpain","0.373540535894278"],["pctunins","num_SSPs",null],["pctunins","op_rel_inpat","-0.3986401290491"],["pctunins","partD30dayrxrate","0.544013470312728"],["pctunins","pct_tx_med","-0.64915041371946"],["pctunins","pctunins","1"],["pctunins","pctunmetneed","0.137988932669855"],["pctunmetneed","AMAT_fac","-0.0356441013154342"],["pctunmetneed","CDC_consult",null],["pctunmetneed","CURES_funds",null],["pctunmetneed","DHAP_funds","0.237303933794084"],["pctunmetneed","DVH_funds","0.141575232036874"],["pctunmetneed","HCVacute",null],["pctunmetneed","HCVacuterate",null],["pctunmetneed","HCVcases",null],["pctunmetneed","HCVprevalence",null],["pctunmetneed","HIVdiagnoses","0.220347911021546"],["pctunmetneed","HIVincidence","0.248809454074763"],["pctunmetneed","HIVprevalence",null],["pctunmetneed","HOPWA_funds",null],["pctunmetneed","MH_fac","0.0970882680471052"],["pctunmetneed","Med_AMAT_fac","-0.0495233051340343"],["pctunmetneed","Med_MH_fac","0.0749859402323986"],["pctunmetneed","Med_SA_fac","0.056928468616206"],["pctunmetneed","Med_SMAT_fac","-0.00508160636360267"],["pctunmetneed","Med_TMAT_fac","0.00232054271111399"],["pctunmetneed","PDMP_check_req","-0.237637710618921"],["pctunmetneed","PLHIV",null],["pctunmetneed","Population","0.199347509981622"],["pctunmetneed","RW_funds",null],["pctunmetneed","SA_fac","0.141451832430621"],["pctunmetneed","SMAT_fac","0.0652135217905066"],["pctunmetneed","SSP_legality",null],["pctunmetneed","TMAT_fac","0.0736659660680743"],["pctunmetneed","bup_phys",null],["pctunmetneed","drugdeathrate","-0.233552900229486"],["pctunmetneed","drugdeaths","0.0355126920152883"],["pctunmetneed","drugdep","-0.262604472493672"],["pctunmetneed","fentanyl_seize","-0.0725399135888924"],["pctunmetneed","mme_percap",null],["pctunmetneed","nonmedpain","-0.0205017572011447"],["pctunmetneed","num_SSPs",null],["pctunmetneed","op_rel_inpat",null],["pctunmetneed","partD30dayrxrate",null],["pctunmetneed","pct_tx_med","-0.286557974787057"],["pctunmetneed","pctunins","0.137988932669855"],["pctunmetneed","pctunmetneed","1"]],"headers":["Column_Header_X","Column_Header_Y","Correlation"]},"format":{"type":"TABLE"},"headerInfo":[{"alias":"Column_Header_X","type":"STRING","derived":true,"header":"Column_Header_X"},{"alias":"Column_Header_Y","type":"STRING","derived":true,"header":"Column_Header_Y"},{"alias":"Correlation","type":"STRING","derived":true,"header":"Correlation"}],"sortInfo":[],"numCollected":500,"taskOptions":{"0":{"layout":"HeatMap","alignment":{"heat":["Correlation"],"x":["Column_Header_X"],"y":["Column_Header_Y"]}}},"filterInfo":null,"taskId":"task1"},"operationType":["TASK_DATA"],"additionalOutput":[{"output":"Numerical Correlation ran successfully!","operationType":["SUCCESS"]}]}]}