{"engineId":"fd5c8fbb-8f7b-4b71-901c-3e45c166bdab","engineName":"State_Opioid","rdbmsId":"281b2021-6b9b-49f1-8df6-c9e568e13735","varstore":{},"frames":[{"file":"@BaseFolder@\\db\\@ENGINE@\\version\\281b2021-6b9b-49f1-8df6-c9e568e13735\\FRAME488964.gz","meta":"@BaseFolder@\\db\\@ENGINE@\\version\\281b2021-6b9b-49f1-8df6-c9e568e13735\\METADATA__FRAME488964.owl","state":"@BaseFolder@\\db\\@ENGINE@\\version\\281b2021-6b9b-49f1-8df6-c9e568e13735\\FRAME_STATE__FRAME488964.json","type":"prerna.ds.h2.H2Frame","name":"FRAME488964","keys":["FRAME488964","$CUR_FRAME_KEY"]}],"panels":[{"panelId":"0","panelLabel":"Sum of Total Drug Deaths by State Over Years Selected","view":"visualization","viewOptions":"{\"type\":\"echarts\"}","viewOptionsMap":"{\"federate-view\":{\"app_id\":\"fd5c8fbb-8f7b-4b71-901c-3e45c166bdab\"},\"visualization\":{\"type\":\"echarts\"}}","ornaments":"{}","events":"{\"onSingleClick\":{\"Unfilter\":[{\"disabledVisuals\":[\"Grid\",\"Sunburst\"],\"default\":true,\"query\":\"UnfilterFrame(<SelectedColumn>);\",\"options\":{},\"refresh\":false,\"disabled\":false,\"panel\":\"\"}]},\"onBrush\":{\"Filter\":[{\"default\":true,\"query\":\"if(IsEmpty(<SelectedValues>), UnfilterFrame(<SelectedColumn>), SetFrameFilter(<SelectedColumn>==<SelectedValues>));\",\"options\":{},\"refresh\":false,\"disabled\":false,\"panel\":\"\"}]}}","comments":"{}","position":"{}","filters":[],"order":[],"cbv":{}},{"panelId":"1","panelLabel":"Year Filter","view":"DashboardFilter","viewOptions":null,"viewOptionsMap":"{\"federate-view\":{\"app_id\":\"fd5c8fbb-8f7b-4b71-901c-3e45c166bdab\"},\"visualization\":{\"type\":\"echarts\"}}","ornaments":"{\"dashboardFilter\":{\"instances\":[\"YEAR\"],\"viewType\":\"List\",\"singleSelect\":\"Multi Select\"}}","events":"{\"onSingleClick\":{\"Unfilter\":[{\"disabledVisuals\":[\"Grid\",\"Sunburst\"],\"default\":true,\"query\":\"UnfilterFrame(<SelectedColumn>);\",\"options\":{},\"refresh\":false,\"disabled\":false,\"panel\":\"\"}]},\"onBrush\":{\"Filter\":[{\"default\":true,\"query\":\"if(IsEmpty(<SelectedValues>), UnfilterFrame(<SelectedColumn>), SetFrameFilter(<SelectedColumn>==<SelectedValues>));\",\"options\":{},\"refresh\":false,\"disabled\":false,\"panel\":\"\"}]}}","comments":"{}","position":"{}","filters":[],"order":[],"cbv":{}}],"tasks":{"tasks":[{"type":"basic","task":{"taskType":"basic","id":"task1","numCollected":500,"internalOffset":0,"taskOptions":"{\"options\":{\"0\":{\"layout\":\"Grid\",\"alignment\":{\"label\":[\"STATEABBREVIATION\",\"STATEDATAPIVOTED\",\"STATE_1\",\"YEAR\",\"drugdeaths\"]}}}}","qs":{"qsType":"FRAME","isDistinct":true,"overrideImplicit":false,"limit":0,"offset":0,"relations":"[]","selectors":["COLUMN",{"table":"FRAME488964","column":"STATEABBREVIATION","alias":"STATEABBREVIATION","tableAlias":null},"COLUMN",{"table":"FRAME488964","column":"STATEDATAPIVOTED","alias":"STATEDATAPIVOTED","tableAlias":null},"COLUMN",{"table":"FRAME488964","column":"STATE_1","alias":"STATE_1","tableAlias":null},"COLUMN",{"table":"FRAME488964","column":"YEAR","alias":"YEAR","tableAlias":null},"COLUMN",{"table":"FRAME488964","column":"drugdeaths","alias":"drugdeaths","tableAlias":null}],"implicitFilters":["SIMPLE",{"left":{"pixelType":"COLUMN","class":"prerna.query.querystruct.selectors.QueryColumnSelector","value":["COLUMN",{"table":"drugdeaths","column":"PRIM_KEY_PLACEHOLDER","alias":"drugdeaths","tableAlias":null}],"opType":["OPERATION"]},"comparator":"!=","right":{"pixelType":"NULL_VALUE","class":null,"value":[null],"opType":["OPERATION"]}}]}}},{"type":"basic","task":{"taskType":"basic","id":"task3","numCollected":500,"internalOffset":0,"taskOptions":"{\"options\":{\"0\":{\"layout\":\"Line\",\"alignment\":{\"tooltip\":[],\"label\":[\"STATEABBREVIATION\"],\"value\":[\"Averageofdrugdeaths\"],\"facet\":[]}}}}","qs":{"qsType":"FRAME","isDistinct":true,"overrideImplicit":false,"limit":0,"offset":0,"relations":"[]","groups":["{\"column\":\"PRIM_KEY_PLACEHOLDER\",\"table\":\"STATEABBREVIATION\",\"alias\":\"\"}"],"selectors":["COLUMN",{"table":"STATEABBREVIATION","column":"PRIM_KEY_PLACEHOLDER","alias":"STATEABBREVIATION","tableAlias":null},"FUNCTION",{"alias":"Averageofdrugdeaths","function":"mean","distinct":false,"colCast":"","innerSelectors":["COLUMN",{"table":"drugdeaths","column":"PRIM_KEY_PLACEHOLDER","alias":"drugdeaths","tableAlias":null}]}]}}},{"type":"basic","task":{"taskType":"basic","id":"task5","numCollected":500,"internalOffset":0,"taskOptions":"{\"options\":{\"0\":{\"layout\":\"Line\",\"alignment\":{\"tooltip\":[],\"label\":[\"STATEABBREVIATION\"],\"value\":[\"Sumofdrugdeaths\"],\"facet\":[]}}}}","qs":{"qsType":"FRAME","isDistinct":true,"overrideImplicit":false,"limit":0,"offset":0,"relations":"[]","groups":["{\"column\":\"PRIM_KEY_PLACEHOLDER\",\"table\":\"STATEABBREVIATION\",\"alias\":\"\"}"],"selectors":["COLUMN",{"table":"STATEABBREVIATION","column":"PRIM_KEY_PLACEHOLDER","alias":"STATEABBREVIATION","tableAlias":null},"FUNCTION",{"alias":"Sumofdrugdeaths","function":"sum","distinct":false,"colCast":"","innerSelectors":["COLUMN",{"table":"drugdeaths","column":"PRIM_KEY_PLACEHOLDER","alias":"drugdeaths","tableAlias":null}]}]}}},{"type":"basic","task":{"taskType":"basic","id":"task7","numCollected":500,"internalOffset":0,"taskOptions":"{\"options\":{\"0\":{\"layout\":\"Line\",\"alignment\":{\"label\":[\"STATEABBREVIATION\"],\"value\":[\"Sumofdrugdeaths\"]}}}}","qs":{"qsType":"FRAME","isDistinct":true,"overrideImplicit":false,"limit":0,"offset":0,"relations":"[]","groups":["{\"column\":\"PRIM_KEY_PLACEHOLDER\",\"table\":\"STATEABBREVIATION\",\"alias\":\"\"}"],"selectors":["COLUMN",{"table":"STATEABBREVIATION","column":"PRIM_KEY_PLACEHOLDER","alias":"STATEABBREVIATION","tableAlias":null},"FUNCTION",{"alias":"Sumofdrugdeaths","function":"sum","distinct":false,"colCast":"","innerSelectors":["COLUMN",{"table":"drugdeaths","column":"PRIM_KEY_PLACEHOLDER","alias":"drugdeaths","tableAlias":null}]}],"implicitFilters":["SIMPLE",{"left":{"pixelType":"COLUMN","class":"prerna.query.querystruct.selectors.QueryColumnSelector","value":["COLUMN",{"table":"drugdeaths","column":"PRIM_KEY_PLACEHOLDER","alias":"drugdeaths","tableAlias":null}],"opType":["OPERATION"]},"comparator":"!=","right":{"pixelType":"NULL_VALUE","class":null,"value":[null],"opType":["OPERATION"]}}]}}},{"type":"basic","task":{"taskType":"basic","id":"task9","numCollected":500,"internalOffset":0,"taskOptions":"{\"options\":{\"0\":{\"layout\":\"Line\",\"alignment\":{\"label\":[\"STATEABBREVIATION\"],\"value\":[\"Sumofdrugdeaths\"]}}}}","qs":{"qsType":"FRAME","isDistinct":true,"overrideImplicit":false,"limit":0,"offset":0,"relations":"[]","groups":["{\"column\":\"PRIM_KEY_PLACEHOLDER\",\"table\":\"STATEABBREVIATION\",\"alias\":\"\"}"],"orders":["{\"sortDir\":\"DESC\",\"column\":\"PRIM_KEY_PLACEHOLDER\",\"table\":\"Sumofdrugdeaths\",\"alias\":\"\"}"],"selectors":["COLUMN",{"table":"STATEABBREVIATION","column":"PRIM_KEY_PLACEHOLDER","alias":"STATEABBREVIATION","tableAlias":null},"FUNCTION",{"alias":"Sumofdrugdeaths","function":"sum","distinct":false,"colCast":"","innerSelectors":["COLUMN",{"table":"drugdeaths","column":"PRIM_KEY_PLACEHOLDER","alias":"drugdeaths","tableAlias":null}]}],"implicitFilters":["SIMPLE",{"left":{"pixelType":"COLUMN","class":"prerna.query.querystruct.selectors.QueryColumnSelector","value":["COLUMN",{"table":"drugdeaths","column":"PRIM_KEY_PLACEHOLDER","alias":"drugdeaths","tableAlias":null}],"opType":["OPERATION"]},"comparator":"!=","right":{"pixelType":"NULL_VALUE","class":null,"value":[null],"opType":["OPERATION"]}}]}}}],"taskCounter":10},"recipe":["AddPanel ( 0 ) ;","Panel ( 0 ) | AddPanelEvents ( { \"onSingleClick\" : { \"Unfilter\" : [ { \"panel\" : \"\" , \"query\" : \"UnfilterFrame(%3CSelectedColumn%3E)%3B\" , \"options\" : { } , \"refresh\" : false , \"default\" : true , \"disabledVisuals\" : [ \"Grid\" , \"Sunburst\" ] , \"disabled\" : false } ] } , \"onBrush\" : { \"Filter\" : [ { \"panel\" : \"\" , \"query\" : \"if(IsEmpty(%3CSelectedValues%3E)%2C%20UnfilterFrame(%3CSelectedColumn%3E)%2C%20SetFrameFilter(%3CSelectedColumn%3E%3D%3D%3CSelectedValues%3E))%3B\" , \"options\" : { } , \"refresh\" : false , \"default\" : true , \"disabled\" : false } ] } } ) ;","Panel ( 0 ) | RetrievePanelEvents ( ) ;","Panel ( 0 ) | SetPanelView ( \"visualization\" , \"%7B%22type%22%3A%22echarts%22%7D\" ) ;","Panel ( 0 ) | SetPanelView ( \"federate-view\" , \"%7B%22app_id%22%3A%22fd5c8fbb-8f7b-4b71-901c-3e45c166bdab%22%7D\" ) ;","CreateFrame ( frameType = [ GRID ] , override = [ true ] ) .as ( [ 'FRAME488964' ] ) ;","Database ( database = [ \"fd5c8fbb-8f7b-4b71-901c-3e45c166bdab\" ] ) | Select ( STATEDATAPIVOTED , STATEDATAPIVOTED__drugdeaths , STATEDATAPIVOTED__STATEABBREVIATION , STATEDATAPIVOTED__STATE_1 , STATEDATAPIVOTED__YEAR ) .as ( [ STATEDATAPIVOTED , drugdeaths , STATEABBREVIATION , STATE_1 , YEAR ] ) | Import ( frame = [ FRAME488964 ] ) ;","Panel ( 0 ) | SetPanelView ( \"visualization\" ) ;","Frame ( frame = [ FRAME488964 ] ) | QueryAll ( ) | AutoTaskOptions ( panel = [ \"0\" ] , layout = [ \"Grid\" ] ) | Collect ( 500 ) ;","Panel ( 0 ) | SetPanelView ( \"visualization\" , \"%7B%22type%22%3A%22echarts%22%7D\" ) ;","if ( ( HasDuplicates ( STATEABBREVIATION ) ) , ( Select ( STATEABBREVIATION , Average ( drugdeaths ) ) .as ( [ STATEABBREVIATION , Averageofdrugdeaths ] ) | Group ( STATEABBREVIATION ) | With ( Panel ( 0 ) ) | Format ( type = [ 'table' ] ) | TaskOptions ( { \"0\" : { \"layout\" : \"Line\" , \"alignment\" : { \"label\" : [ \"STATEABBREVIATION\" ] , \"value\" : [ \"Averageofdrugdeaths\" ] , \"tooltip\" : [ ] , \"facet\" : [ ] } } } ) | Collect ( 500 ) ) , ( Select ( STATEABBREVIATION , drugdeaths ) .as ( [ STATEABBREVIATION , drugdeaths ] ) | With ( Panel ( 0 ) ) | Format ( type = [ 'table' ] ) | TaskOptions ( { \"0\" : { \"layout\" : \"Line\" , \"alignment\" : { \"label\" : [ \"STATEABBREVIATION\" ] , \"value\" : [ \"drugdeaths\" ] , \"tooltip\" : [ ] , \"facet\" : [ ] } } } ) | Collect ( 500 ) ) ) ;","if ( ( HasDuplicates ( STATEABBREVIATION ) ) , ( Select ( STATEABBREVIATION , Sum ( drugdeaths ) ) .as ( [ STATEABBREVIATION , Sumofdrugdeaths ] ) | Group ( STATEABBREVIATION ) | With ( Panel ( 0 ) ) | Format ( type = [ 'table' ] ) | TaskOptions ( { \"0\" : { \"layout\" : \"Line\" , \"alignment\" : { \"label\" : [ \"STATEABBREVIATION\" ] , \"value\" : [ \"Sumofdrugdeaths\" ] , \"tooltip\" : [ ] , \"facet\" : [ ] } } } ) | Collect ( 500 ) ) , ( Select ( STATEABBREVIATION , drugdeaths ) .as ( [ STATEABBREVIATION , drugdeaths ] ) | With ( Panel ( 0 ) ) | Format ( type = [ 'table' ] ) | TaskOptions ( { \"0\" : { \"layout\" : \"Line\" , \"alignment\" : { \"label\" : [ \"STATEABBREVIATION\" ] , \"value\" : [ \"drugdeaths\" ] , \"tooltip\" : [ ] , \"facet\" : [ ] } } } ) | Collect ( 500 ) ) ) ;","Panel ( 0 ) | Clone ( 1 ) ;","Panel ( 1 ) | SetPanelView ( \"DashboardFilter\" ) ;","Panel ( 1 ) | AddPanelOrnaments ( { \"dashboardFilter\" : { \"singleSelect\" : \"Multi Select\" , \"viewType\" : \"List\" , \"instances\" : [ \"YEAR\" ] } } ) | RetrievePanelOrnaments ( \"dashboardFilter\" ) ;","ReplaceFrameFilter ( ( drugdeaths != [ null ] ) ) ;","ifError ( ( Frame ( ) | Select ( STATEABBREVIATION , Sum ( drugdeaths ) ) .as ( [ STATEABBREVIATION , Sumofdrugdeaths ] ) | Group ( STATEABBREVIATION ) | With ( Panel ( 0 ) ) | Format ( type = [ 'table' ] ) | TaskOptions ( { \"0\" : { \"layout\" : \"Line\" , \"alignment\" : { \"label\" : [ \"STATEABBREVIATION\" ] , \"value\" : [ \"Sumofdrugdeaths\" ] } } } ) | Collect ( 500 ) ) , ( true ) ) ;","Panel ( 1 ) | SetPanelLabel ( \"Year Filter\" ) ;","Panel ( 0 ) | SetPanelLabel ( \"Sum of Total Drug Deaths by State Over Years Selected\" ) ;","Panel ( 0 ) | UnsortPanel ( ) ;","Frame ( ) | Select ( STATEABBREVIATION , Sum ( drugdeaths ) ) .as ( [ STATEABBREVIATION , Sumofdrugdeaths ] ) | Group ( STATEABBREVIATION ) | Sort ( columns = [ \"Sumofdrugdeaths\" ] , sort = [ \"desc\" ] ) | With ( Panel ( 0 ) ) | Format ( type = [ 'table' ] ) | TaskOptions ( { \"0\" : { \"layout\" : \"Line\" , \"alignment\" : { \"label\" : [ \"STATEABBREVIATION\" ] , \"value\" : [ \"Sumofdrugdeaths\" ] } } } ) | Collect ( 500 ) ;"]}