{"insightID":"29e4896a-432f-4ff5-a621-d1be09247d83","pixelReturn":[{"pixelExpression":"if ( ( HasDuplicates ( STATEABBREVIATION ) ) , ( Select ( STATEABBREVIATION , Sum ( drugdeaths ) ) .as ( [ STATEABBREVIATION , Sumofdrugdeaths ] ) | Group ( STATEABBREVIATION ) | With ( Panel ( 0 ) ) | Format ( type = [ 'table' ] ) | TaskOptions ( { \"0\" : { \"layout\" : \"Line\" , \"alignment\" : { \"label\" : [ \"STATEABBREVIATION\" ] , \"value\" : [ \"Sumofdrugdeaths\" ] , \"tooltip\" : [ ] , \"facet\" : [ ] } } } ) | Collect ( 500 ) ) , ( Select ( STATEABBREVIATION , drugdeaths ) .as ( [ STATEABBREVIATION , drugdeaths ] ) | With ( Panel ( 0 ) ) | Format ( type = [ 'table' ] ) | TaskOptions ( { \"0\" : { \"layout\" : \"Line\" , \"alignment\" : { \"label\" : [ \"STATEABBREVIATION\" ] , \"value\" : [ \"drugdeaths\" ] , \"tooltip\" : [ ] , \"facet\" : [ ] } } } ) | Collect ( 500 ) ) ) ;","isMeta":false,"output":{"data":{"values":[["AK",798.0],["AL",4474.0],["AR",2546.0],["AZ",8392.0],["CA",30563.0],["CO",5860.0],["CT",4180.0],["DC",833.0],["DE",1281.0],["FL",21640.0],["GA",8168.0],["HI",1161.0],["IA",1924.0],["ID",1432.0],["IL",11854.0],["IN",7920.0],["KS",2172.0],["KY",7931.0],["LA",5201.0],["MA",8775.0],["MD",7479.0],["ME",1453.0],["MI",11730.0],["MN",3683.0],["MO",7432.0],["MS",2301.0],["MT",896.0],["NC",9795.0],["ND",261.0],["NE",880.0],["NH",1983.0],["NJ",9159.0],["NM",3505.0],["NV",4262.0],["NY",16612.0],["OH",18715.0],["OK",5296.0],["OR",3513.0],["PA",19619.0],["RI",1677.0],["SC",4844.0],["SD",396.0],["TN",8844.0],["TX",17901.0],["UT",4016.0],["VA",6367.0],["VT",616.0],["WA",7042.0],["WI",5681.0],["WV",4511.0],["WY",670.0]],"headers":["STATEABBREVIATION","Sumofdrugdeaths"],"rawHeaders":["STATEABBREVIATION","Sumofdrugdeaths"]},"format":{"type":"TABLE"},"headerInfo":[{"alias":"STATEABBREVIATION","header":"STATEABBREVIATION","type":"STRING","derived":false},{"alias":"Sumofdrugdeaths","header":"Sumofdrugdeaths","calculatedBy":"drugdeaths","math":"Sum","groupBy":["STATEABBREVIATION"],"type":"NUMBER","derived":true}],"sortInfo":[],"numCollected":500,"taskOptions":{"0":{"layout":"Line","alignment":{"tooltip":[],"label":["STATEABBREVIATION"],"value":["Sumofdrugdeaths"],"facet":[]}}},"filterInfo":[],"taskId":"task1"},"operationType":["TASK_DATA"]},{"pixelExpression":"Panel ( 0 ) | Clone ( 1 ) ;","isMeta":false,"output":{"original":{"panelId":"0","panelLabel":"Sum of Total Drug Deaths by State Over Years Selected","view":"visualization","viewOptions":"{\"type\":\"echarts\"}","viewOptionsMap":{"federate-view":{"app_id":"fd5c8fbb-8f7b-4b71-901c-3e45c166bdab"},"visualization":{"type":"echarts"}},"ornaments":{},"events":{"onSingleClick":{"Unfilter":[{"disabledVisuals":["Grid","Sunburst"],"default":true,"query":"UnfilterFrame(<SelectedColumn>);","options":{},"refresh":false,"disabled":false,"panel":""}]},"onBrush":{"Filter":[{"default":true,"query":"if(IsEmpty(<SelectedValues>), UnfilterFrame(<SelectedColumn>), SetFrameFilter(<SelectedColumn>==<SelectedValues>));","options":{},"refresh":false,"disabled":false,"panel":""}]}},"grf":[],"orderBys":[],"comments":{},"position":{},"colorByValue":{}},"clone":{"panelId":"1","panelLabel":"Sum of Total Drug Deaths by State Over Years Selected Clone","view":"visualization","viewOptions":"{\"type\":\"echarts\"}","viewOptionsMap":{"federate-view":{"app_id":"fd5c8fbb-8f7b-4b71-901c-3e45c166bdab"},"visualization":{"type":"echarts"}},"ornaments":{},"events":{"onSingleClick":{"Unfilter":[{"disabledVisuals":["Grid","Sunburst"],"default":true,"query":"UnfilterFrame(<SelectedColumn>);","options":{},"refresh":false,"disabled":false,"panel":""}]},"onBrush":{"Filter":[{"default":true,"query":"if(IsEmpty(<SelectedValues>), UnfilterFrame(<SelectedColumn>), SetFrameFilter(<SelectedColumn>==<SelectedValues>));","options":{},"refresh":false,"disabled":false,"panel":""}]}},"grf":[],"orderBys":[],"comments":{},"position":{},"colorByValue":{}}},"operationType":["PANEL_CLONE"]},{"pixelExpression":"Frame ( ) | Select ( STATEABBREVIATION , Sum ( drugdeaths ) ) .as ( [ STATEABBREVIATION , Sumofdrugdeaths ] ) | Group ( STATEABBREVIATION ) | Sort ( columns = [ \"Sumofdrugdeaths\" ] , sort = [ \"desc\" ] ) | With ( Panel ( 0 ) ) | Format ( type = [ 'table' ] ) | TaskOptions ( { \"0\" : { \"layout\" : \"Line\" , \"alignment\" : { \"label\" : [ \"STATEABBREVIATION\" ] , \"value\" : [ \"Sumofdrugdeaths\" ] } } } ) | Collect ( 500 ) ;","isMeta":false,"output":{"data":{"values":[["CA",30563.0],["FL",21640.0],["PA",19619.0],["OH",18715.0],["TX",17901.0],["NY",16612.0],["IL",11854.0],["MI",11730.0],["NC",9795.0],["NJ",9159.0],["TN",8844.0],["MA",8775.0],["AZ",8392.0],["GA",8168.0],["KY",7931.0],["IN",7920.0],["MD",7479.0],["MO",7432.0],["WA",7042.0],["VA",6367.0],["CO",5860.0],["WI",5681.0],["OK",5296.0],["LA",5201.0],["SC",4844.0],["WV",4511.0],["AL",4474.0],["NV",4262.0],["CT",4180.0],["UT",4016.0],["MN",3683.0],["OR",3513.0],["NM",3505.0],["AR",2546.0],["MS",2301.0],["KS",2172.0],["NH",1983.0],["IA",1924.0],["RI",1677.0],["ME",1453.0],["ID",1432.0],["DE",1281.0],["HI",1161.0],["MT",896.0],["NE",880.0],["DC",833.0],["AK",798.0],["WY",670.0],["VT",616.0],["SD",396.0],["ND",261.0]],"headers":["STATEABBREVIATION","Sumofdrugdeaths"],"rawHeaders":["STATEABBREVIATION","Sumofdrugdeaths"]},"format":{"type":"TABLE"},"headerInfo":[{"alias":"STATEABBREVIATION","header":"STATEABBREVIATION","type":"STRING","derived":false},{"alias":"Sumofdrugdeaths","header":"Sumofdrugdeaths","calculatedBy":"drugdeaths","math":"Sum","groupBy":["STATEABBREVIATION"],"type":"NUMBER","derived":true}],"sortInfo":[{"alias":"Sumofdrugdeaths","header":"Sumofdrugdeaths","dir":"DESC","derived":false}],"numCollected":500,"taskOptions":{"0":{"layout":"Line","alignment":{"label":["STATEABBREVIATION"],"value":["Sumofdrugdeaths"]}}},"filterInfo":[],"taskId":"task3"},"operationType":["TASK_DATA"]}]}