{"engineId":"fd5c8fbb-8f7b-4b71-901c-3e45c166bdab","engineName":"State_Opioid","rdbmsId":"03a92430-24cd-4d30-8cf1-c1acff2476e7","varstore":{"GRID_NAME":{"pixelType":"CONST_STRING","class":"java.lang.String","value":["FRAME844212"],"opType":["OPERATION"]}},"frames":[{"file":"@BaseFolder@/db/@ENGINE@/version/03a92430-24cd-4d30-8cf1-c1acff2476e7/FRAME844212.rda","meta":"@BaseFolder@/db/@ENGINE@/version/03a92430-24cd-4d30-8cf1-c1acff2476e7/METADATA__FRAME844212.owl","state":"@BaseFolder@/db/@ENGINE@/version/03a92430-24cd-4d30-8cf1-c1acff2476e7/FRAME_STATE__FRAME844212.json","type":"prerna.ds.r.RDataTable","name":"FRAME844212","keys":["FRAME844212","$CUR_FRAME_KEY"]}],"panels":[{"panelId":"1","panelLabel":"New HIV Diagnoses","view":"visualization","viewOptions":"{\"type\":\"echarts\"}","viewOptionsMap":"{\"federate-view\":{\"app_id\":\"fd5c8fbb-8f7b-4b71-901c-3e45c166bdab\"},\"visualization\":{\"type\":\"echarts\"}}","config":"{}","ornaments":"{}","events":"{\"onSingleClick\":{\"Unfilter\":[{\"disabledVisuals\":[\"Grid\",\"Sunburst\"],\"default\":true,\"query\":\"UnfilterFrame(<SelectedColumn>);\",\"options\":{},\"refresh\":false,\"disabled\":false,\"panel\":\"\"}]},\"onBrush\":{\"Filter\":[{\"default\":true,\"query\":\"if(IsEmpty(<SelectedValues>), UnfilterFrame(<SelectedColumn>), SetFrameFilter(<SelectedColumn>==<SelectedValues>));\",\"options\":{},\"refresh\":false,\"disabled\":false,\"panel\":\"\"}]}}","comments":"{}","position":"{}","filters":[],"order":[],"cbv":{}},{"panelId":"2","panelLabel":"Filter by Year","view":"DashboardFilter","viewOptions":null,"viewOptionsMap":"{\"federate-view\":{\"app_id\":\"fd5c8fbb-8f7b-4b71-901c-3e45c166bdab\"},\"visualization\":{\"type\":\"echarts\"}}","config":"{}","ornaments":"{\"dashboardFilter\":{\"instances\":[\"YEAR\"],\"viewType\":\"List\",\"singleSelect\":\"Single Select\"}}","events":"{\"onSingleClick\":{\"Unfilter\":[{\"disabledVisuals\":[\"Grid\",\"Sunburst\"],\"default\":true,\"query\":\"UnfilterFrame(<SelectedColumn>);\",\"options\":{},\"refresh\":false,\"disabled\":false,\"panel\":\"\"}]},\"onBrush\":{\"Filter\":[{\"default\":true,\"query\":\"if(IsEmpty(<SelectedValues>), UnfilterFrame(<SelectedColumn>), SetFrameFilter(<SelectedColumn>==<SelectedValues>));\",\"options\":{},\"refresh\":false,\"disabled\":false,\"panel\":\"\"}]}}","comments":"{}","position":"{}","filters":[],"order":[],"cbv":{}},{"panelId":"3","panelLabel":"DHAP Funds by State","view":"visualization","viewOptions":"{\"type\":\"echarts\"}","viewOptionsMap":"{\"federate-view\":{\"app_id\":\"fd5c8fbb-8f7b-4b71-901c-3e45c166bdab\"},\"visualization\":{\"type\":\"echarts\"}}","config":"{}","ornaments":"{\"dashboardFilter\":{\"instances\":[\"YEAR\"],\"viewType\":\"List\",\"singleSelect\":\"Single Select\"}}","events":"{\"onSingleClick\":{\"Unfilter\":[{\"disabledVisuals\":[\"Grid\",\"Sunburst\"],\"default\":true,\"query\":\"UnfilterFrame(<SelectedColumn>);\",\"options\":{},\"refresh\":false,\"disabled\":false,\"panel\":\"\"}]},\"onBrush\":{\"Filter\":[{\"default\":true,\"query\":\"if(IsEmpty(<SelectedValues>), UnfilterFrame(<SelectedColumn>), SetFrameFilter(<SelectedColumn>==<SelectedValues>));\",\"options\":{},\"refresh\":false,\"disabled\":false,\"panel\":\"\"}]}}","comments":"{}","position":"{}","filters":[],"order":[],"cbv":{}}],"tasks":{"tasks":[{"type":"basic","task":{"taskType":"basic","id":"task1","numCollected":500,"internalOffset":0,"taskOptions":"{\"options\":{\"0\":{\"layout\":\"Grid\",\"alignment\":{\"label\":[\"AMAT_fac\",\"bup_phys\",\"CDC_consult\",\"CURES_funds\",\"DHAP_funds\",\"drugdeathrate\",\"drugdeaths\",\"drugdep\",\"DVH_funds\",\"fentanyl_seize\",\"HCVacute\",\"HCVacuterate\",\"HCVcases\",\"HCVprevalence\",\"HIVdiagnoses\",\"HIVincidence\",\"HIVprevalence\",\"HOPWA_funds\",\"Med_AMAT_fac\",\"Med_MH_fac\",\"Med_SA_fac\",\"Med_SMAT_fac\",\"Med_TMAT_fac\",\"MH_fac\",\"mme_percap\",\"nonmedpain\",\"num_SSPs\",\"op_rel_inpat\",\"partD30dayrxrate\",\"pct_tx_med\",\"pctunins\",\"pctunmetneed\",\"PDMP_check_req\",\"PLHIV\",\"Population\",\"RW_funds\",\"SA_fac\",\"SMAT_fac\",\"SSP_legality\",\"STATE_1\",\"state_year\",\"STATEABBREVIATION\",\"STATEDATAPIVOTED\",\"TMAT_fac\",\"YEAR\"]}}}}","qs":{"qsType":"FRAME","isDistinct":true,"overrideImplicit":false,"limit":500,"offset":0,"relations":"[]","selectors":[{"type":"COLUMN","content":{"table":"FRAME844212","column":"AMAT_fac","alias":"AMAT_fac","tableAlias":null}},{"type":"COLUMN","content":{"table":"FRAME844212","column":"bup_phys","alias":"bup_phys","tableAlias":null}},{"type":"COLUMN","content":{"table":"FRAME844212","column":"CDC_consult","alias":"CDC_consult","tableAlias":null}},{"type":"COLUMN","content":{"table":"FRAME844212","column":"CURES_funds","alias":"CURES_funds","tableAlias":null}},{"type":"COLUMN","content":{"table":"FRAME844212","column":"DHAP_funds","alias":"DHAP_funds","tableAlias":null}},{"type":"COLUMN","content":{"table":"FRAME844212","column":"drugdeathrate","alias":"drugdeathrate","tableAlias":null}},{"type":"COLUMN","content":{"table":"FRAME844212","column":"drugdeaths","alias":"drugdeaths","tableAlias":null}},{"type":"COLUMN","content":{"table":"FRAME844212","column":"drugdep","alias":"drugdep","tableAlias":null}},{"type":"COLUMN","content":{"table":"FRAME844212","column":"DVH_funds","alias":"DVH_funds","tableAlias":null}},{"type":"COLUMN","content":{"table":"FRAME844212","column":"fentanyl_seize","alias":"fentanyl_seize","tableAlias":null}},{"type":"COLUMN","content":{"table":"FRAME844212","column":"HCVacute","alias":"HCVacute","tableAlias":null}},{"type":"COLUMN","content":{"table":"FRAME844212","column":"HCVacuterate","alias":"HCVacuterate","tableAlias":null}},{"type":"COLUMN","content":{"table":"FRAME844212","column":"HCVcases","alias":"HCVcases","tableAlias":null}},{"type":"COLUMN","content":{"table":"FRAME844212","column":"HCVprevalence","alias":"HCVprevalence","tableAlias":null}},{"type":"COLUMN","content":{"table":"FRAME844212","column":"HIVdiagnoses","alias":"HIVdiagnoses","tableAlias":null}},{"type":"COLUMN","content":{"table":"FRAME844212","column":"HIVincidence","alias":"HIVincidence","tableAlias":null}},{"type":"COLUMN","content":{"table":"FRAME844212","column":"HIVprevalence","alias":"HIVprevalence","tableAlias":null}},{"type":"COLUMN","content":{"table":"FRAME844212","column":"HOPWA_funds","alias":"HOPWA_funds","tableAlias":null}},{"type":"COLUMN","content":{"table":"FRAME844212","column":"Med_AMAT_fac","alias":"Med_AMAT_fac","tableAlias":null}},{"type":"COLUMN","content":{"table":"FRAME844212","column":"Med_MH_fac","alias":"Med_MH_fac","tableAlias":null}},{"type":"COLUMN","content":{"table":"FRAME844212","column":"Med_SA_fac","alias":"Med_SA_fac","tableAlias":null}},{"type":"COLUMN","content":{"table":"FRAME844212","column":"Med_SMAT_fac","alias":"Med_SMAT_fac","tableAlias":null}},{"type":"COLUMN","content":{"table":"FRAME844212","column":"Med_TMAT_fac","alias":"Med_TMAT_fac","tableAlias":null}},{"type":"COLUMN","content":{"table":"FRAME844212","column":"MH_fac","alias":"MH_fac","tableAlias":null}},{"type":"COLUMN","content":{"table":"FRAME844212","column":"mme_percap","alias":"mme_percap","tableAlias":null}},{"type":"COLUMN","content":{"table":"FRAME844212","column":"nonmedpain","alias":"nonmedpain","tableAlias":null}},{"type":"COLUMN","content":{"table":"FRAME844212","column":"num_SSPs","alias":"num_SSPs","tableAlias":null}},{"type":"COLUMN","content":{"table":"FRAME844212","column":"op_rel_inpat","alias":"op_rel_inpat","tableAlias":null}},{"type":"COLUMN","content":{"table":"FRAME844212","column":"partD30dayrxrate","alias":"partD30dayrxrate","tableAlias":null}},{"type":"COLUMN","content":{"table":"FRAME844212","column":"pct_tx_med","alias":"pct_tx_med","tableAlias":null}},{"type":"COLUMN","content":{"table":"FRAME844212","column":"pctunins","alias":"pctunins","tableAlias":null}},{"type":"COLUMN","content":{"table":"FRAME844212","column":"pctunmetneed","alias":"pctunmetneed","tableAlias":null}},{"type":"COLUMN","content":{"table":"FRAME844212","column":"PDMP_check_req","alias":"PDMP_check_req","tableAlias":null}},{"type":"COLUMN","content":{"table":"FRAME844212","column":"PLHIV","alias":"PLHIV","tableAlias":null}},{"type":"COLUMN","content":{"table":"FRAME844212","column":"Population","alias":"Population","tableAlias":null}},{"type":"COLUMN","content":{"table":"FRAME844212","column":"RW_funds","alias":"RW_funds","tableAlias":null}},{"type":"COLUMN","content":{"table":"FRAME844212","column":"SA_fac","alias":"SA_fac","tableAlias":null}},{"type":"COLUMN","content":{"table":"FRAME844212","column":"SMAT_fac","alias":"SMAT_fac","tableAlias":null}},{"type":"COLUMN","content":{"table":"FRAME844212","column":"SSP_legality","alias":"SSP_legality","tableAlias":null}},{"type":"COLUMN","content":{"table":"FRAME844212","column":"STATE_1","alias":"STATE_1","tableAlias":null}},{"type":"COLUMN","content":{"table":"FRAME844212","column":"state_year","alias":"state_year","tableAlias":null}},{"type":"COLUMN","content":{"table":"FRAME844212","column":"STATEABBREVIATION","alias":"STATEABBREVIATION","tableAlias":null}},{"type":"COLUMN","content":{"table":"FRAME844212","column":"STATEDATAPIVOTED","alias":"STATEDATAPIVOTED","tableAlias":null}},{"type":"COLUMN","content":{"table":"FRAME844212","column":"TMAT_fac","alias":"TMAT_fac","tableAlias":null}},{"type":"COLUMN","content":{"table":"FRAME844212","column":"YEAR","alias":"YEAR","tableAlias":null}}],"implicitFilters":["SIMPLE",{"left":{"pixelType":"COLUMN","class":"prerna.query.querystruct.selectors.QueryColumnSelector","value":[{"type":"COLUMN","content":{"table":"YEAR","column":"PRIM_KEY_PLACEHOLDER","alias":"YEAR","tableAlias":null}}],"opType":["OPERATION"]},"comparator":"==","right":{"pixelType":"CONST_INT","class":"java.lang.Integer","value":[2016],"opType":["OPERATION"]}}]}}},{"type":"basic","task":{"taskType":"basic","id":"task3","numCollected":500,"internalOffset":0,"taskOptions":"{\"options\":{\"0\":{\"layout\":\"BoxWhisker\",\"alignment\":{\"label\":[\"AMAT_fac\"],\"value\":[\"CDC_consult\"],\"facet\":[]}}}}","qs":{"qsType":"FRAME","isDistinct":true,"overrideImplicit":false,"limit":500,"offset":0,"relations":"[]","selectors":[{"type":"COLUMN","content":{"table":"AMAT_fac","column":"PRIM_KEY_PLACEHOLDER","alias":"AMAT_fac","tableAlias":null}},{"type":"COLUMN","content":{"table":"CDC_consult","column":"PRIM_KEY_PLACEHOLDER","alias":"CDC_consult","tableAlias":null}}]}}},{"type":"basic","task":{"taskType":"basic","id":"task5","numCollected":500,"internalOffset":0,"taskOptions":"{\"options\":{\"0\":{\"layout\":\"Pack\",\"alignment\":{\"value\":[\"AverageofCURES_funds\"],\"group\":[\"STATE_1\"]}}}}","qs":{"qsType":"FRAME","isDistinct":true,"overrideImplicit":false,"limit":500,"offset":0,"relations":"[]","groups":["{\"column\":\"PRIM_KEY_PLACEHOLDER\",\"table\":\"STATE_1\",\"alias\":\"\"}"],"selectors":[{"type":"COLUMN","content":{"table":"STATE_1","column":"PRIM_KEY_PLACEHOLDER","alias":"STATE_1","tableAlias":null}},{"type":"FUNCTION","content":{"alias":"AverageofCURES_funds","function":"mean","distinct":false,"colCast":"","innerSelectors":[{"type":"COLUMN","content":{"table":"CURES_funds","column":"PRIM_KEY_PLACEHOLDER","alias":"CURES_funds","tableAlias":null}}]}}]}}},{"type":"basic","task":{"taskType":"basic","id":"task7","numCollected":500,"internalOffset":0,"taskOptions":"{\"options\":{\"0\":{\"layout\":\"Pack\",\"alignment\":{\"value\":[\"AverageofDHAP_funds\"],\"group\":[\"STATE_1\"]}}}}","qs":{"qsType":"FRAME","isDistinct":true,"overrideImplicit":false,"limit":500,"offset":0,"relations":"[]","groups":["{\"column\":\"PRIM_KEY_PLACEHOLDER\",\"table\":\"STATE_1\",\"alias\":\"\"}"],"selectors":[{"type":"COLUMN","content":{"table":"STATE_1","column":"PRIM_KEY_PLACEHOLDER","alias":"STATE_1","tableAlias":null}},{"type":"FUNCTION","content":{"alias":"AverageofDHAP_funds","function":"mean","distinct":false,"colCast":"","innerSelectors":[{"type":"COLUMN","content":{"table":"DHAP_funds","column":"PRIM_KEY_PLACEHOLDER","alias":"DHAP_funds","tableAlias":null}}]}}]}}},{"type":"basic","task":{"taskType":"basic","id":"task9","numCollected":500,"internalOffset":0,"taskOptions":"{\"options\":{\"1\":{\"layout\":\"Choropleth\",\"alignment\":{\"label\":[\"STATE_1\"],\"value\":[\"AverageofDHAP_funds\"]}}}}","qs":{"qsType":"FRAME","isDistinct":true,"overrideImplicit":false,"limit":500,"offset":0,"relations":"[]","groups":["{\"column\":\"PRIM_KEY_PLACEHOLDER\",\"table\":\"STATE_1\",\"alias\":\"\"}"],"selectors":[{"type":"COLUMN","content":{"table":"STATE_1","column":"PRIM_KEY_PLACEHOLDER","alias":"STATE_1","tableAlias":null}},{"type":"FUNCTION","content":{"alias":"AverageofDHAP_funds","function":"mean","distinct":false,"colCast":"","innerSelectors":[{"type":"COLUMN","content":{"table":"DHAP_funds","column":"PRIM_KEY_PLACEHOLDER","alias":"DHAP_funds","tableAlias":null}}]}}]}}},{"type":"basic","task":{"taskType":"basic","id":"task11","numCollected":500,"internalOffset":0,"taskOptions":"{\"options\":{\"1\":{\"layout\":\"Choropleth\",\"alignment\":{\"label\":[\"STATE_1\"],\"value\":[\"AverageofHIVprevalence\"],\"facet\":[]}}}}","qs":{"qsType":"FRAME","isDistinct":true,"overrideImplicit":false,"limit":500,"offset":0,"relations":"[]","groups":["{\"column\":\"PRIM_KEY_PLACEHOLDER\",\"table\":\"STATE_1\",\"alias\":\"\"}"],"selectors":[{"type":"COLUMN","content":{"table":"STATE_1","column":"PRIM_KEY_PLACEHOLDER","alias":"STATE_1","tableAlias":null}},{"type":"FUNCTION","content":{"alias":"AverageofHIVprevalence","function":"mean","distinct":false,"colCast":"","innerSelectors":[{"type":"COLUMN","content":{"table":"HIVprevalence","column":"PRIM_KEY_PLACEHOLDER","alias":"HIVprevalence","tableAlias":null}}]}}]}}},{"type":"basic","task":{"taskType":"basic","id":"task13","numCollected":500,"internalOffset":0,"taskOptions":"{\"options\":{\"0\":{\"layout\":\"Pack\",\"alignment\":{\"value\":[\"AverageofDHAP_funds\"],\"group\":[\"STATE_1\"]}}}}","qs":{"qsType":"FRAME","isDistinct":true,"overrideImplicit":false,"limit":500,"offset":0,"relations":"[]","groups":["{\"column\":\"PRIM_KEY_PLACEHOLDER\",\"table\":\"STATE_1\",\"alias\":\"\"}"],"selectors":[{"type":"FUNCTION","content":{"alias":"AverageofDHAP_funds","function":"mean","distinct":false,"colCast":"","innerSelectors":[{"type":"COLUMN","content":{"table":"DHAP_funds","column":"PRIM_KEY_PLACEHOLDER","alias":"DHAP_funds","tableAlias":null}}]}},{"type":"COLUMN","content":{"table":"STATE_1","column":"PRIM_KEY_PLACEHOLDER","alias":"STATE_1","tableAlias":null}}],"implicitFilters":["SIMPLE",{"left":{"pixelType":"COLUMN","class":"prerna.query.querystruct.selectors.QueryColumnSelector","value":[{"type":"COLUMN","content":{"table":"YEAR","column":"PRIM_KEY_PLACEHOLDER","alias":"YEAR","tableAlias":null}}],"opType":["OPERATION"]},"comparator":"==","right":{"pixelType":"CONST_INT","class":"java.lang.Integer","value":[2017],"opType":["OPERATION"]}}]}}},{"type":"basic","task":{"taskType":"basic","id":"task15","numCollected":500,"internalOffset":0,"taskOptions":"{\"options\":{\"1\":{\"layout\":\"Choropleth\",\"alignment\":{\"label\":[\"STATE_1\"],\"value\":[\"AverageofHIVprevalence\"]}}}}","qs":{"qsType":"FRAME","isDistinct":true,"overrideImplicit":false,"limit":500,"offset":0,"relations":"[]","groups":["{\"column\":\"PRIM_KEY_PLACEHOLDER\",\"table\":\"STATE_1\",\"alias\":\"\"}"],"selectors":[{"type":"COLUMN","content":{"table":"STATE_1","column":"PRIM_KEY_PLACEHOLDER","alias":"STATE_1","tableAlias":null}},{"type":"FUNCTION","content":{"alias":"AverageofHIVprevalence","function":"mean","distinct":false,"colCast":"","innerSelectors":[{"type":"COLUMN","content":{"table":"HIVprevalence","column":"PRIM_KEY_PLACEHOLDER","alias":"HIVprevalence","tableAlias":null}}]}}],"implicitFilters":["SIMPLE",{"left":{"pixelType":"COLUMN","class":"prerna.query.querystruct.selectors.QueryColumnSelector","value":[{"type":"COLUMN","content":{"table":"YEAR","column":"PRIM_KEY_PLACEHOLDER","alias":"YEAR","tableAlias":null}}],"opType":["OPERATION"]},"comparator":"==","right":{"pixelType":"CONST_INT","class":"java.lang.Integer","value":[2017],"opType":["OPERATION"]}}]}}},{"type":"basic","task":{"taskType":"basic","id":"task17","numCollected":500,"internalOffset":0,"taskOptions":"{\"options\":{\"0\":{\"layout\":\"Pack\",\"alignment\":{\"value\":[\"AverageofDHAP_funds\"],\"group\":[\"STATE_1\"]}}}}","qs":{"qsType":"FRAME","isDistinct":true,"overrideImplicit":false,"limit":500,"offset":0,"relations":"[]","groups":["{\"column\":\"PRIM_KEY_PLACEHOLDER\",\"table\":\"STATE_1\",\"alias\":\"\"}"],"selectors":[{"type":"FUNCTION","content":{"alias":"AverageofDHAP_funds","function":"mean","distinct":false,"colCast":"","innerSelectors":[{"type":"COLUMN","content":{"table":"DHAP_funds","column":"PRIM_KEY_PLACEHOLDER","alias":"DHAP_funds","tableAlias":null}}]}},{"type":"COLUMN","content":{"table":"STATE_1","column":"PRIM_KEY_PLACEHOLDER","alias":"STATE_1","tableAlias":null}}],"implicitFilters":["SIMPLE",{"left":{"pixelType":"COLUMN","class":"prerna.query.querystruct.selectors.QueryColumnSelector","value":[{"type":"COLUMN","content":{"table":"YEAR","column":"PRIM_KEY_PLACEHOLDER","alias":"YEAR","tableAlias":null}}],"opType":["OPERATION"]},"comparator":"==","right":{"pixelType":"CONST_INT","class":"java.lang.Integer","value":[2016],"opType":["OPERATION"]}}]}}},{"type":"basic","task":{"taskType":"basic","id":"task19","numCollected":500,"internalOffset":0,"taskOptions":"{\"options\":{\"1\":{\"layout\":\"Choropleth\",\"alignment\":{\"label\":[\"STATE_1\"],\"value\":[\"AverageofHIVprevalence\"]}}}}","qs":{"qsType":"FRAME","isDistinct":true,"overrideImplicit":false,"limit":500,"offset":0,"relations":"[]","groups":["{\"column\":\"PRIM_KEY_PLACEHOLDER\",\"table\":\"STATE_1\",\"alias\":\"\"}"],"selectors":[{"type":"COLUMN","content":{"table":"STATE_1","column":"PRIM_KEY_PLACEHOLDER","alias":"STATE_1","tableAlias":null}},{"type":"FUNCTION","content":{"alias":"AverageofHIVprevalence","function":"mean","distinct":false,"colCast":"","innerSelectors":[{"type":"COLUMN","content":{"table":"HIVprevalence","column":"PRIM_KEY_PLACEHOLDER","alias":"HIVprevalence","tableAlias":null}}]}}],"implicitFilters":["SIMPLE",{"left":{"pixelType":"COLUMN","class":"prerna.query.querystruct.selectors.QueryColumnSelector","value":[{"type":"COLUMN","content":{"table":"YEAR","column":"PRIM_KEY_PLACEHOLDER","alias":"YEAR","tableAlias":null}}],"opType":["OPERATION"]},"comparator":"==","right":{"pixelType":"CONST_INT","class":"java.lang.Integer","value":[2016],"opType":["OPERATION"]}}]}}},{"type":"basic","task":{"taskType":"basic","id":"task21","numCollected":500,"internalOffset":0,"taskOptions":"{\"options\":{\"1\":{\"layout\":\"Choropleth\",\"alignment\":{\"label\":[\"STATE_1\"],\"value\":[\"AverageofHIVdiagnoses\"],\"facet\":[]}}}}","qs":{"qsType":"FRAME","isDistinct":true,"overrideImplicit":false,"limit":500,"offset":0,"relations":"[]","groups":["{\"column\":\"PRIM_KEY_PLACEHOLDER\",\"table\":\"STATE_1\",\"alias\":\"\"}"],"selectors":[{"type":"COLUMN","content":{"table":"STATE_1","column":"PRIM_KEY_PLACEHOLDER","alias":"STATE_1","tableAlias":null}},{"type":"FUNCTION","content":{"alias":"AverageofHIVdiagnoses","function":"mean","distinct":false,"colCast":"","innerSelectors":[{"type":"COLUMN","content":{"table":"HIVdiagnoses","column":"PRIM_KEY_PLACEHOLDER","alias":"HIVdiagnoses","tableAlias":null}}]}}],"implicitFilters":["SIMPLE",{"left":{"pixelType":"COLUMN","class":"prerna.query.querystruct.selectors.QueryColumnSelector","value":[{"type":"COLUMN","content":{"table":"YEAR","column":"PRIM_KEY_PLACEHOLDER","alias":"YEAR","tableAlias":null}}],"opType":["OPERATION"]},"comparator":"==","right":{"pixelType":"CONST_INT","class":"java.lang.Integer","value":[2016],"opType":["OPERATION"]}}]}}},{"type":"basic","task":{"taskType":"basic","id":"task23","numCollected":500,"internalOffset":0,"taskOptions":"{\"options\":{\"3\":{\"layout\":\"Pie\",\"alignment\":{\"heat\":[],\"tooltip\":[],\"label\":[\"STATE_1\"],\"value\":[\"AverageofHIVprevalence\"],\"facet\":[]}}}}","qs":{"qsType":"FRAME","isDistinct":true,"overrideImplicit":false,"limit":500,"offset":0,"relations":"[]","groups":["{\"column\":\"PRIM_KEY_PLACEHOLDER\",\"table\":\"STATE_1\",\"alias\":\"\"}"],"selectors":[{"type":"COLUMN","content":{"table":"STATE_1","column":"PRIM_KEY_PLACEHOLDER","alias":"STATE_1","tableAlias":null}},{"type":"FUNCTION","content":{"alias":"AverageofHIVprevalence","function":"mean","distinct":false,"colCast":"","innerSelectors":[{"type":"COLUMN","content":{"table":"HIVprevalence","column":"PRIM_KEY_PLACEHOLDER","alias":"HIVprevalence","tableAlias":null}}]}}],"implicitFilters":["SIMPLE",{"left":{"pixelType":"COLUMN","class":"prerna.query.querystruct.selectors.QueryColumnSelector","value":[{"type":"COLUMN","content":{"table":"YEAR","column":"PRIM_KEY_PLACEHOLDER","alias":"YEAR","tableAlias":null}}],"opType":["OPERATION"]},"comparator":"==","right":{"pixelType":"CONST_INT","class":"java.lang.Integer","value":[2016],"opType":["OPERATION"]}}]}}},{"type":"basic","task":{"taskType":"basic","id":"task25","numCollected":500,"internalOffset":0,"taskOptions":"{\"options\":{\"3\":{\"layout\":\"Column\",\"alignment\":{\"tooltip\":[],\"label\":[\"STATE_1\"],\"value\":[\"AverageofHIVprevalence\"],\"facet\":[]}}}}","qs":{"qsType":"FRAME","isDistinct":true,"overrideImplicit":false,"limit":500,"offset":0,"relations":"[]","groups":["{\"column\":\"PRIM_KEY_PLACEHOLDER\",\"table\":\"STATE_1\",\"alias\":\"\"}"],"selectors":[{"type":"COLUMN","content":{"table":"STATE_1","column":"PRIM_KEY_PLACEHOLDER","alias":"STATE_1","tableAlias":null}},{"type":"FUNCTION","content":{"alias":"AverageofHIVprevalence","function":"mean","distinct":false,"colCast":"","innerSelectors":[{"type":"COLUMN","content":{"table":"HIVprevalence","column":"PRIM_KEY_PLACEHOLDER","alias":"HIVprevalence","tableAlias":null}}]}}],"implicitFilters":["SIMPLE",{"left":{"pixelType":"COLUMN","class":"prerna.query.querystruct.selectors.QueryColumnSelector","value":[{"type":"COLUMN","content":{"table":"YEAR","column":"PRIM_KEY_PLACEHOLDER","alias":"YEAR","tableAlias":null}}],"opType":["OPERATION"]},"comparator":"==","right":{"pixelType":"CONST_INT","class":"java.lang.Integer","value":[2016],"opType":["OPERATION"]}}]}}},{"type":"basic","task":{"taskType":"basic","id":"task27","numCollected":500,"internalOffset":0,"taskOptions":"{\"options\":{\"3\":{\"layout\":\"Column\",\"alignment\":{\"tooltip\":[],\"label\":[\"STATE_1\"],\"value\":[\"AverageofDHAP_funds\"],\"facet\":[]}}}}","qs":{"qsType":"FRAME","isDistinct":true,"overrideImplicit":false,"limit":500,"offset":0,"relations":"[]","groups":["{\"column\":\"PRIM_KEY_PLACEHOLDER\",\"table\":\"STATE_1\",\"alias\":\"\"}"],"selectors":[{"type":"COLUMN","content":{"table":"STATE_1","column":"PRIM_KEY_PLACEHOLDER","alias":"STATE_1","tableAlias":null}},{"type":"FUNCTION","content":{"alias":"AverageofDHAP_funds","function":"mean","distinct":false,"colCast":"","innerSelectors":[{"type":"COLUMN","content":{"table":"DHAP_funds","column":"PRIM_KEY_PLACEHOLDER","alias":"DHAP_funds","tableAlias":null}}]}}],"implicitFilters":["SIMPLE",{"left":{"pixelType":"COLUMN","class":"prerna.query.querystruct.selectors.QueryColumnSelector","value":[{"type":"COLUMN","content":{"table":"YEAR","column":"PRIM_KEY_PLACEHOLDER","alias":"YEAR","tableAlias":null}}],"opType":["OPERATION"]},"comparator":"==","right":{"pixelType":"CONST_INT","class":"java.lang.Integer","value":[2016],"opType":["OPERATION"]}}]}}},{"type":"basic","task":{"taskType":"basic","id":"task29","numCollected":500,"internalOffset":0,"taskOptions":"{\"options\":{\"3\":{\"layout\":\"Column\",\"alignment\":{\"label\":[\"STATE_1\"],\"value\":[\"AverageofDHAP_funds\"]}}}}","qs":{"qsType":"FRAME","isDistinct":true,"overrideImplicit":false,"limit":500,"offset":0,"relations":"[]","groups":["{\"column\":\"PRIM_KEY_PLACEHOLDER\",\"table\":\"STATE_1\",\"alias\":\"\"}"],"orders":["{\"sortDir\":\"DESC\",\"column\":\"PRIM_KEY_PLACEHOLDER\",\"table\":\"AverageofDHAP_funds\",\"alias\":\"\"}"],"selectors":[{"type":"COLUMN","content":{"table":"STATE_1","column":"PRIM_KEY_PLACEHOLDER","alias":"STATE_1","tableAlias":null}},{"type":"FUNCTION","content":{"alias":"AverageofDHAP_funds","function":"mean","distinct":false,"colCast":"","innerSelectors":[{"type":"COLUMN","content":{"table":"DHAP_funds","column":"PRIM_KEY_PLACEHOLDER","alias":"DHAP_funds","tableAlias":null}}]}}],"implicitFilters":["SIMPLE",{"left":{"pixelType":"COLUMN","class":"prerna.query.querystruct.selectors.QueryColumnSelector","value":[{"type":"COLUMN","content":{"table":"YEAR","column":"PRIM_KEY_PLACEHOLDER","alias":"YEAR","tableAlias":null}}],"opType":["OPERATION"]},"comparator":"==","right":{"pixelType":"CONST_INT","class":"java.lang.Integer","value":[2016],"opType":["OPERATION"]}}]}}},{"type":"constant","task":{"taskType":"constant","id":"task31","taskOptions":"{\"options\":{\"4\":{\"layout\":\"HeatMap\",\"alignment\":{\"heat\":[\"Correlation\"],\"x\":[\"Column_Header_X\"],\"y\":[\"Column_Header_Y\"]}}}}","outputData":"{\"values\":[],\"headers\":[],\"rawHeaders\":[]}","outputDataClass":"java.util.Hashtable"}}],"taskCounter":32},"recipe":["AddPanel ( 0 ) ;","Panel ( 0 ) | AddPanelEvents ( { \"onSingleClick\" : { \"Unfilter\" : [ { \"panel\" : \"\" , \"query\" : \"UnfilterFrame(%3CSelectedColumn%3E)%3B\" , \"options\" : { } , \"refresh\" : false , \"default\" : true , \"disabledVisuals\" : [ \"Grid\" , \"Sunburst\" ] , \"disabled\" : false } ] } , \"onBrush\" : { \"Filter\" : [ { \"panel\" : \"\" , \"query\" : \"if(IsEmpty(%3CSelectedValues%3E)%2C%20UnfilterFrame(%3CSelectedColumn%3E)%2C%20SetFrameFilter(%3CSelectedColumn%3E%3D%3D%3CSelectedValues%3E))%3B\" , \"options\" : { } , \"refresh\" : false , \"default\" : true , \"disabled\" : false } ] } } ) ;","Panel ( 0 ) | RetrievePanelEvents ( ) ;","Panel ( 0 ) | SetPanelView ( \"visualization\" , \"%7B%22type%22%3A%22echarts%22%7D\" ) ;","Panel ( 0 ) | SetPanelView ( \"federate-view\" , \"%7B%22app_id%22%3A%22fd5c8fbb-8f7b-4b71-901c-3e45c166bdab%22%7D\" ) ;","CreateFrame ( frameType = [ GRID ] ) .as ( [ 'FRAME844212' ] ) ;","Database ( database = [ \"fd5c8fbb-8f7b-4b71-901c-3e45c166bdab\" ] ) | Select ( STATEDATAPIVOTED , STATEDATAPIVOTED__AMAT_fac , STATEDATAPIVOTED__CDC_consult , STATEDATAPIVOTED__CURES_funds , STATEDATAPIVOTED__DHAP_funds , STATEDATAPIVOTED__DVH_funds , STATEDATAPIVOTED__HCVacute , STATEDATAPIVOTED__HCVacuterate , STATEDATAPIVOTED__HCVcases , STATEDATAPIVOTED__HCVprevalence , STATEDATAPIVOTED__HIVdiagnoses , STATEDATAPIVOTED__HIVincidence , STATEDATAPIVOTED__HIVprevalence , STATEDATAPIVOTED__HOPWA_funds , STATEDATAPIVOTED__MH_fac , STATEDATAPIVOTED__Med_AMAT_fac , STATEDATAPIVOTED__Med_MH_fac , STATEDATAPIVOTED__Med_SA_fac , STATEDATAPIVOTED__Med_SMAT_fac , STATEDATAPIVOTED__Med_TMAT_fac , STATEDATAPIVOTED__PDMP_check_req , STATEDATAPIVOTED__PLHIV , STATEDATAPIVOTED__Population , STATEDATAPIVOTED__RW_funds , STATEDATAPIVOTED__SA_fac , STATEDATAPIVOTED__SMAT_fac , STATEDATAPIVOTED__SSP_legality , STATEDATAPIVOTED__STATEABBREVIATION , STATEDATAPIVOTED__STATE_1 , STATEDATAPIVOTED__TMAT_fac , STATEDATAPIVOTED__YEAR , STATEDATAPIVOTED__bup_phys , STATEDATAPIVOTED__drugdeathrate , STATEDATAPIVOTED__drugdeaths , STATEDATAPIVOTED__drugdep , STATEDATAPIVOTED__fentanyl_seize , STATEDATAPIVOTED__mme_percap , STATEDATAPIVOTED__nonmedpain , STATEDATAPIVOTED__num_SSPs , STATEDATAPIVOTED__op_rel_inpat , STATEDATAPIVOTED__partD30dayrxrate , STATEDATAPIVOTED__pct_tx_med , STATEDATAPIVOTED__pctunins , STATEDATAPIVOTED__pctunmetneed , STATEDATAPIVOTED__state_year ) .as ( [ STATEDATAPIVOTED , AMAT_fac , CDC_consult , CURES_funds , DHAP_funds , DVH_funds , HCVacute , HCVacuterate , HCVcases , HCVprevalence , HIVdiagnoses , HIVincidence , HIVprevalence , HOPWA_funds , MH_fac , Med_AMAT_fac , Med_MH_fac , Med_SA_fac , Med_SMAT_fac , Med_TMAT_fac , PDMP_check_req , PLHIV , Population , RW_funds , SA_fac , SMAT_fac , SSP_legality , STATEABBREVIATION , STATE_1 , TMAT_fac , YEAR , bup_phys , drugdeathrate , drugdeaths , drugdep , fentanyl_seize , mme_percap , nonmedpain , num_SSPs , op_rel_inpat , partD30dayrxrate , pct_tx_med , pctunins , pctunmetneed , state_year ] ) | Import ( ) ;","Panel ( 0 ) | SetPanelView ( \"visualization\" ) ;","Frame ( ) | QueryAll ( ) | AutoTaskOptions ( panel = [ \"0\" ] , layout = [ \"Grid\" ] ) | Collect ( 500 ) ;","Panel ( 0 ) | SetPanelView ( \"visualization\" , \"%7B%22type%22%3A%22echarts%22%7D\" ) ;","if ( ( HasDuplicates ( AMAT_fac ) ) , ( Select ( AMAT_fac , CDC_consult ) .as ( [ AMAT_fac , CDC_consult ] ) | With ( Panel ( 0 ) ) | Format ( type = [ 'table' ] ) | TaskOptions ( { \"0\" : { \"layout\" : \"BoxWhisker\" , \"alignment\" : { \"label\" : [ \"AMAT_fac\" ] , \"value\" : [ \"CDC_consult\" ] , \"facet\" : [ ] } } } ) | Collect ( 500 ) ) , ( Select ( AMAT_fac , CDC_consult ) .as ( [ AMAT_fac , CDC_consult ] ) | With ( Panel ( 0 ) ) | Format ( type = [ 'table' ] ) | TaskOptions ( { \"0\" : { \"layout\" : \"BoxWhisker\" , \"alignment\" : { \"label\" : [ \"AMAT_fac\" ] , \"value\" : [ \"CDC_consult\" ] , \"facet\" : [ ] } } } ) | Collect ( 500 ) ) ) ;","Panel ( 0 ) | SetPanelView ( \"visualization\" , \"%7B%22type%22%3A%22standard%22%7D\" ) ;","if ( ( HasDuplicates ( STATE_1 ) ) , ( Select ( STATE_1 , Average ( CURES_funds ) ) .as ( [ STATE_1 , AverageofCURES_funds ] ) | Group ( STATE_1 ) | With ( Panel ( 0 ) ) | Format ( type = [ 'table' ] ) | TaskOptions ( { \"0\" : { \"layout\" : \"Pack\" , \"alignment\" : { \"group\" : [ \"STATE_1\" ] , \"value\" : [ \"AverageofCURES_funds\" ] } } } ) | Collect ( 500 ) ) , ( Select ( STATE_1 , CURES_funds ) .as ( [ STATE_1 , CURES_funds ] ) | With ( Panel ( 0 ) ) | Format ( type = [ 'table' ] ) | TaskOptions ( { \"0\" : { \"layout\" : \"Pack\" , \"alignment\" : { \"group\" : [ \"STATE_1\" ] , \"value\" : [ \"CURES_funds\" ] } } } ) | Collect ( 500 ) ) ) ;","if ( ( HasDuplicates ( STATE_1 ) ) , ( Select ( STATE_1 , Average ( DHAP_funds ) ) .as ( [ STATE_1 , AverageofDHAP_funds ] ) | Group ( STATE_1 ) | With ( Panel ( 0 ) ) | Format ( type = [ 'table' ] ) | TaskOptions ( { \"0\" : { \"layout\" : \"Pack\" , \"alignment\" : { \"group\" : [ \"STATE_1\" ] , \"value\" : [ \"AverageofDHAP_funds\" ] } } } ) | Collect ( 500 ) ) , ( Select ( STATE_1 , DHAP_funds ) .as ( [ STATE_1 , DHAP_funds ] ) | With ( Panel ( 0 ) ) | Format ( type = [ 'table' ] ) | TaskOptions ( { \"0\" : { \"layout\" : \"Pack\" , \"alignment\" : { \"group\" : [ \"STATE_1\" ] , \"value\" : [ \"DHAP_funds\" ] } } } ) | Collect ( 500 ) ) ) ;","Panel ( 0 ) | Clone ( 1 ) ;","Panel ( 1 ) | SetPanelView ( \"visualization\" , \"%7B%22type%22%3A%22echarts%22%7D\" ) ;","if ( ( HasDuplicates ( STATE_1 ) ) , ( Select ( STATE_1 , Average ( DHAP_funds ) ) .as ( [ STATE_1 , AverageofDHAP_funds ] ) | Group ( STATE_1 ) | With ( Panel ( 1 ) ) | Format ( type = [ 'table' ] ) | TaskOptions ( { \"1\" : { \"layout\" : \"Choropleth\" , \"alignment\" : { \"label\" : [ \"STATE_1\" ] , \"value\" : [ \"AverageofDHAP_funds\" ] } } } ) | Collect ( 500 ) ) , ( Select ( STATE_1 , DHAP_funds ) .as ( [ STATE_1 , DHAP_funds ] ) | With ( Panel ( 1 ) ) | Format ( type = [ 'table' ] ) | TaskOptions ( { \"1\" : { \"layout\" : \"Choropleth\" , \"alignment\" : { \"label\" : [ \"STATE_1\" ] , \"value\" : [ \"DHAP_funds\" ] } } } ) | Collect ( 500 ) ) ) ;","if ( ( HasDuplicates ( STATE_1 ) ) , ( Select ( STATE_1 , Average ( HIVprevalence ) ) .as ( [ STATE_1 , AverageofHIVprevalence ] ) | Group ( STATE_1 ) | With ( Panel ( 1 ) ) | Format ( type = [ 'table' ] ) | TaskOptions ( { \"1\" : { \"layout\" : \"Choropleth\" , \"alignment\" : { \"label\" : [ \"STATE_1\" ] , \"value\" : [ \"AverageofHIVprevalence\" ] , \"facet\" : [ ] } } } ) | Collect ( 500 ) ) , ( Select ( STATE_1 , HIVprevalence ) .as ( [ STATE_1 , HIVprevalence ] ) | With ( Panel ( 1 ) ) | Format ( type = [ 'table' ] ) | TaskOptions ( { \"1\" : { \"layout\" : \"Choropleth\" , \"alignment\" : { \"label\" : [ \"STATE_1\" ] , \"value\" : [ \"HIVprevalence\" ] , \"facet\" : [ ] } } } ) | Collect ( 500 ) ) ) ;","Panel ( 1 ) | Clone ( 2 ) ;","Panel ( 2 ) | SetPanelView ( \"DashboardFilter\" ) ;","Panel ( 2 ) | AddPanelOrnaments ( { \"dashboardFilter\" : { \"singleSelect\" : \"Single Select\" , \"viewType\" : \"List\" , \"instances\" : [ \"YEAR\" ] } } ) | RetrievePanelOrnaments ( \"dashboardFilter\" ) ;","if ( ( FrameHeaderExists ( YEAR ) ) , ( SetFrameFilter ( ( YEAR == [ 2017 ] ) ) ) , ( false ) ) ;","ifError ( ( Frame ( ) | Select ( Average ( DHAP_funds ) , STATE_1 ) .as ( [ AverageofDHAP_funds , STATE_1 ] ) | Group ( STATE_1 ) | With ( Panel ( 0 ) ) | Format ( type = [ 'table' ] ) | TaskOptions ( { \"0\" : { \"layout\" : \"Pack\" , \"alignment\" : { \"value\" : [ \"AverageofDHAP_funds\" ] , \"group\" : [ \"STATE_1\" ] } } } ) | Collect ( 500 ) ) , ( true ) ) ;","ifError ( ( Frame ( ) | Select ( STATE_1 , Average ( HIVprevalence ) ) .as ( [ STATE_1 , AverageofHIVprevalence ] ) | Group ( STATE_1 ) | With ( Panel ( 1 ) ) | Format ( type = [ 'table' ] ) | TaskOptions ( { \"1\" : { \"layout\" : \"Choropleth\" , \"alignment\" : { \"label\" : [ \"STATE_1\" ] , \"value\" : [ \"AverageofHIVprevalence\" ] } } } ) | Collect ( 500 ) ) , ( true ) ) ;","if ( ( FrameHeaderExists ( YEAR ) ) , ( SetFrameFilter ( ( YEAR == [ 2016 ] ) ) ) , ( false ) ) ;","ifError ( ( Frame ( ) | Select ( Average ( DHAP_funds ) , STATE_1 ) .as ( [ AverageofDHAP_funds , STATE_1 ] ) | Group ( STATE_1 ) | With ( Panel ( 0 ) ) | Format ( type = [ 'table' ] ) | TaskOptions ( { \"0\" : { \"layout\" : \"Pack\" , \"alignment\" : { \"value\" : [ \"AverageofDHAP_funds\" ] , \"group\" : [ \"STATE_1\" ] } } } ) | Collect ( 500 ) ) , ( true ) ) ;","ifError ( ( Frame ( ) | Select ( STATE_1 , Average ( HIVprevalence ) ) .as ( [ STATE_1 , AverageofHIVprevalence ] ) | Group ( STATE_1 ) | With ( Panel ( 1 ) ) | Format ( type = [ 'table' ] ) | TaskOptions ( { \"1\" : { \"layout\" : \"Choropleth\" , \"alignment\" : { \"label\" : [ \"STATE_1\" ] , \"value\" : [ \"AverageofHIVprevalence\" ] } } } ) | Collect ( 500 ) ) , ( true ) ) ;","if ( ( HasDuplicates ( STATE_1 ) ) , ( Select ( STATE_1 , Average ( HIVdiagnoses ) ) .as ( [ STATE_1 , AverageofHIVdiagnoses ] ) | Group ( STATE_1 ) | With ( Panel ( 1 ) ) | Format ( type = [ 'table' ] ) | TaskOptions ( { \"1\" : { \"layout\" : \"Choropleth\" , \"alignment\" : { \"label\" : [ \"STATE_1\" ] , \"value\" : [ \"AverageofHIVdiagnoses\" ] , \"facet\" : [ ] } } } ) | Collect ( 500 ) ) , ( Select ( STATE_1 , HIVdiagnoses ) .as ( [ STATE_1 , HIVdiagnoses ] ) | With ( Panel ( 1 ) ) | Format ( type = [ 'table' ] ) | TaskOptions ( { \"1\" : { \"layout\" : \"Choropleth\" , \"alignment\" : { \"label\" : [ \"STATE_1\" ] , \"value\" : [ \"HIVdiagnoses\" ] , \"facet\" : [ ] } } } ) | Collect ( 500 ) ) ) ;","Panel ( 0 ) | SetPanelLabel ( \"DHAP Funds per State\" ) ;","Panel ( 1 ) | SetPanelLabel ( \"New HIV Diagnoses\" ) ;","Panel ( 0 ) | AddPanelEvents ( { \"onDoubleClick\" : { \"Filter by State\" : [ { \"panel\" : \"\" , \"query\" : \"SetFrameFilter(%3CSelectedColumn%3E%3D%3D%3CSelectedValues%3E)%3B\" , \"options\" : { } , \"refresh\" : true , \"disabledVisuals\" : [ ] } ] } } ) ;","Panel ( 0 ) | RetrievePanelEvents ( ) ;","Panel ( 0 ) | AddPanelEvents ( { \"onDoubleClick\" : { \"Filter by State\" : [ { \"panel\" : \"\" , \"query\" : \"SetFrameFilter(%3CSelectedColumn%3E%3D%3D%3CSelectedValues%3E)%3B\" , \"options\" : { } , \"refresh\" : true , \"disabledVisuals\" : [ ] } ] } } ) ;","Panel ( 0 ) | RetrievePanelEvents ( ) ;","Panel ( 0 ) | RemovePanelEvents ( \"onDoubleClick.Filter by State\" ) ;","Panel ( 0 ) | RetrievePanelEvents ( ) ;","Panel ( 0 ) | AddPanelEvents ( { \"onHover\" : { \"filter by state\" : [ { \"panel\" : \"\" , \"query\" : \"SetFrameFilter(%3CSelectedColumn%3E%3D%3D%3CSelectedValues%3E)%3B\" , \"options\" : { } , \"refresh\" : true , \"disabledVisuals\" : [ ] } ] } } ) ;","Panel ( 0 ) | RetrievePanelEvents ( ) ;","Panel ( 0 ) | AddPanelEvents ( { \"onSingleClick\" : { \"filter by state\" : [ { \"panel\" : \"\" , \"query\" : \"SetFrameFilter(%3CSelectedColumn%3E%3D%3D%3CSelectedValues%3E)%3B\" , \"options\" : { } , \"refresh\" : true , \"disabledVisuals\" : [ ] } ] } } ) ;","Panel ( 0 ) | RetrievePanelEvents ( ) ;","Panel ( 2 ) | Clone ( 3 ) ;","Panel ( 3 ) | SetPanelView ( \"visualization\" ) ;","Panel ( 3 ) | SetPanelView ( \"visualization\" , \"%7B%22type%22%3A%22echarts%22%7D\" ) ;","if ( ( HasDuplicates ( STATE_1 ) ) , ( Select ( STATE_1 , Average ( HIVprevalence ) ) .as ( [ STATE_1 , AverageofHIVprevalence ] ) | Group ( STATE_1 ) | With ( Panel ( 3 ) ) | Format ( type = [ 'table' ] ) | TaskOptions ( { \"3\" : { \"layout\" : \"Pie\" , \"alignment\" : { \"label\" : [ \"STATE_1\" ] , \"value\" : [ \"AverageofHIVprevalence\" ] , \"heat\" : [ ] , \"tooltip\" : [ ] , \"facet\" : [ ] } } } ) | Collect ( 500 ) ) , ( Select ( STATE_1 , HIVprevalence ) .as ( [ STATE_1 , HIVprevalence ] ) | With ( Panel ( 3 ) ) | Format ( type = [ 'table' ] ) | TaskOptions ( { \"3\" : { \"layout\" : \"Pie\" , \"alignment\" : { \"label\" : [ \"STATE_1\" ] , \"value\" : [ \"HIVprevalence\" ] , \"heat\" : [ ] , \"tooltip\" : [ ] , \"facet\" : [ ] } } } ) | Collect ( 500 ) ) ) ;","Panel ( 3 ) | SetPanelView ( \"visualization\" , \"%7B%22type%22%3A%22echarts%22%7D\" ) ;","if ( ( HasDuplicates ( STATE_1 ) ) , ( Select ( STATE_1 , Average ( HIVprevalence ) ) .as ( [ STATE_1 , AverageofHIVprevalence ] ) | Group ( STATE_1 ) | With ( Panel ( 3 ) ) | Format ( type = [ 'table' ] ) | TaskOptions ( { \"3\" : { \"layout\" : \"Column\" , \"alignment\" : { \"label\" : [ \"STATE_1\" ] , \"value\" : [ \"AverageofHIVprevalence\" ] , \"tooltip\" : [ ] , \"facet\" : [ ] } } } ) | Collect ( 500 ) ) , ( Select ( STATE_1 , HIVprevalence ) .as ( [ STATE_1 , HIVprevalence ] ) | With ( Panel ( 3 ) ) | Format ( type = [ 'table' ] ) | TaskOptions ( { \"3\" : { \"layout\" : \"Column\" , \"alignment\" : { \"label\" : [ \"STATE_1\" ] , \"value\" : [ \"HIVprevalence\" ] , \"tooltip\" : [ ] , \"facet\" : [ ] } } } ) | Collect ( 500 ) ) ) ;","if ( ( HasDuplicates ( STATE_1 ) ) , ( Select ( STATE_1 , Average ( DHAP_funds ) ) .as ( [ STATE_1 , AverageofDHAP_funds ] ) | Group ( STATE_1 ) | With ( Panel ( 3 ) ) | Format ( type = [ 'table' ] ) | TaskOptions ( { \"3\" : { \"layout\" : \"Column\" , \"alignment\" : { \"label\" : [ \"STATE_1\" ] , \"value\" : [ \"AverageofDHAP_funds\" ] , \"tooltip\" : [ ] , \"facet\" : [ ] } } } ) | Collect ( 500 ) ) , ( Select ( STATE_1 , DHAP_funds ) .as ( [ STATE_1 , DHAP_funds ] ) | With ( Panel ( 3 ) ) | Format ( type = [ 'table' ] ) | TaskOptions ( { \"3\" : { \"layout\" : \"Column\" , \"alignment\" : { \"label\" : [ \"STATE_1\" ] , \"value\" : [ \"DHAP_funds\" ] , \"tooltip\" : [ ] , \"facet\" : [ ] } } } ) | Collect ( 500 ) ) ) ;","Panel ( 3 ) | UnsortPanel ( ) ;","Frame ( ) | Select ( STATE_1 , Average ( DHAP_funds ) ) .as ( [ STATE_1 , AverageofDHAP_funds ] ) | Group ( STATE_1 ) | Sort ( columns = [ \"AverageofDHAP_funds\" ] , sort = [ \"desc\" ] ) | With ( Panel ( 3 ) ) | Format ( type = [ 'table' ] ) | TaskOptions ( { \"3\" : { \"layout\" : \"Column\" , \"alignment\" : { \"label\" : [ \"STATE_1\" ] , \"value\" : [ \"AverageofDHAP_funds\" ] } } } ) | Collect ( 500 ) ;","ClosePanel ( 0 ) ;","if ( IsEmpty ( [ \"Tennessee\" , \"Michigan\" , \"Missouri\" ] ) , UnfilterFrame ( STATE_1 ) , SetFrameFilter ( STATE_1 == [ \"Tennessee\" , \"Michigan\" , \"Missouri\" ] ) ) ;","UnfilterFrame ( STATE_1 ) ;","Panel ( 3 ) | SetPanelLabel ( \"DHAP Funds by State\" ) ;","Panel ( 2 ) | SetPanelLabel ( \"Filter by Year\" ) ;","Panel ( 3 ) | Clone ( 4 ) ;","<j>synchronizeGridToRDataTable(%22FRAME844212%22)</j> ;","Panel ( 4 ) | SetPanelView ( \"visualization\" , \"%7B%22type%22%3A%22echarts%22%7D\" ) ;","RunNumericalCorrelation ( attributes = [ \"AMAT_fac\" , \"CDC_consult\" , \"CURES_funds\" , \"DHAP_funds\" , \"DVH_funds\" , \"HCVacute\" , \"HCVacuterate\" , \"HCVcases\" , \"HCVprevalence\" , \"HIVdiagnoses\" , \"HIVincidence\" , \"HIVprevalence\" , \"HOPWA_funds\" , \"MH_fac\" , \"Med_AMAT_fac\" , \"Med_MH_fac\" , \"Med_SA_fac\" , \"Med_SMAT_fac\" , \"Med_TMAT_fac\" , \"PDMP_check_req\" , \"PLHIV\" , \"Population\" , \"RW_funds\" , \"SA_fac\" , \"SMAT_fac\" , \"SSP_legality\" , \"STATEDATAPIVOTED\" , \"TMAT_fac\" , \"YEAR\" , \"bup_phys\" , \"drugdeathrate\" , \"drugdeaths\" , \"drugdep\" , \"fentanyl_seize\" , \"mme_percap\" , \"nonmedpain\" , \"num_SSPs\" , \"op_rel_inpat\" , \"partD30dayrxrate\" , \"pct_tx_med\" , \"pctunins\" , \"pctunmetneed\" , \"state_year\" ] , panel = [ 4 ] ) ;","ClosePanel ( 4 ) ;"]}