{"insightID":"d4ede752-3b12-4d53-9f9a-ebbeba075758","pixelReturn":[{"pixelExpression":"if ( ( HasDuplicates ( STATE_1 ) ) , ( Select ( STATE_1 , Average ( HIVprevalence ) ) .as ( [ STATE_1 , AverageofHIVprevalence ] ) | Group ( STATE_1 ) | With ( Panel ( 1 ) ) | Format ( type = [ 'table' ] ) | TaskOptions ( { \"1\" : { \"layout\" : \"Choropleth\" , \"alignment\" : { \"label\" : [ \"STATE_1\" ] , \"value\" : [ \"AverageofHIVprevalence\" ] , \"facet\" : [ ] } } } ) | Collect ( 500 ) ) , ( Select ( STATE_1 , HIVprevalence ) .as ( [ STATE_1 , HIVprevalence ] ) | With ( Panel ( 1 ) ) | Format ( type = [ 'table' ] ) | TaskOptions ( { \"1\" : { \"layout\" : \"Choropleth\" , \"alignment\" : { \"label\" : [ \"STATE_1\" ] , \"value\" : [ \"HIVprevalence\" ] , \"facet\" : [ ] } } } ) | Collect ( 500 ) ) ) ;","isMeta":false,"output":{"data":{"values":[["Alabama",null],["Alaska",null],["Arizona",null],["Arkansas",null],["California",null],["Colorado",null],["Connecticut",null],["Delaware",null],["District_of_Columbia",null],["Florida",null],["Georgia",null],["Hawaii",null],["Idaho",null],["Illinois",null],["Indiana",null],["Iowa",null],["Kansas",null],["Kentucky",null],["Louisiana",null],["Maine",null],["Maryland",null],["Massachusetts",null],["Michigan",null],["Minnesota",null],["Mississippi",null],["Missouri",null],["Montana",null],["Nebraska",null],["Nevada",null],["New_Hampshire",null],["New_Jersey",null],["New_Mexico",null],["New_York",null],["North_Carolina",null],["North_Dakota",null],["Ohio",null],["Oklahoma",null],["Oregon",null],["Pennsylvania",null],["Puerto_Rico",null],["Rhode_Island",null],["South_Carolina",null],["South_Dakota",null],["Tennessee",null],["Texas",null],["Utah",null],["Vermont",null],["Virginia",null],["Washington",null],["West_Virginia",null],["Wisconsin",null],["Wyoming",null]],"headers":["STATE_1","AverageofHIVprevalence"],"rawHeaders":["STATE_1","AverageofHIVprevalence"]},"format":{"type":"TABLE"},"headerInfo":[{"alias":"STATE_1","header":"STATE_1","type":"STRING","derived":false},{"alias":"AverageofHIVprevalence","header":"AverageofHIVprevalence","calculatedBy":"HIVprevalence","math":"Average","groupBy":["STATE_1"],"type":"STRING","derived":true}],"sortInfo":[],"numCollected":500,"taskOptions":{"1":{"layout":"Choropleth","alignment":{"label":["STATE_1"],"value":["AverageofHIVprevalence"],"facet":[]}}},"filterInfo":[],"taskId":"task9"},"operationType":["TASK_DATA"]},{"pixelExpression":"Panel ( 1 ) | Clone ( 2 ) ;","isMeta":false,"output":{"original":{"panelId":"1","panelLabel":"New HIV Diagnoses","view":"visualization","viewOptions":"{\"type\":\"echarts\"}","config":{},"viewOptionsMap":{"federate-view":{"app_id":"fd5c8fbb-8f7b-4b71-901c-3e45c166bdab"},"visualization":{"type":"echarts"}},"ornaments":{},"events":{"onSingleClick":{"Unfilter":[{"disabledVisuals":["Grid","Sunburst"],"default":true,"query":"UnfilterFrame(<SelectedColumn>);","options":{},"refresh":false,"disabled":false,"panel":""}]},"onBrush":{"Filter":[{"default":true,"query":"if(IsEmpty(<SelectedValues>), UnfilterFrame(<SelectedColumn>), SetFrameFilter(<SelectedColumn>==<SelectedValues>));","options":{},"refresh":false,"disabled":false,"panel":""}]}},"grf":[],"orderBys":[],"comments":{},"position":{},"colorByValue":{}},"clone":{"panelId":"2","panelLabel":"New HIV Diagnoses Clone","view":"visualization","viewOptions":"{\"type\":\"echarts\"}","config":{},"viewOptionsMap":{"federate-view":{"app_id":"fd5c8fbb-8f7b-4b71-901c-3e45c166bdab"},"visualization":{"type":"echarts"}},"ornaments":{},"events":{"onSingleClick":{"Unfilter":[{"disabledVisuals":["Grid","Sunburst"],"default":true,"query":"UnfilterFrame(<SelectedColumn>);","options":{},"refresh":false,"disabled":false,"panel":""}]},"onBrush":{"Filter":[{"default":true,"query":"if(IsEmpty(<SelectedValues>), UnfilterFrame(<SelectedColumn>), SetFrameFilter(<SelectedColumn>==<SelectedValues>));","options":{},"refresh":false,"disabled":false,"panel":""}]}},"grf":[],"orderBys":[],"comments":{},"position":{},"colorByValue":{}}},"operationType":["PANEL_CLONE"]},{"pixelExpression":"if ( ( HasDuplicates ( STATE_1 ) ) , ( Select ( STATE_1 , Average ( HIVdiagnoses ) ) .as ( [ STATE_1 , AverageofHIVdiagnoses ] ) | Group ( STATE_1 ) | With ( Panel ( 1 ) ) | Format ( type = [ 'table' ] ) | TaskOptions ( { \"1\" : { \"layout\" : \"Choropleth\" , \"alignment\" : { \"label\" : [ \"STATE_1\" ] , \"value\" : [ \"AverageofHIVdiagnoses\" ] , \"facet\" : [ ] } } } ) | Collect ( 500 ) ) , ( Select ( STATE_1 , HIVdiagnoses ) .as ( [ STATE_1 , HIVdiagnoses ] ) | With ( Panel ( 1 ) ) | Format ( type = [ 'table' ] ) | TaskOptions ( { \"1\" : { \"layout\" : \"Choropleth\" , \"alignment\" : { \"label\" : [ \"STATE_1\" ] , \"value\" : [ \"HIVdiagnoses\" ] , \"facet\" : [ ] } } } ) | Collect ( 500 ) ) ) ;","isMeta":false,"output":{"data":{"values":[["Alabama",533.0],["Alaska",37.0],["Arizona",778.0],["Arkansas",314.0],["California",4961.0],["Colorado",423.0],["Connecticut",251.0],["Delaware",117.0],["District_of_Columbia",326.0],["Florida",4940.0],["Georgia",2709.0],["Hawaii",82.0],["Idaho",44.0],["Illinois",1384.0],["Indiana",483.0],["Iowa",133.0],["Kansas",141.0],["Kentucky",319.0],["Louisiana",1151.0],["Maine",50.0],["Maryland",1097.0],["Massachusetts",710.0],["Michigan",747.0],["Minnesota",286.0],["Mississippi",424.0],["Missouri",511.0],["Montana",17.0],["Nebraska",76.0],["Nevada",525.0],["New_Hampshire",42.0],["New_Jersey",1143.0],["New_Mexico",125.0],["New_York",2875.0],["North_Carolina",1404.0],["North_Dakota",46.0],["Ohio",969.0],["Oklahoma",293.0],["Oregon",221.0],["Pennsylvania",1150.0],["Puerto_Rico",523.0],["Rhode_Island",70.0],["South_Carolina",757.0],["South_Dakota",39.0],["Tennessee",715.0],["Texas",4464.0],["Utah",135.0],["Vermont",8.0],["Virginia",893.0],["Washington",432.0],["West_Virginia",66.0],["Wisconsin",224.0],["Wyoming",20.0]],"headers":["STATE_1","AverageofHIVdiagnoses"],"rawHeaders":["STATE_1","AverageofHIVdiagnoses"]},"format":{"type":"TABLE"},"headerInfo":[{"alias":"STATE_1","header":"STATE_1","type":"STRING","derived":false},{"alias":"AverageofHIVdiagnoses","header":"AverageofHIVdiagnoses","calculatedBy":"HIVdiagnoses","math":"Average","groupBy":["STATE_1"],"type":"STRING","derived":true}],"sortInfo":[],"numCollected":500,"taskOptions":{"1":{"layout":"Choropleth","alignment":{"label":["STATE_1"],"value":["AverageofHIVdiagnoses"],"facet":[]}}},"filterInfo":[],"taskId":"task11"},"operationType":["TASK_DATA"]},{"pixelExpression":"Frame ( ) | Select ( STATE_1 , Average ( DHAP_funds ) ) .as ( [ STATE_1 , AverageofDHAP_funds ] ) | Group ( STATE_1 ) | Sort ( columns = [ \"AverageofDHAP_funds\" ] , sort = [ \"desc\" ] ) | With ( Panel ( 3 ) ) | Format ( type = [ 'table' ] ) | TaskOptions ( { \"3\" : { \"layout\" : \"Column\" , \"alignment\" : { \"label\" : [ \"STATE_1\" ] , \"value\" : [ \"AverageofDHAP_funds\" ] } } } ) | Collect ( 500 ) ;","isMeta":false,"output":{"data":{"values":[["New_York",8.16E7],["California",7.2E7],["Florida",4.52E7],["Texas",3.64E7],["Virginia",3.49E7],["District_of_Columbia",2.51E7],["Illinois",2.18E7],["Pennsylvania",2.05E7],["Maryland",1.97E7],["Georgia",1.95E7],["New_Jersey",1.89E7],["North_Carolina",1.82E7],["Louisiana",1.35E7],["Massachusetts",1.14E7],["Puerto_Rico",1.1E7],["Tennessee",9748124.0],["Michigan",9212125.0],["Missouri",9115698.0],["Colorado",9021904.0],["Indiana",8385277.0],["Ohio",8126989.0],["South_Carolina",6773283.0],["Alabama",6561398.0],["Washington",6484920.0],["Arizona",6279621.0],["Connecticut",5888761.0],["Mississippi",5033209.0],["Kentucky",4808563.0],["Oregon",3409798.0],["Minnesota",3014688.0],["Wisconsin",2547476.0],["Arkansas",2322583.0],["Oklahoma",2224578.0],["Delaware",1847595.0],["Rhode_Island",1571337.0],["New_Mexico",1502183.0],["Vermont",1261647.0],["Kansas",1135146.0],["Utah",1079299.0],["Nebraska",1063672.0],["Hawaii",1032599.0],["Iowa",1011807.0],["West_Virginia",992721.0],["Montana",977030.0],["Idaho",974358.0],["Alaska",958542.0],["South_Dakota",949434.0],["North_Dakota",898699.0],["Wyoming",888782.0],["Maine",813568.0],["New_Hampshire",784295.0],["Nevada",null]],"headers":["STATE_1","AverageofDHAP_funds"],"rawHeaders":["STATE_1","AverageofDHAP_funds"]},"format":{"type":"TABLE"},"headerInfo":[{"alias":"STATE_1","header":"STATE_1","type":"STRING","derived":false},{"alias":"AverageofDHAP_funds","header":"AverageofDHAP_funds","calculatedBy":"DHAP_funds","math":"Average","groupBy":["STATE_1"],"type":"STRING","derived":true}],"sortInfo":[{"alias":"AverageofDHAP_funds","header":"AverageofDHAP_funds","dir":"DESC","derived":false}],"numCollected":500,"taskOptions":{"3":{"layout":"Column","alignment":{"label":["STATE_1"],"value":["AverageofDHAP_funds"]}}},"filterInfo":[],"taskId":"task23"},"operationType":["TASK_DATA"]}]}