{"engineId":"fd5c8fbb-8f7b-4b71-901c-3e45c166bdab","engineName":"State_Opioid","rdbmsId":"689f8100-6c91-4949-a17a-aa9c41358661","varstore":{},"frames":[{"file":"@BaseFolder@/db/@ENGINE@/version/689f8100-6c91-4949-a17a-aa9c41358661/FRAME6738.gz","meta":"@BaseFolder@/db/@ENGINE@/version/689f8100-6c91-4949-a17a-aa9c41358661/METADATA__FRAME6738.owl","state":null,"type":"prerna.ds.h2.H2Frame","name":"FRAME6738","keys":["FRAME6738","$CUR_FRAME_KEY"]}],"panels":[{"panelId":"0","panelLabel":"Number of MAT Facilities per State","view":"visualization","viewOptions":"{\"type\":\"echarts\"}","viewOptionsMap":"{\"federate-view\":{\"app_id\":\"fd5c8fbb-8f7b-4b71-901c-3e45c166bdab\"},\"visualization\":{\"type\":\"echarts\"}}","config":"{}","ornaments":"{}","events":"{\"onSingleClick\":{\"Unfilter\":[{\"disabledVisuals\":[\"Grid\",\"Sunburst\"],\"default\":true,\"query\":\"UnfilterFrame(<SelectedColumn>);\",\"options\":{},\"refresh\":false,\"disabled\":false,\"panel\":\"\"}]},\"onBrush\":{\"Filter\":[{\"default\":true,\"query\":\"if(IsEmpty(<SelectedValues>), UnfilterFrame(<SelectedColumn>), SetFrameFilter(<SelectedColumn>==<SelectedValues>));\",\"options\":{},\"refresh\":false,\"disabled\":false,\"panel\":\"\"}]}}","comments":"{}","position":"{}","filters":[],"order":[],"cbv":{}},{"panelId":"1","panelLabel":null,"view":"DashboardFilter","viewOptions":null,"viewOptionsMap":"{\"federate-view\":{\"app_id\":\"fd5c8fbb-8f7b-4b71-901c-3e45c166bdab\"},\"visualization\":{\"type\":\"echarts\"}}","config":"{}","ornaments":"{\"dashboardFilter\":{\"instances\":[\"YEAR\"],\"viewType\":\"List\",\"singleSelect\":\"Single Select\"}}","events":"{\"onSingleClick\":{\"Unfilter\":[{\"disabledVisuals\":[\"Grid\",\"Sunburst\"],\"default\":true,\"query\":\"UnfilterFrame(<SelectedColumn>);\",\"options\":{},\"refresh\":false,\"disabled\":false,\"panel\":\"\"}]},\"onBrush\":{\"Filter\":[{\"default\":true,\"query\":\"if(IsEmpty(<SelectedValues>), UnfilterFrame(<SelectedColumn>), SetFrameFilter(<SelectedColumn>==<SelectedValues>));\",\"options\":{},\"refresh\":false,\"disabled\":false,\"panel\":\"\"}]}}","comments":"{}","position":"{}","filters":[],"order":[],"cbv":{}},{"panelId":"2","panelLabel":"States providing MAC and accepting Medicaid","view":"visualization","viewOptions":"{\"type\":\"echarts\"}","viewOptionsMap":"{\"federate-view\":{\"app_id\":\"fd5c8fbb-8f7b-4b71-901c-3e45c166bdab\"},\"visualization\":{\"type\":\"echarts\"}}","config":"{}","ornaments":"{\"tools\":{\"shared\":{\"toggleLegend\":true}},\"dashboardFilter\":{\"instances\":[\"YEAR\"],\"viewType\":\"List\",\"singleSelect\":\"Single Select\"}}","events":"{\"onSingleClick\":{\"Unfilter\":[{\"disabledVisuals\":[\"Grid\",\"Sunburst\"],\"default\":true,\"query\":\"UnfilterFrame(<SelectedColumn>);\",\"options\":{},\"refresh\":false,\"disabled\":false,\"panel\":\"\"}]},\"onBrush\":{\"Filter\":[{\"default\":true,\"query\":\"if(IsEmpty(<SelectedValues>), UnfilterFrame(<SelectedColumn>), SetFrameFilter(<SelectedColumn>==<SelectedValues>));\",\"options\":{},\"refresh\":false,\"disabled\":false,\"panel\":\"\"}]}}","comments":"{}","position":"{}","filters":[],"order":[],"cbv":{}}],"tasks":{"tasks":[{"type":"basic","task":{"taskType":"basic","id":"task1","numCollected":500,"internalOffset":0,"taskOptions":"{\"options\":{\"0\":{\"layout\":\"Grid\",\"alignment\":{\"label\":[\"AMAT_fac\",\"bup_phys\",\"CDC_consult\",\"CURES_funds\",\"DHAP_funds\",\"drugdeathrate\",\"drugdeaths\",\"drugdep\",\"DVH_funds\",\"fentanyl_seize\",\"HCVacute\",\"HCVacuterate\",\"HCVcases\",\"HCVprevalence\",\"HIVdiagnoses\",\"HIVincidence\",\"HIVprevalence\",\"HOPWA_funds\",\"Med_AMAT_fac\",\"Med_MH_fac\",\"Med_SA_fac\",\"Med_SMAT_fac\",\"Med_TMAT_fac\",\"MH_fac\",\"mme_percap\",\"nonmedpain\",\"num_SSPs\",\"op_rel_inpat\",\"partD30dayrxrate\",\"pct_tx_med\",\"pctunins\",\"pctunmetneed\",\"PDMP_check_req\",\"PLHIV\",\"Population\",\"RW_funds\",\"SA_fac\",\"SMAT_fac\",\"SSP_legality\",\"STATE_1\",\"state_year\",\"STATEABBREVIATION\",\"STATEDATAPIVOTED\",\"TMAT_fac\",\"YEAR\"]}}}}","qs":{"qsType":"FRAME","isDistinct":true,"overrideImplicit":false,"limit":500,"offset":0,"relations":"[]","selectors":[{"type":"COLUMN","content":{"table":"FRAME6738","column":"AMAT_fac","alias":"AMAT_fac","tableAlias":null}},{"type":"COLUMN","content":{"table":"FRAME6738","column":"bup_phys","alias":"bup_phys","tableAlias":null}},{"type":"COLUMN","content":{"table":"FRAME6738","column":"CDC_consult","alias":"CDC_consult","tableAlias":null}},{"type":"COLUMN","content":{"table":"FRAME6738","column":"CURES_funds","alias":"CURES_funds","tableAlias":null}},{"type":"COLUMN","content":{"table":"FRAME6738","column":"DHAP_funds","alias":"DHAP_funds","tableAlias":null}},{"type":"COLUMN","content":{"table":"FRAME6738","column":"drugdeathrate","alias":"drugdeathrate","tableAlias":null}},{"type":"COLUMN","content":{"table":"FRAME6738","column":"drugdeaths","alias":"drugdeaths","tableAlias":null}},{"type":"COLUMN","content":{"table":"FRAME6738","column":"drugdep","alias":"drugdep","tableAlias":null}},{"type":"COLUMN","content":{"table":"FRAME6738","column":"DVH_funds","alias":"DVH_funds","tableAlias":null}},{"type":"COLUMN","content":{"table":"FRAME6738","column":"fentanyl_seize","alias":"fentanyl_seize","tableAlias":null}},{"type":"COLUMN","content":{"table":"FRAME6738","column":"HCVacute","alias":"HCVacute","tableAlias":null}},{"type":"COLUMN","content":{"table":"FRAME6738","column":"HCVacuterate","alias":"HCVacuterate","tableAlias":null}},{"type":"COLUMN","content":{"table":"FRAME6738","column":"HCVcases","alias":"HCVcases","tableAlias":null}},{"type":"COLUMN","content":{"table":"FRAME6738","column":"HCVprevalence","alias":"HCVprevalence","tableAlias":null}},{"type":"COLUMN","content":{"table":"FRAME6738","column":"HIVdiagnoses","alias":"HIVdiagnoses","tableAlias":null}},{"type":"COLUMN","content":{"table":"FRAME6738","column":"HIVincidence","alias":"HIVincidence","tableAlias":null}},{"type":"COLUMN","content":{"table":"FRAME6738","column":"HIVprevalence","alias":"HIVprevalence","tableAlias":null}},{"type":"COLUMN","content":{"table":"FRAME6738","column":"HOPWA_funds","alias":"HOPWA_funds","tableAlias":null}},{"type":"COLUMN","content":{"table":"FRAME6738","column":"Med_AMAT_fac","alias":"Med_AMAT_fac","tableAlias":null}},{"type":"COLUMN","content":{"table":"FRAME6738","column":"Med_MH_fac","alias":"Med_MH_fac","tableAlias":null}},{"type":"COLUMN","content":{"table":"FRAME6738","column":"Med_SA_fac","alias":"Med_SA_fac","tableAlias":null}},{"type":"COLUMN","content":{"table":"FRAME6738","column":"Med_SMAT_fac","alias":"Med_SMAT_fac","tableAlias":null}},{"type":"COLUMN","content":{"table":"FRAME6738","column":"Med_TMAT_fac","alias":"Med_TMAT_fac","tableAlias":null}},{"type":"COLUMN","content":{"table":"FRAME6738","column":"MH_fac","alias":"MH_fac","tableAlias":null}},{"type":"COLUMN","content":{"table":"FRAME6738","column":"mme_percap","alias":"mme_percap","tableAlias":null}},{"type":"COLUMN","content":{"table":"FRAME6738","column":"nonmedpain","alias":"nonmedpain","tableAlias":null}},{"type":"COLUMN","content":{"table":"FRAME6738","column":"num_SSPs","alias":"num_SSPs","tableAlias":null}},{"type":"COLUMN","content":{"table":"FRAME6738","column":"op_rel_inpat","alias":"op_rel_inpat","tableAlias":null}},{"type":"COLUMN","content":{"table":"FRAME6738","column":"partD30dayrxrate","alias":"partD30dayrxrate","tableAlias":null}},{"type":"COLUMN","content":{"table":"FRAME6738","column":"pct_tx_med","alias":"pct_tx_med","tableAlias":null}},{"type":"COLUMN","content":{"table":"FRAME6738","column":"pctunins","alias":"pctunins","tableAlias":null}},{"type":"COLUMN","content":{"table":"FRAME6738","column":"pctunmetneed","alias":"pctunmetneed","tableAlias":null}},{"type":"COLUMN","content":{"table":"FRAME6738","column":"PDMP_check_req","alias":"PDMP_check_req","tableAlias":null}},{"type":"COLUMN","content":{"table":"FRAME6738","column":"PLHIV","alias":"PLHIV","tableAlias":null}},{"type":"COLUMN","content":{"table":"FRAME6738","column":"Population","alias":"Population","tableAlias":null}},{"type":"COLUMN","content":{"table":"FRAME6738","column":"RW_funds","alias":"RW_funds","tableAlias":null}},{"type":"COLUMN","content":{"table":"FRAME6738","column":"SA_fac","alias":"SA_fac","tableAlias":null}},{"type":"COLUMN","content":{"table":"FRAME6738","column":"SMAT_fac","alias":"SMAT_fac","tableAlias":null}},{"type":"COLUMN","content":{"table":"FRAME6738","column":"SSP_legality","alias":"SSP_legality","tableAlias":null}},{"type":"COLUMN","content":{"table":"FRAME6738","column":"STATE_1","alias":"STATE_1","tableAlias":null}},{"type":"COLUMN","content":{"table":"FRAME6738","column":"state_year","alias":"state_year","tableAlias":null}},{"type":"COLUMN","content":{"table":"FRAME6738","column":"STATEABBREVIATION","alias":"STATEABBREVIATION","tableAlias":null}},{"type":"COLUMN","content":{"table":"FRAME6738","column":"STATEDATAPIVOTED","alias":"STATEDATAPIVOTED","tableAlias":null}},{"type":"COLUMN","content":{"table":"FRAME6738","column":"TMAT_fac","alias":"TMAT_fac","tableAlias":null}},{"type":"COLUMN","content":{"table":"FRAME6738","column":"YEAR","alias":"YEAR","tableAlias":null}}]}}},{"type":"basic","task":{"taskType":"basic","id":"task3","numCollected":500,"internalOffset":0,"taskOptions":"{\"options\":{\"0\":{\"layout\":\"Choropleth\",\"alignment\":{\"label\":[\"AMAT_fac\"],\"value\":[\"AverageofCDC_consult\"],\"facet\":[]}}}}","qs":{"qsType":"FRAME","isDistinct":true,"overrideImplicit":false,"limit":500,"offset":0,"relations":"[]","groups":["{\"column\":\"PRIM_KEY_PLACEHOLDER\",\"table\":\"AMAT_fac\",\"alias\":\"\"}"],"selectors":[{"type":"COLUMN","content":{"table":"AMAT_fac","column":"PRIM_KEY_PLACEHOLDER","alias":"AMAT_fac","tableAlias":null}},{"type":"FUNCTION","content":{"alias":"AverageofCDC_consult","function":"mean","distinct":false,"colCast":"","innerSelectors":[{"type":"COLUMN","content":{"table":"CDC_consult","column":"PRIM_KEY_PLACEHOLDER","alias":"CDC_consult","tableAlias":null}}]}}]}}},{"type":"basic","task":{"taskType":"basic","id":"task5","numCollected":500,"internalOffset":0,"taskOptions":"{\"options\":{\"0\":{\"layout\":\"Choropleth\",\"alignment\":{\"label\":[\"STATE_1\"],\"value\":[\"AverageofMed_SMAT_fac\"],\"facet\":[]}}}}","qs":{"qsType":"FRAME","isDistinct":true,"overrideImplicit":false,"limit":500,"offset":0,"relations":"[]","groups":["{\"column\":\"PRIM_KEY_PLACEHOLDER\",\"table\":\"STATE_1\",\"alias\":\"\"}"],"selectors":[{"type":"COLUMN","content":{"table":"STATE_1","column":"PRIM_KEY_PLACEHOLDER","alias":"STATE_1","tableAlias":null}},{"type":"FUNCTION","content":{"alias":"AverageofMed_SMAT_fac","function":"mean","distinct":false,"colCast":"","innerSelectors":[{"type":"COLUMN","content":{"table":"Med_SMAT_fac","column":"PRIM_KEY_PLACEHOLDER","alias":"Med_SMAT_fac","tableAlias":null}}]}}]}}},{"type":"basic","task":{"taskType":"basic","id":"task7","numCollected":500,"internalOffset":0,"taskOptions":"{\"options\":{\"0\":{\"layout\":\"Choropleth\",\"alignment\":{\"label\":[\"STATE_1\"],\"value\":[\"AverageofAMAT_fac\"],\"facet\":[]}}}}","qs":{"qsType":"FRAME","isDistinct":true,"overrideImplicit":false,"limit":500,"offset":0,"relations":"[]","groups":["{\"column\":\"PRIM_KEY_PLACEHOLDER\",\"table\":\"STATE_1\",\"alias\":\"\"}"],"selectors":[{"type":"COLUMN","content":{"table":"STATE_1","column":"PRIM_KEY_PLACEHOLDER","alias":"STATE_1","tableAlias":null}},{"type":"FUNCTION","content":{"alias":"AverageofAMAT_fac","function":"mean","distinct":false,"colCast":"","innerSelectors":[{"type":"COLUMN","content":{"table":"AMAT_fac","column":"PRIM_KEY_PLACEHOLDER","alias":"AMAT_fac","tableAlias":null}}]}}]}}},{"type":"basic","task":{"taskType":"basic","id":"task9","numCollected":500,"internalOffset":0,"taskOptions":"{\"options\":{\"2\":{\"layout\":\"Line\",\"alignment\":{\"tooltip\":[],\"label\":[\"STATE_1\"],\"value\":[\"AverageofAMAT_fac\"],\"facet\":[]}}}}","qs":{"qsType":"FRAME","isDistinct":true,"overrideImplicit":false,"limit":500,"offset":0,"relations":"[]","groups":["{\"column\":\"PRIM_KEY_PLACEHOLDER\",\"table\":\"STATE_1\",\"alias\":\"\"}"],"selectors":[{"type":"COLUMN","content":{"table":"STATE_1","column":"PRIM_KEY_PLACEHOLDER","alias":"STATE_1","tableAlias":null}},{"type":"FUNCTION","content":{"alias":"AverageofAMAT_fac","function":"mean","distinct":false,"colCast":"","innerSelectors":[{"type":"COLUMN","content":{"table":"AMAT_fac","column":"PRIM_KEY_PLACEHOLDER","alias":"AMAT_fac","tableAlias":null}}]}}]}}},{"type":"basic","task":{"taskType":"basic","id":"task11","numCollected":500,"internalOffset":0,"taskOptions":"{\"options\":{\"2\":{\"layout\":\"Line\",\"alignment\":{\"tooltip\":[],\"label\":[\"STATE_1\"],\"value\":[\"AverageofAMAT_fac\"],\"facet\":[]}}}}","qs":{"qsType":"FRAME","isDistinct":true,"overrideImplicit":false,"limit":500,"offset":0,"relations":"[]","groups":["{\"column\":\"PRIM_KEY_PLACEHOLDER\",\"table\":\"STATE_1\",\"alias\":\"\"}"],"selectors":[{"type":"COLUMN","content":{"table":"STATE_1","column":"PRIM_KEY_PLACEHOLDER","alias":"STATE_1","tableAlias":null}},{"type":"FUNCTION","content":{"alias":"AverageofAMAT_fac","function":"mean","distinct":false,"colCast":"","innerSelectors":[{"type":"COLUMN","content":{"table":"AMAT_fac","column":"PRIM_KEY_PLACEHOLDER","alias":"AMAT_fac","tableAlias":null}}]}}]}}},{"type":"basic","task":{"taskType":"basic","id":"task13","numCollected":500,"internalOffset":0,"taskOptions":"{\"options\":{\"2\":{\"layout\":\"Line\",\"alignment\":{\"tooltip\":[],\"label\":[\"STATE_1\"],\"value\":[\"AverageofAMAT_fac\",\"AverageofYEAR\"],\"facet\":[]}}}}","qs":{"qsType":"FRAME","isDistinct":true,"overrideImplicit":false,"limit":500,"offset":0,"relations":"[]","groups":["{\"column\":\"PRIM_KEY_PLACEHOLDER\",\"table\":\"STATE_1\",\"alias\":\"\"}"],"selectors":[{"type":"COLUMN","content":{"table":"STATE_1","column":"PRIM_KEY_PLACEHOLDER","alias":"STATE_1","tableAlias":null}},{"type":"FUNCTION","content":{"alias":"AverageofAMAT_fac","function":"mean","distinct":false,"colCast":"","innerSelectors":[{"type":"COLUMN","content":{"table":"AMAT_fac","column":"PRIM_KEY_PLACEHOLDER","alias":"AMAT_fac","tableAlias":null}}]}},{"type":"FUNCTION","content":{"alias":"AverageofYEAR","function":"mean","distinct":false,"colCast":"","innerSelectors":[{"type":"COLUMN","content":{"table":"YEAR","column":"PRIM_KEY_PLACEHOLDER","alias":"YEAR","tableAlias":null}}]}}]}}},{"type":"basic","task":{"taskType":"basic","id":"task15","numCollected":500,"internalOffset":0,"taskOptions":"{\"options\":{\"2\":{\"layout\":\"Line\",\"alignment\":{\"tooltip\":[],\"label\":[\"STATE_1\"],\"value\":[\"AverageofAMAT_fac\"],\"facet\":[]}}}}","qs":{"qsType":"FRAME","isDistinct":true,"overrideImplicit":false,"limit":500,"offset":0,"relations":"[]","groups":["{\"column\":\"PRIM_KEY_PLACEHOLDER\",\"table\":\"STATE_1\",\"alias\":\"\"}"],"selectors":[{"type":"COLUMN","content":{"table":"STATE_1","column":"PRIM_KEY_PLACEHOLDER","alias":"STATE_1","tableAlias":null}},{"type":"FUNCTION","content":{"alias":"AverageofAMAT_fac","function":"mean","distinct":false,"colCast":"","innerSelectors":[{"type":"COLUMN","content":{"table":"AMAT_fac","column":"PRIM_KEY_PLACEHOLDER","alias":"AMAT_fac","tableAlias":null}}]}}]}}},{"type":"basic","task":{"taskType":"basic","id":"task17","numCollected":500,"internalOffset":0,"taskOptions":"{\"options\":{\"2\":{\"layout\":\"Line\",\"groupByInfo\":{\"uniqueInstances\":[2005,2006,2007,2008,2009,2010,2011,2012,2013,2014,2015,2016,2017,2018],\"viewType\":\"All Instances\",\"selectedDim\":\"YEAR\",\"instanceIndex\":\"0\"},\"alignment\":{\"tooltip\":[],\"label\":[\"STATE_1\"],\"value\":[\"AverageofAMAT_fac\"],\"facet\":[\"YEAR\"]}}}}","qs":{"qsType":"FRAME","isDistinct":true,"overrideImplicit":false,"limit":500,"offset":0,"relations":"[]","groups":["{\"column\":\"PRIM_KEY_PLACEHOLDER\",\"table\":\"STATE_1\",\"alias\":\"\"}","{\"column\":\"PRIM_KEY_PLACEHOLDER\",\"table\":\"YEAR\",\"alias\":\"\"}"],"selectors":[{"type":"COLUMN","content":{"table":"STATE_1","column":"PRIM_KEY_PLACEHOLDER","alias":"STATE_1","tableAlias":null}},{"type":"FUNCTION","content":{"alias":"AverageofAMAT_fac","function":"mean","distinct":false,"colCast":"","innerSelectors":[{"type":"COLUMN","content":{"table":"AMAT_fac","column":"PRIM_KEY_PLACEHOLDER","alias":"AMAT_fac","tableAlias":null}}]}},{"type":"COLUMN","content":{"table":"YEAR","column":"PRIM_KEY_PLACEHOLDER","alias":"YEAR","tableAlias":null}}]}}},{"type":"basic","task":{"taskType":"basic","id":"task19","numCollected":500,"internalOffset":0,"taskOptions":"{\"options\":{\"2\":{\"layout\":\"Line\",\"alignment\":{\"tooltip\":[],\"label\":[\"STATE_1\"],\"value\":[\"AverageofAMAT_fac\"],\"facet\":[]}}}}","qs":{"qsType":"FRAME","isDistinct":true,"overrideImplicit":false,"limit":500,"offset":0,"relations":"[]","groups":["{\"column\":\"PRIM_KEY_PLACEHOLDER\",\"table\":\"STATE_1\",\"alias\":\"\"}"],"selectors":[{"type":"COLUMN","content":{"table":"STATE_1","column":"PRIM_KEY_PLACEHOLDER","alias":"STATE_1","tableAlias":null}},{"type":"FUNCTION","content":{"alias":"AverageofAMAT_fac","function":"mean","distinct":false,"colCast":"","innerSelectors":[{"type":"COLUMN","content":{"table":"AMAT_fac","column":"PRIM_KEY_PLACEHOLDER","alias":"AMAT_fac","tableAlias":null}}]}}]}}},{"type":"basic","task":{"taskType":"basic","id":"task21","numCollected":500,"internalOffset":0,"taskOptions":"{\"options\":{\"2\":{\"layout\":\"Column\",\"alignment\":{\"tooltip\":[],\"label\":[\"STATE_1\"],\"value\":[\"AverageofAMAT_fac\"],\"facet\":[]}}}}","qs":{"qsType":"FRAME","isDistinct":true,"overrideImplicit":false,"limit":500,"offset":0,"relations":"[]","groups":["{\"column\":\"PRIM_KEY_PLACEHOLDER\",\"table\":\"STATE_1\",\"alias\":\"\"}"],"selectors":[{"type":"COLUMN","content":{"table":"STATE_1","column":"PRIM_KEY_PLACEHOLDER","alias":"STATE_1","tableAlias":null}},{"type":"FUNCTION","content":{"alias":"AverageofAMAT_fac","function":"mean","distinct":false,"colCast":"","innerSelectors":[{"type":"COLUMN","content":{"table":"AMAT_fac","column":"PRIM_KEY_PLACEHOLDER","alias":"AMAT_fac","tableAlias":null}}]}}]}}},{"type":"basic","task":{"taskType":"basic","id":"task23","numCollected":500,"internalOffset":0,"taskOptions":"{\"options\":{\"2\":{\"layout\":\"Column\",\"alignment\":{\"label\":[\"STATE_1\"],\"value\":[\"AverageofAMAT_fac\"]}}}}","qs":{"qsType":"FRAME","isDistinct":true,"overrideImplicit":false,"limit":500,"offset":0,"relations":"[]","groups":["{\"column\":\"PRIM_KEY_PLACEHOLDER\",\"table\":\"STATE_1\",\"alias\":\"\"}"],"orders":["{\"sortDir\":\"DESC\",\"column\":\"PRIM_KEY_PLACEHOLDER\",\"table\":\"AverageofAMAT_fac\",\"alias\":\"\"}"],"selectors":[{"type":"COLUMN","content":{"table":"STATE_1","column":"PRIM_KEY_PLACEHOLDER","alias":"STATE_1","tableAlias":null}},{"type":"FUNCTION","content":{"alias":"AverageofAMAT_fac","function":"mean","distinct":false,"colCast":"","innerSelectors":[{"type":"COLUMN","content":{"table":"AMAT_fac","column":"PRIM_KEY_PLACEHOLDER","alias":"AMAT_fac","tableAlias":null}}]}}]}}},{"type":"basic","task":{"taskType":"basic","id":"task25","numCollected":500,"internalOffset":0,"taskOptions":"{\"options\":{\"2\":{\"layout\":\"Column\",\"alignment\":{\"tooltip\":[],\"label\":[\"STATE_1\"],\"value\":[\"AverageofAMAT_fac\",\"AverageofMed_AMAT_fac\"],\"facet\":[]}}}}","qs":{"qsType":"FRAME","isDistinct":true,"overrideImplicit":false,"limit":500,"offset":0,"relations":"[]","groups":["{\"column\":\"PRIM_KEY_PLACEHOLDER\",\"table\":\"STATE_1\",\"alias\":\"\"}"],"selectors":[{"type":"COLUMN","content":{"table":"STATE_1","column":"PRIM_KEY_PLACEHOLDER","alias":"STATE_1","tableAlias":null}},{"type":"FUNCTION","content":{"alias":"AverageofAMAT_fac","function":"mean","distinct":false,"colCast":"","innerSelectors":[{"type":"COLUMN","content":{"table":"AMAT_fac","column":"PRIM_KEY_PLACEHOLDER","alias":"AMAT_fac","tableAlias":null}}]}},{"type":"FUNCTION","content":{"alias":"AverageofMed_AMAT_fac","function":"mean","distinct":false,"colCast":"","innerSelectors":[{"type":"COLUMN","content":{"table":"Med_AMAT_fac","column":"PRIM_KEY_PLACEHOLDER","alias":"Med_AMAT_fac","tableAlias":null}}]}}]}}},{"type":"basic","task":{"taskType":"basic","id":"task27","numCollected":500,"internalOffset":0,"taskOptions":"{\"options\":{\"2\":{\"layout\":\"Column\",\"alignment\":{\"tooltip\":[],\"label\":[\"STATE_1\"],\"value\":[\"AverageofAMAT_fac\",\"AverageofMed_AMAT_fac\",\"AverageofMed_SMAT_fac\"],\"facet\":[]}}}}","qs":{"qsType":"FRAME","isDistinct":true,"overrideImplicit":false,"limit":500,"offset":0,"relations":"[]","groups":["{\"column\":\"PRIM_KEY_PLACEHOLDER\",\"table\":\"STATE_1\",\"alias\":\"\"}"],"selectors":[{"type":"COLUMN","content":{"table":"STATE_1","column":"PRIM_KEY_PLACEHOLDER","alias":"STATE_1","tableAlias":null}},{"type":"FUNCTION","content":{"alias":"AverageofAMAT_fac","function":"mean","distinct":false,"colCast":"","innerSelectors":[{"type":"COLUMN","content":{"table":"AMAT_fac","column":"PRIM_KEY_PLACEHOLDER","alias":"AMAT_fac","tableAlias":null}}]}},{"type":"FUNCTION","content":{"alias":"AverageofMed_AMAT_fac","function":"mean","distinct":false,"colCast":"","innerSelectors":[{"type":"COLUMN","content":{"table":"Med_AMAT_fac","column":"PRIM_KEY_PLACEHOLDER","alias":"Med_AMAT_fac","tableAlias":null}}]}},{"type":"FUNCTION","content":{"alias":"AverageofMed_SMAT_fac","function":"mean","distinct":false,"colCast":"","innerSelectors":[{"type":"COLUMN","content":{"table":"Med_SMAT_fac","column":"PRIM_KEY_PLACEHOLDER","alias":"Med_SMAT_fac","tableAlias":null}}]}}]}}},{"type":"basic","task":{"taskType":"basic","id":"task29","numCollected":500,"internalOffset":0,"taskOptions":"{\"options\":{\"2\":{\"layout\":\"Column\",\"alignment\":{\"tooltip\":[],\"label\":[\"STATE_1\"],\"value\":[\"AverageofAMAT_fac\",\"AverageofMed_AMAT_fac\",\"AverageofMed_SMAT_fac\",\"AverageofMed_TMAT_fac\"],\"facet\":[]}}}}","qs":{"qsType":"FRAME","isDistinct":true,"overrideImplicit":false,"limit":500,"offset":0,"relations":"[]","groups":["{\"column\":\"PRIM_KEY_PLACEHOLDER\",\"table\":\"STATE_1\",\"alias\":\"\"}"],"selectors":[{"type":"COLUMN","content":{"table":"STATE_1","column":"PRIM_KEY_PLACEHOLDER","alias":"STATE_1","tableAlias":null}},{"type":"FUNCTION","content":{"alias":"AverageofAMAT_fac","function":"mean","distinct":false,"colCast":"","innerSelectors":[{"type":"COLUMN","content":{"table":"AMAT_fac","column":"PRIM_KEY_PLACEHOLDER","alias":"AMAT_fac","tableAlias":null}}]}},{"type":"FUNCTION","content":{"alias":"AverageofMed_AMAT_fac","function":"mean","distinct":false,"colCast":"","innerSelectors":[{"type":"COLUMN","content":{"table":"Med_AMAT_fac","column":"PRIM_KEY_PLACEHOLDER","alias":"Med_AMAT_fac","tableAlias":null}}]}},{"type":"FUNCTION","content":{"alias":"AverageofMed_SMAT_fac","function":"mean","distinct":false,"colCast":"","innerSelectors":[{"type":"COLUMN","content":{"table":"Med_SMAT_fac","column":"PRIM_KEY_PLACEHOLDER","alias":"Med_SMAT_fac","tableAlias":null}}]}},{"type":"FUNCTION","content":{"alias":"AverageofMed_TMAT_fac","function":"mean","distinct":false,"colCast":"","innerSelectors":[{"type":"COLUMN","content":{"table":"Med_TMAT_fac","column":"PRIM_KEY_PLACEHOLDER","alias":"Med_TMAT_fac","tableAlias":null}}]}}]}}},{"type":"basic","task":{"taskType":"basic","id":"task31","numCollected":500,"internalOffset":0,"taskOptions":"{\"options\":{\"2\":{\"layout\":\"Column\",\"alignment\":{\"tooltip\":[],\"label\":[\"STATE_1\"],\"value\":[\"AverageofAMAT_fac\",\"AverageofMed_AMAT_fac\",\"AverageofMed_SMAT_fac\",\"AverageofMed_TMAT_fac\",\"AverageofSMAT_fac\"],\"facet\":[]}}}}","qs":{"qsType":"FRAME","isDistinct":true,"overrideImplicit":false,"limit":500,"offset":0,"relations":"[]","groups":["{\"column\":\"PRIM_KEY_PLACEHOLDER\",\"table\":\"STATE_1\",\"alias\":\"\"}"],"selectors":[{"type":"COLUMN","content":{"table":"STATE_1","column":"PRIM_KEY_PLACEHOLDER","alias":"STATE_1","tableAlias":null}},{"type":"FUNCTION","content":{"alias":"AverageofAMAT_fac","function":"mean","distinct":false,"colCast":"","innerSelectors":[{"type":"COLUMN","content":{"table":"AMAT_fac","column":"PRIM_KEY_PLACEHOLDER","alias":"AMAT_fac","tableAlias":null}}]}},{"type":"FUNCTION","content":{"alias":"AverageofMed_AMAT_fac","function":"mean","distinct":false,"colCast":"","innerSelectors":[{"type":"COLUMN","content":{"table":"Med_AMAT_fac","column":"PRIM_KEY_PLACEHOLDER","alias":"Med_AMAT_fac","tableAlias":null}}]}},{"type":"FUNCTION","content":{"alias":"AverageofMed_SMAT_fac","function":"mean","distinct":false,"colCast":"","innerSelectors":[{"type":"COLUMN","content":{"table":"Med_SMAT_fac","column":"PRIM_KEY_PLACEHOLDER","alias":"Med_SMAT_fac","tableAlias":null}}]}},{"type":"FUNCTION","content":{"alias":"AverageofMed_TMAT_fac","function":"mean","distinct":false,"colCast":"","innerSelectors":[{"type":"COLUMN","content":{"table":"Med_TMAT_fac","column":"PRIM_KEY_PLACEHOLDER","alias":"Med_TMAT_fac","tableAlias":null}}]}},{"type":"FUNCTION","content":{"alias":"AverageofSMAT_fac","function":"mean","distinct":false,"colCast":"","innerSelectors":[{"type":"COLUMN","content":{"table":"SMAT_fac","column":"PRIM_KEY_PLACEHOLDER","alias":"SMAT_fac","tableAlias":null}}]}}]}}},{"type":"basic","task":{"taskType":"basic","id":"task33","numCollected":500,"internalOffset":0,"taskOptions":"{\"options\":{\"2\":{\"layout\":\"Column\",\"alignment\":{\"tooltip\":[],\"label\":[\"STATE_1\"],\"value\":[\"AverageofAMAT_fac\",\"AverageofMed_AMAT_fac\",\"AverageofMed_SMAT_fac\",\"AverageofMed_TMAT_fac\",\"AverageofSMAT_fac\",\"AverageofTMAT_fac\"],\"facet\":[]}}}}","qs":{"qsType":"FRAME","isDistinct":true,"overrideImplicit":false,"limit":500,"offset":0,"relations":"[]","groups":["{\"column\":\"PRIM_KEY_PLACEHOLDER\",\"table\":\"STATE_1\",\"alias\":\"\"}"],"selectors":[{"type":"COLUMN","content":{"table":"STATE_1","column":"PRIM_KEY_PLACEHOLDER","alias":"STATE_1","tableAlias":null}},{"type":"FUNCTION","content":{"alias":"AverageofAMAT_fac","function":"mean","distinct":false,"colCast":"","innerSelectors":[{"type":"COLUMN","content":{"table":"AMAT_fac","column":"PRIM_KEY_PLACEHOLDER","alias":"AMAT_fac","tableAlias":null}}]}},{"type":"FUNCTION","content":{"alias":"AverageofMed_AMAT_fac","function":"mean","distinct":false,"colCast":"","innerSelectors":[{"type":"COLUMN","content":{"table":"Med_AMAT_fac","column":"PRIM_KEY_PLACEHOLDER","alias":"Med_AMAT_fac","tableAlias":null}}]}},{"type":"FUNCTION","content":{"alias":"AverageofMed_SMAT_fac","function":"mean","distinct":false,"colCast":"","innerSelectors":[{"type":"COLUMN","content":{"table":"Med_SMAT_fac","column":"PRIM_KEY_PLACEHOLDER","alias":"Med_SMAT_fac","tableAlias":null}}]}},{"type":"FUNCTION","content":{"alias":"AverageofMed_TMAT_fac","function":"mean","distinct":false,"colCast":"","innerSelectors":[{"type":"COLUMN","content":{"table":"Med_TMAT_fac","column":"PRIM_KEY_PLACEHOLDER","alias":"Med_TMAT_fac","tableAlias":null}}]}},{"type":"FUNCTION","content":{"alias":"AverageofSMAT_fac","function":"mean","distinct":false,"colCast":"","innerSelectors":[{"type":"COLUMN","content":{"table":"SMAT_fac","column":"PRIM_KEY_PLACEHOLDER","alias":"SMAT_fac","tableAlias":null}}]}},{"type":"FUNCTION","content":{"alias":"AverageofTMAT_fac","function":"mean","distinct":false,"colCast":"","innerSelectors":[{"type":"COLUMN","content":{"table":"TMAT_fac","column":"PRIM_KEY_PLACEHOLDER","alias":"TMAT_fac","tableAlias":null}}]}}]}}},{"type":"basic","task":{"taskType":"basic","id":"task35","numCollected":500,"internalOffset":0,"taskOptions":"{\"options\":{\"2\":{\"layout\":\"Column\",\"alignment\":{\"label\":[\"STATE_1\"],\"value\":[\"AverageofAMAT_fac\",\"AverageofMed_AMAT_fac\",\"AverageofMed_SMAT_fac\",\"AverageofMed_TMAT_fac\",\"AverageofSMAT_fac\",\"AverageofTMAT_fac\"]}}}}","qs":{"qsType":"FRAME","isDistinct":true,"overrideImplicit":false,"limit":500,"offset":0,"relations":"[]","groups":["{\"column\":\"PRIM_KEY_PLACEHOLDER\",\"table\":\"STATE_1\",\"alias\":\"\"}"],"orders":["{\"sortDir\":\"DESC\",\"column\":\"PRIM_KEY_PLACEHOLDER\",\"table\":\"AverageofMed_AMAT_fac\",\"alias\":\"\"}"],"selectors":[{"type":"COLUMN","content":{"table":"STATE_1","column":"PRIM_KEY_PLACEHOLDER","alias":"STATE_1","tableAlias":null}},{"type":"FUNCTION","content":{"alias":"AverageofAMAT_fac","function":"mean","distinct":false,"colCast":"","innerSelectors":[{"type":"COLUMN","content":{"table":"AMAT_fac","column":"PRIM_KEY_PLACEHOLDER","alias":"AMAT_fac","tableAlias":null}}]}},{"type":"FUNCTION","content":{"alias":"AverageofMed_AMAT_fac","function":"mean","distinct":false,"colCast":"","innerSelectors":[{"type":"COLUMN","content":{"table":"Med_AMAT_fac","column":"PRIM_KEY_PLACEHOLDER","alias":"Med_AMAT_fac","tableAlias":null}}]}},{"type":"FUNCTION","content":{"alias":"AverageofMed_SMAT_fac","function":"mean","distinct":false,"colCast":"","innerSelectors":[{"type":"COLUMN","content":{"table":"Med_SMAT_fac","column":"PRIM_KEY_PLACEHOLDER","alias":"Med_SMAT_fac","tableAlias":null}}]}},{"type":"FUNCTION","content":{"alias":"AverageofMed_TMAT_fac","function":"mean","distinct":false,"colCast":"","innerSelectors":[{"type":"COLUMN","content":{"table":"Med_TMAT_fac","column":"PRIM_KEY_PLACEHOLDER","alias":"Med_TMAT_fac","tableAlias":null}}]}},{"type":"FUNCTION","content":{"alias":"AverageofSMAT_fac","function":"mean","distinct":false,"colCast":"","innerSelectors":[{"type":"COLUMN","content":{"table":"SMAT_fac","column":"PRIM_KEY_PLACEHOLDER","alias":"SMAT_fac","tableAlias":null}}]}},{"type":"FUNCTION","content":{"alias":"AverageofTMAT_fac","function":"mean","distinct":false,"colCast":"","innerSelectors":[{"type":"COLUMN","content":{"table":"TMAT_fac","column":"PRIM_KEY_PLACEHOLDER","alias":"TMAT_fac","tableAlias":null}}]}}]}}},{"type":"basic","task":{"taskType":"basic","id":"task37","numCollected":500,"internalOffset":0,"taskOptions":"{\"options\":{\"2\":{\"layout\":\"Column\",\"alignment\":{\"tooltip\":[],\"label\":[\"STATE_1\"],\"value\":[\"AverageofAMAT_fac\",\"AverageofMed_AMAT_fac\",\"AverageofMed_SMAT_fac\",\"AverageofMed_TMAT_fac\",\"AverageofTMAT_fac\"],\"facet\":[]}}}}","qs":{"qsType":"FRAME","isDistinct":true,"overrideImplicit":false,"limit":500,"offset":0,"relations":"[]","groups":["{\"column\":\"PRIM_KEY_PLACEHOLDER\",\"table\":\"STATE_1\",\"alias\":\"\"}"],"selectors":[{"type":"COLUMN","content":{"table":"STATE_1","column":"PRIM_KEY_PLACEHOLDER","alias":"STATE_1","tableAlias":null}},{"type":"FUNCTION","content":{"alias":"AverageofAMAT_fac","function":"mean","distinct":false,"colCast":"","innerSelectors":[{"type":"COLUMN","content":{"table":"AMAT_fac","column":"PRIM_KEY_PLACEHOLDER","alias":"AMAT_fac","tableAlias":null}}]}},{"type":"FUNCTION","content":{"alias":"AverageofMed_AMAT_fac","function":"mean","distinct":false,"colCast":"","innerSelectors":[{"type":"COLUMN","content":{"table":"Med_AMAT_fac","column":"PRIM_KEY_PLACEHOLDER","alias":"Med_AMAT_fac","tableAlias":null}}]}},{"type":"FUNCTION","content":{"alias":"AverageofMed_SMAT_fac","function":"mean","distinct":false,"colCast":"","innerSelectors":[{"type":"COLUMN","content":{"table":"Med_SMAT_fac","column":"PRIM_KEY_PLACEHOLDER","alias":"Med_SMAT_fac","tableAlias":null}}]}},{"type":"FUNCTION","content":{"alias":"AverageofMed_TMAT_fac","function":"mean","distinct":false,"colCast":"","innerSelectors":[{"type":"COLUMN","content":{"table":"Med_TMAT_fac","column":"PRIM_KEY_PLACEHOLDER","alias":"Med_TMAT_fac","tableAlias":null}}]}},{"type":"FUNCTION","content":{"alias":"AverageofTMAT_fac","function":"mean","distinct":false,"colCast":"","innerSelectors":[{"type":"COLUMN","content":{"table":"TMAT_fac","column":"PRIM_KEY_PLACEHOLDER","alias":"TMAT_fac","tableAlias":null}}]}}]}}},{"type":"basic","task":{"taskType":"basic","id":"task39","numCollected":500,"internalOffset":0,"taskOptions":"{\"options\":{\"2\":{\"layout\":\"Column\",\"alignment\":{\"tooltip\":[],\"label\":[\"STATE_1\"],\"value\":[\"AverageofAMAT_fac\",\"AverageofMed_AMAT_fac\",\"AverageofMed_SMAT_fac\"],\"facet\":[]}}}}","qs":{"qsType":"FRAME","isDistinct":true,"overrideImplicit":false,"limit":500,"offset":0,"relations":"[]","groups":["{\"column\":\"PRIM_KEY_PLACEHOLDER\",\"table\":\"STATE_1\",\"alias\":\"\"}"],"selectors":[{"type":"COLUMN","content":{"table":"STATE_1","column":"PRIM_KEY_PLACEHOLDER","alias":"STATE_1","tableAlias":null}},{"type":"FUNCTION","content":{"alias":"AverageofAMAT_fac","function":"mean","distinct":false,"colCast":"","innerSelectors":[{"type":"COLUMN","content":{"table":"AMAT_fac","column":"PRIM_KEY_PLACEHOLDER","alias":"AMAT_fac","tableAlias":null}}]}},{"type":"FUNCTION","content":{"alias":"AverageofMed_AMAT_fac","function":"mean","distinct":false,"colCast":"","innerSelectors":[{"type":"COLUMN","content":{"table":"Med_AMAT_fac","column":"PRIM_KEY_PLACEHOLDER","alias":"Med_AMAT_fac","tableAlias":null}}]}},{"type":"FUNCTION","content":{"alias":"AverageofMed_SMAT_fac","function":"mean","distinct":false,"colCast":"","innerSelectors":[{"type":"COLUMN","content":{"table":"Med_SMAT_fac","column":"PRIM_KEY_PLACEHOLDER","alias":"Med_SMAT_fac","tableAlias":null}}]}}]}}},{"type":"basic","task":{"taskType":"basic","id":"task41","numCollected":500,"internalOffset":0,"taskOptions":"{\"options\":{\"2\":{\"layout\":\"Column\",\"alignment\":{\"tooltip\":[],\"label\":[\"STATE_1\"],\"value\":[\"AverageofAMAT_fac\",\"AverageofMed_AMAT_fac\",\"AverageofMed_SMAT_fac\",\"AverageofTMAT_fac\"],\"facet\":[]}}}}","qs":{"qsType":"FRAME","isDistinct":true,"overrideImplicit":false,"limit":500,"offset":0,"relations":"[]","groups":["{\"column\":\"PRIM_KEY_PLACEHOLDER\",\"table\":\"STATE_1\",\"alias\":\"\"}"],"selectors":[{"type":"COLUMN","content":{"table":"STATE_1","column":"PRIM_KEY_PLACEHOLDER","alias":"STATE_1","tableAlias":null}},{"type":"FUNCTION","content":{"alias":"AverageofAMAT_fac","function":"mean","distinct":false,"colCast":"","innerSelectors":[{"type":"COLUMN","content":{"table":"AMAT_fac","column":"PRIM_KEY_PLACEHOLDER","alias":"AMAT_fac","tableAlias":null}}]}},{"type":"FUNCTION","content":{"alias":"AverageofMed_AMAT_fac","function":"mean","distinct":false,"colCast":"","innerSelectors":[{"type":"COLUMN","content":{"table":"Med_AMAT_fac","column":"PRIM_KEY_PLACEHOLDER","alias":"Med_AMAT_fac","tableAlias":null}}]}},{"type":"FUNCTION","content":{"alias":"AverageofMed_SMAT_fac","function":"mean","distinct":false,"colCast":"","innerSelectors":[{"type":"COLUMN","content":{"table":"Med_SMAT_fac","column":"PRIM_KEY_PLACEHOLDER","alias":"Med_SMAT_fac","tableAlias":null}}]}},{"type":"FUNCTION","content":{"alias":"AverageofTMAT_fac","function":"mean","distinct":false,"colCast":"","innerSelectors":[{"type":"COLUMN","content":{"table":"TMAT_fac","column":"PRIM_KEY_PLACEHOLDER","alias":"TMAT_fac","tableAlias":null}}]}}]}}},{"type":"basic","task":{"taskType":"basic","id":"task43","numCollected":500,"internalOffset":0,"taskOptions":"{\"options\":{\"2\":{\"layout\":\"Column\",\"alignment\":{\"tooltip\":[],\"label\":[\"STATE_1\"],\"value\":[\"AverageofAMAT_fac\",\"AverageofMed_AMAT_fac\"],\"facet\":[]}}}}","qs":{"qsType":"FRAME","isDistinct":true,"overrideImplicit":false,"limit":500,"offset":0,"relations":"[]","groups":["{\"column\":\"PRIM_KEY_PLACEHOLDER\",\"table\":\"STATE_1\",\"alias\":\"\"}"],"selectors":[{"type":"COLUMN","content":{"table":"STATE_1","column":"PRIM_KEY_PLACEHOLDER","alias":"STATE_1","tableAlias":null}},{"type":"FUNCTION","content":{"alias":"AverageofAMAT_fac","function":"mean","distinct":false,"colCast":"","innerSelectors":[{"type":"COLUMN","content":{"table":"AMAT_fac","column":"PRIM_KEY_PLACEHOLDER","alias":"AMAT_fac","tableAlias":null}}]}},{"type":"FUNCTION","content":{"alias":"AverageofMed_AMAT_fac","function":"mean","distinct":false,"colCast":"","innerSelectors":[{"type":"COLUMN","content":{"table":"Med_AMAT_fac","column":"PRIM_KEY_PLACEHOLDER","alias":"Med_AMAT_fac","tableAlias":null}}]}}]}}},{"type":"basic","task":{"taskType":"basic","id":"task45","numCollected":500,"internalOffset":0,"taskOptions":"{\"options\":{\"2\":{\"layout\":\"Column\",\"alignment\":{\"label\":[\"STATE_1\"],\"value\":[\"AverageofAMAT_fac\",\"AverageofMed_AMAT_fac\"]}}}}","qs":{"qsType":"FRAME","isDistinct":true,"overrideImplicit":false,"limit":500,"offset":0,"relations":"[]","groups":["{\"column\":\"PRIM_KEY_PLACEHOLDER\",\"table\":\"STATE_1\",\"alias\":\"\"}"],"orders":["{\"sortDir\":\"DESC\",\"column\":\"PRIM_KEY_PLACEHOLDER\",\"table\":\"AverageofAMAT_fac\",\"alias\":\"\"}"],"selectors":[{"type":"COLUMN","content":{"table":"STATE_1","column":"PRIM_KEY_PLACEHOLDER","alias":"STATE_1","tableAlias":null}},{"type":"FUNCTION","content":{"alias":"AverageofAMAT_fac","function":"mean","distinct":false,"colCast":"","innerSelectors":[{"type":"COLUMN","content":{"table":"AMAT_fac","column":"PRIM_KEY_PLACEHOLDER","alias":"AMAT_fac","tableAlias":null}}]}},{"type":"FUNCTION","content":{"alias":"AverageofMed_AMAT_fac","function":"mean","distinct":false,"colCast":"","innerSelectors":[{"type":"COLUMN","content":{"table":"Med_AMAT_fac","column":"PRIM_KEY_PLACEHOLDER","alias":"Med_AMAT_fac","tableAlias":null}}]}}]}}}],"taskCounter":46},"recipe":["AddPanel ( 0 ) ;","Panel ( 0 ) | AddPanelEvents ( { \"onSingleClick\" : { \"Unfilter\" : [ { \"panel\" : \"\" , \"query\" : \"UnfilterFrame(%3CSelectedColumn%3E)%3B\" , \"options\" : { } , \"refresh\" : false , \"default\" : true , \"disabledVisuals\" : [ \"Grid\" , \"Sunburst\" ] , \"disabled\" : false } ] } , \"onBrush\" : { \"Filter\" : [ { \"panel\" : \"\" , \"query\" : \"if(IsEmpty(%3CSelectedValues%3E)%2C%20UnfilterFrame(%3CSelectedColumn%3E)%2C%20SetFrameFilter(%3CSelectedColumn%3E%3D%3D%3CSelectedValues%3E))%3B\" , \"options\" : { } , \"refresh\" : false , \"default\" : true , \"disabled\" : false } ] } } ) ;","Panel ( 0 ) | RetrievePanelEvents ( ) ;","Panel ( 0 ) | SetPanelView ( \"visualization\" , \"%7B%22type%22%3A%22echarts%22%7D\" ) ;","Panel ( 0 ) | SetPanelView ( \"federate-view\" , \"%7B%22app_id%22%3A%22fd5c8fbb-8f7b-4b71-901c-3e45c166bdab%22%7D\" ) ;","CreateFrame ( frameType = [ GRID ] ) .as ( [ 'FRAME6738' ] ) ;","Database ( database = [ \"fd5c8fbb-8f7b-4b71-901c-3e45c166bdab\" ] ) | Select ( STATEDATAPIVOTED , STATEDATAPIVOTED__AMAT_fac , STATEDATAPIVOTED__CDC_consult , STATEDATAPIVOTED__CURES_funds , STATEDATAPIVOTED__DHAP_funds , STATEDATAPIVOTED__DVH_funds , STATEDATAPIVOTED__HCVacute , STATEDATAPIVOTED__HCVacuterate , STATEDATAPIVOTED__HCVcases , STATEDATAPIVOTED__HCVprevalence , STATEDATAPIVOTED__HIVdiagnoses , STATEDATAPIVOTED__HIVincidence , STATEDATAPIVOTED__HIVprevalence , STATEDATAPIVOTED__HOPWA_funds , STATEDATAPIVOTED__MH_fac , STATEDATAPIVOTED__Med_AMAT_fac , STATEDATAPIVOTED__Med_MH_fac , STATEDATAPIVOTED__Med_SA_fac , STATEDATAPIVOTED__Med_SMAT_fac , STATEDATAPIVOTED__Med_TMAT_fac , STATEDATAPIVOTED__PDMP_check_req , STATEDATAPIVOTED__PLHIV , STATEDATAPIVOTED__Population , STATEDATAPIVOTED__RW_funds , STATEDATAPIVOTED__SA_fac , STATEDATAPIVOTED__SMAT_fac , STATEDATAPIVOTED__SSP_legality , STATEDATAPIVOTED__STATEABBREVIATION , STATEDATAPIVOTED__STATE_1 , STATEDATAPIVOTED__TMAT_fac , STATEDATAPIVOTED__YEAR , STATEDATAPIVOTED__bup_phys , STATEDATAPIVOTED__drugdeathrate , STATEDATAPIVOTED__drugdeaths , STATEDATAPIVOTED__drugdep , STATEDATAPIVOTED__fentanyl_seize , STATEDATAPIVOTED__mme_percap , STATEDATAPIVOTED__nonmedpain , STATEDATAPIVOTED__num_SSPs , STATEDATAPIVOTED__op_rel_inpat , STATEDATAPIVOTED__partD30dayrxrate , STATEDATAPIVOTED__pct_tx_med , STATEDATAPIVOTED__pctunins , STATEDATAPIVOTED__pctunmetneed , STATEDATAPIVOTED__state_year ) .as ( [ STATEDATAPIVOTED , AMAT_fac , CDC_consult , CURES_funds , DHAP_funds , DVH_funds , HCVacute , HCVacuterate , HCVcases , HCVprevalence , HIVdiagnoses , HIVincidence , HIVprevalence , HOPWA_funds , MH_fac , Med_AMAT_fac , Med_MH_fac , Med_SA_fac , Med_SMAT_fac , Med_TMAT_fac , PDMP_check_req , PLHIV , Population , RW_funds , SA_fac , SMAT_fac , SSP_legality , STATEABBREVIATION , STATE_1 , TMAT_fac , YEAR , bup_phys , drugdeathrate , drugdeaths , drugdep , fentanyl_seize , mme_percap , nonmedpain , num_SSPs , op_rel_inpat , partD30dayrxrate , pct_tx_med , pctunins , pctunmetneed , state_year ] ) | Import ( ) ;","Panel ( 0 ) | SetPanelView ( \"visualization\" ) ;","Frame ( ) | QueryAll ( ) | AutoTaskOptions ( panel = [ \"0\" ] , layout = [ \"Grid\" ] ) | Collect ( 500 ) ;","Panel ( 0 ) | SetPanelView ( \"visualization\" , \"%7B%22type%22%3A%22echarts%22%7D\" ) ;","if ( ( HasDuplicates ( AMAT_fac ) ) , ( Select ( AMAT_fac , Average ( CDC_consult ) ) .as ( [ AMAT_fac , AverageofCDC_consult ] ) | Group ( AMAT_fac ) | With ( Panel ( 0 ) ) | Format ( type = [ 'table' ] ) | TaskOptions ( { \"0\" : { \"layout\" : \"Choropleth\" , \"alignment\" : { \"label\" : [ \"AMAT_fac\" ] , \"value\" : [ \"AverageofCDC_consult\" ] , \"facet\" : [ ] } } } ) | Collect ( 500 ) ) , ( Select ( AMAT_fac , CDC_consult ) .as ( [ AMAT_fac , CDC_consult ] ) | With ( Panel ( 0 ) ) | Format ( type = [ 'table' ] ) | TaskOptions ( { \"0\" : { \"layout\" : \"Choropleth\" , \"alignment\" : { \"label\" : [ \"AMAT_fac\" ] , \"value\" : [ \"CDC_consult\" ] , \"facet\" : [ ] } } } ) | Collect ( 500 ) ) ) ;","if ( ( HasDuplicates ( STATE_1 ) ) , ( Select ( STATE_1 , Average ( Med_SMAT_fac ) ) .as ( [ STATE_1 , AverageofMed_SMAT_fac ] ) | Group ( STATE_1 ) | With ( Panel ( 0 ) ) | Format ( type = [ 'table' ] ) | TaskOptions ( { \"0\" : { \"layout\" : \"Choropleth\" , \"alignment\" : { \"label\" : [ \"STATE_1\" ] , \"value\" : [ \"AverageofMed_SMAT_fac\" ] , \"facet\" : [ ] } } } ) | Collect ( 500 ) ) , ( Select ( STATE_1 , Med_SMAT_fac ) .as ( [ STATE_1 , Med_SMAT_fac ] ) | With ( Panel ( 0 ) ) | Format ( type = [ 'table' ] ) | TaskOptions ( { \"0\" : { \"layout\" : \"Choropleth\" , \"alignment\" : { \"label\" : [ \"STATE_1\" ] , \"value\" : [ \"Med_SMAT_fac\" ] , \"facet\" : [ ] } } } ) | Collect ( 500 ) ) ) ;","if ( ( HasDuplicates ( STATE_1 ) ) , ( Select ( STATE_1 , Average ( AMAT_fac ) ) .as ( [ STATE_1 , AverageofAMAT_fac ] ) | Group ( STATE_1 ) | With ( Panel ( 0 ) ) | Format ( type = [ 'table' ] ) | TaskOptions ( { \"0\" : { \"layout\" : \"Choropleth\" , \"alignment\" : { \"label\" : [ \"STATE_1\" ] , \"value\" : [ \"AverageofAMAT_fac\" ] , \"facet\" : [ ] } } } ) | Collect ( 500 ) ) , ( Select ( STATE_1 , AMAT_fac ) .as ( [ STATE_1 , AMAT_fac ] ) | With ( Panel ( 0 ) ) | Format ( type = [ 'table' ] ) | TaskOptions ( { \"0\" : { \"layout\" : \"Choropleth\" , \"alignment\" : { \"label\" : [ \"STATE_1\" ] , \"value\" : [ \"AMAT_fac\" ] , \"facet\" : [ ] } } } ) | Collect ( 500 ) ) ) ;","Panel ( 0 ) | Clone ( 1 ) ;","Panel ( 1 ) | SetPanelView ( \"DashboardFilter\" ) ;","Panel ( 1 ) | AddPanelOrnaments ( { \"dashboardFilter\" : { \"singleSelect\" : \"Single Select\" , \"viewType\" : \"List\" , \"instances\" : [ \"YEAR\" ] } } ) | RetrievePanelOrnaments ( \"dashboardFilter\" ) ;","Panel ( 0 ) | SetPanelLabel ( \"Number of MAT Facilities per State\" ) ;","Panel ( 1 ) | Clone ( 2 ) ;","Panel ( 2 ) | SetPanelView ( \"visualization\" ) ;","Panel ( 2 ) | SetPanelView ( \"visualization\" , \"%7B%22type%22%3A%22echarts%22%7D\" ) ;","if ( ( HasDuplicates ( STATE_1 ) ) , ( Select ( STATE_1 , Average ( AMAT_fac ) ) .as ( [ STATE_1 , AverageofAMAT_fac ] ) | Group ( STATE_1 ) | With ( Panel ( 2 ) ) | Format ( type = [ 'table' ] ) | TaskOptions ( { \"2\" : { \"layout\" : \"Line\" , \"alignment\" : { \"label\" : [ \"STATE_1\" ] , \"value\" : [ \"AverageofAMAT_fac\" ] , \"tooltip\" : [ ] , \"facet\" : [ ] } } } ) | Collect ( 500 ) ) , ( Select ( STATE_1 , AMAT_fac ) .as ( [ STATE_1 , AMAT_fac ] ) | With ( Panel ( 2 ) ) | Format ( type = [ 'table' ] ) | TaskOptions ( { \"2\" : { \"layout\" : \"Line\" , \"alignment\" : { \"label\" : [ \"STATE_1\" ] , \"value\" : [ \"AMAT_fac\" ] , \"tooltip\" : [ ] , \"facet\" : [ ] } } } ) | Collect ( 500 ) ) ) ;","if ( ( HasDuplicates ( STATE_1 ) ) , ( Select ( STATE_1 , Average ( AMAT_fac ) ) .as ( [ STATE_1 , AverageofAMAT_fac ] ) | Group ( STATE_1 ) | With ( Panel ( 2 ) ) | Format ( type = [ 'table' ] ) | TaskOptions ( { \"2\" : { \"layout\" : \"Line\" , \"alignment\" : { \"label\" : [ \"STATE_1\" ] , \"value\" : [ \"AverageofAMAT_fac\" ] , \"tooltip\" : [ ] , \"facet\" : [ ] } } } ) | Collect ( 500 ) ) , ( Select ( STATE_1 , AMAT_fac ) .as ( [ STATE_1 , AMAT_fac ] ) | With ( Panel ( 2 ) ) | Format ( type = [ 'table' ] ) | TaskOptions ( { \"2\" : { \"layout\" : \"Line\" , \"alignment\" : { \"label\" : [ \"STATE_1\" ] , \"value\" : [ \"AMAT_fac\" ] , \"tooltip\" : [ ] , \"facet\" : [ ] } } } ) | Collect ( 500 ) ) ) ;","if ( ( HasDuplicates ( STATE_1 ) ) , ( Select ( STATE_1 , Average ( AMAT_fac ) , Average ( YEAR ) ) .as ( [ STATE_1 , AverageofAMAT_fac , AverageofYEAR ] ) | Group ( STATE_1 ) | With ( Panel ( 2 ) ) | Format ( type = [ 'table' ] ) | TaskOptions ( { \"2\" : { \"layout\" : \"Line\" , \"alignment\" : { \"label\" : [ \"STATE_1\" ] , \"value\" : [ \"AverageofAMAT_fac\" , \"AverageofYEAR\" ] , \"tooltip\" : [ ] , \"facet\" : [ ] } } } ) | Collect ( 500 ) ) , ( Select ( STATE_1 , AMAT_fac , YEAR ) .as ( [ STATE_1 , AMAT_fac , YEAR ] ) | With ( Panel ( 2 ) ) | Format ( type = [ 'table' ] ) | TaskOptions ( { \"2\" : { \"layout\" : \"Line\" , \"alignment\" : { \"label\" : [ \"STATE_1\" ] , \"value\" : [ \"AMAT_fac\" , \"YEAR\" ] , \"tooltip\" : [ ] , \"facet\" : [ ] } } } ) | Collect ( 500 ) ) ) ;","if ( ( HasDuplicates ( STATE_1 ) ) , ( Select ( STATE_1 , Average ( AMAT_fac ) ) .as ( [ STATE_1 , AverageofAMAT_fac ] ) | Group ( STATE_1 ) | With ( Panel ( 2 ) ) | Format ( type = [ 'table' ] ) | TaskOptions ( { \"2\" : { \"layout\" : \"Line\" , \"alignment\" : { \"label\" : [ \"STATE_1\" ] , \"value\" : [ \"AverageofAMAT_fac\" ] , \"tooltip\" : [ ] , \"facet\" : [ ] } } } ) | Collect ( 500 ) ) , ( Select ( STATE_1 , AMAT_fac ) .as ( [ STATE_1 , AMAT_fac ] ) | With ( Panel ( 2 ) ) | Format ( type = [ 'table' ] ) | TaskOptions ( { \"2\" : { \"layout\" : \"Line\" , \"alignment\" : { \"label\" : [ \"STATE_1\" ] , \"value\" : [ \"AMAT_fac\" ] , \"tooltip\" : [ ] , \"facet\" : [ ] } } } ) | Collect ( 500 ) ) ) ;","if ( ( HasDuplicates ( STATE_1 , YEAR ) ) , ( Select ( STATE_1 , Average ( AMAT_fac ) , YEAR ) .as ( [ STATE_1 , AverageofAMAT_fac , YEAR ] ) | Group ( STATE_1 , YEAR ) | With ( Panel ( 2 ) ) | Format ( type = [ 'table' ] ) | TaskOptions ( { \"2\" : { \"layout\" : \"Line\" , \"alignment\" : { \"label\" : [ \"STATE_1\" ] , \"value\" : [ \"AverageofAMAT_fac\" ] , \"tooltip\" : [ ] , \"facet\" : [ \"YEAR\" ] } , \"groupByInfo\" : { \"selectedDim\" : \"YEAR\" , \"viewType\" : \"All Instances\" , \"instanceIndex\" : \"0\" , \"uniqueInstances\" : [ 2005 , 2006 , 2007 , 2008 , 2009 , 2010 , 2011 , 2012 , 2013 , 2014 , 2015 , 2016 , 2017 , 2018 ] } } } ) | Collect ( 500 ) ) , ( Select ( STATE_1 , AMAT_fac , YEAR ) .as ( [ STATE_1 , AMAT_fac , YEAR ] ) | With ( Panel ( 2 ) ) | Format ( type = [ 'table' ] ) | TaskOptions ( { \"2\" : { \"layout\" : \"Line\" , \"alignment\" : { \"label\" : [ \"STATE_1\" ] , \"value\" : [ \"AMAT_fac\" ] , \"tooltip\" : [ ] , \"facet\" : [ \"YEAR\" ] } , \"groupByInfo\" : { \"selectedDim\" : \"YEAR\" , \"viewType\" : \"All Instances\" , \"instanceIndex\" : \"0\" , \"uniqueInstances\" : [ 2005 , 2006 , 2007 , 2008 , 2009 , 2010 , 2011 , 2012 , 2013 , 2014 , 2015 , 2016 , 2017 , 2018 ] } } } ) | Collect ( 500 ) ) ) ;","if ( ( HasDuplicates ( STATE_1 ) ) , ( Select ( STATE_1 , Average ( AMAT_fac ) ) .as ( [ STATE_1 , AverageofAMAT_fac ] ) | Group ( STATE_1 ) | With ( Panel ( 2 ) ) | Format ( type = [ 'table' ] ) | TaskOptions ( { \"2\" : { \"layout\" : \"Line\" , \"alignment\" : { \"label\" : [ \"STATE_1\" ] , \"value\" : [ \"AverageofAMAT_fac\" ] , \"tooltip\" : [ ] , \"facet\" : [ ] } } } ) | Collect ( 500 ) ) , ( Select ( STATE_1 , AMAT_fac ) .as ( [ STATE_1 , AMAT_fac ] ) | With ( Panel ( 2 ) ) | Format ( type = [ 'table' ] ) | TaskOptions ( { \"2\" : { \"layout\" : \"Line\" , \"alignment\" : { \"label\" : [ \"STATE_1\" ] , \"value\" : [ \"AMAT_fac\" ] , \"tooltip\" : [ ] , \"facet\" : [ ] } } } ) | Collect ( 500 ) ) ) ;","Panel ( 2 ) | SetPanelView ( \"visualization\" , \"%7B%22type%22%3A%22echarts%22%7D\" ) ;","if ( ( HasDuplicates ( STATE_1 ) ) , ( Select ( STATE_1 , Average ( AMAT_fac ) ) .as ( [ STATE_1 , AverageofAMAT_fac ] ) | Group ( STATE_1 ) | With ( Panel ( 2 ) ) | Format ( type = [ 'table' ] ) | TaskOptions ( { \"2\" : { \"layout\" : \"Column\" , \"alignment\" : { \"label\" : [ \"STATE_1\" ] , \"value\" : [ \"AverageofAMAT_fac\" ] , \"tooltip\" : [ ] , \"facet\" : [ ] } } } ) | Collect ( 500 ) ) , ( Select ( STATE_1 , AMAT_fac ) .as ( [ STATE_1 , AMAT_fac ] ) | With ( Panel ( 2 ) ) | Format ( type = [ 'table' ] ) | TaskOptions ( { \"2\" : { \"layout\" : \"Column\" , \"alignment\" : { \"label\" : [ \"STATE_1\" ] , \"value\" : [ \"AMAT_fac\" ] , \"tooltip\" : [ ] , \"facet\" : [ ] } } } ) | Collect ( 500 ) ) ) ;","Panel ( 2 ) | UnsortPanel ( ) ;","Frame ( ) | Select ( STATE_1 , Average ( AMAT_fac ) ) .as ( [ STATE_1 , AverageofAMAT_fac ] ) | Group ( STATE_1 ) | Sort ( columns = [ \"AverageofAMAT_fac\" ] , sort = [ \"desc\" ] ) | With ( Panel ( 2 ) ) | Format ( type = [ 'table' ] ) | TaskOptions ( { \"2\" : { \"layout\" : \"Column\" , \"alignment\" : { \"label\" : [ \"STATE_1\" ] , \"value\" : [ \"AverageofAMAT_fac\" ] } } } ) | Collect ( 500 ) ;","if ( ( HasDuplicates ( STATE_1 ) ) , ( Select ( STATE_1 , Average ( AMAT_fac ) , Average ( Med_AMAT_fac ) ) .as ( [ STATE_1 , AverageofAMAT_fac , AverageofMed_AMAT_fac ] ) | Group ( STATE_1 ) | With ( Panel ( 2 ) ) | Format ( type = [ 'table' ] ) | TaskOptions ( { \"2\" : { \"layout\" : \"Column\" , \"alignment\" : { \"label\" : [ \"STATE_1\" ] , \"value\" : [ \"AverageofAMAT_fac\" , \"AverageofMed_AMAT_fac\" ] , \"tooltip\" : [ ] , \"facet\" : [ ] } } } ) | Collect ( 500 ) ) , ( Select ( STATE_1 , AMAT_fac , Med_AMAT_fac ) .as ( [ STATE_1 , AMAT_fac , Med_AMAT_fac ] ) | With ( Panel ( 2 ) ) | Format ( type = [ 'table' ] ) | TaskOptions ( { \"2\" : { \"layout\" : \"Column\" , \"alignment\" : { \"label\" : [ \"STATE_1\" ] , \"value\" : [ \"AMAT_fac\" , \"Med_AMAT_fac\" ] , \"tooltip\" : [ ] , \"facet\" : [ ] } } } ) | Collect ( 500 ) ) ) ;","if ( ( HasDuplicates ( STATE_1 ) ) , ( Select ( STATE_1 , Average ( AMAT_fac ) , Average ( Med_AMAT_fac ) , Average ( Med_SMAT_fac ) ) .as ( [ STATE_1 , AverageofAMAT_fac , AverageofMed_AMAT_fac , AverageofMed_SMAT_fac ] ) | Group ( STATE_1 ) | With ( Panel ( 2 ) ) | Format ( type = [ 'table' ] ) | TaskOptions ( { \"2\" : { \"layout\" : \"Column\" , \"alignment\" : { \"label\" : [ \"STATE_1\" ] , \"value\" : [ \"AverageofAMAT_fac\" , \"AverageofMed_AMAT_fac\" , \"AverageofMed_SMAT_fac\" ] , \"tooltip\" : [ ] , \"facet\" : [ ] } } } ) | Collect ( 500 ) ) , ( Select ( STATE_1 , AMAT_fac , Med_AMAT_fac , Med_SMAT_fac ) .as ( [ STATE_1 , AMAT_fac , Med_AMAT_fac , Med_SMAT_fac ] ) | With ( Panel ( 2 ) ) | Format ( type = [ 'table' ] ) | TaskOptions ( { \"2\" : { \"layout\" : \"Column\" , \"alignment\" : { \"label\" : [ \"STATE_1\" ] , \"value\" : [ \"AMAT_fac\" , \"Med_AMAT_fac\" , \"Med_SMAT_fac\" ] , \"tooltip\" : [ ] , \"facet\" : [ ] } } } ) | Collect ( 500 ) ) ) ;","if ( ( HasDuplicates ( STATE_1 ) ) , ( Select ( STATE_1 , Average ( AMAT_fac ) , Average ( Med_AMAT_fac ) , Average ( Med_SMAT_fac ) , Average ( Med_TMAT_fac ) ) .as ( [ STATE_1 , AverageofAMAT_fac , AverageofMed_AMAT_fac , AverageofMed_SMAT_fac , AverageofMed_TMAT_fac ] ) | Group ( STATE_1 ) | With ( Panel ( 2 ) ) | Format ( type = [ 'table' ] ) | TaskOptions ( { \"2\" : { \"layout\" : \"Column\" , \"alignment\" : { \"label\" : [ \"STATE_1\" ] , \"value\" : [ \"AverageofAMAT_fac\" , \"AverageofMed_AMAT_fac\" , \"AverageofMed_SMAT_fac\" , \"AverageofMed_TMAT_fac\" ] , \"tooltip\" : [ ] , \"facet\" : [ ] } } } ) | Collect ( 500 ) ) , ( Select ( STATE_1 , AMAT_fac , Med_AMAT_fac , Med_SMAT_fac , Med_TMAT_fac ) .as ( [ STATE_1 , AMAT_fac , Med_AMAT_fac , Med_SMAT_fac , Med_TMAT_fac ] ) | With ( Panel ( 2 ) ) | Format ( type = [ 'table' ] ) | TaskOptions ( { \"2\" : { \"layout\" : \"Column\" , \"alignment\" : { \"label\" : [ \"STATE_1\" ] , \"value\" : [ \"AMAT_fac\" , \"Med_AMAT_fac\" , \"Med_SMAT_fac\" , \"Med_TMAT_fac\" ] , \"tooltip\" : [ ] , \"facet\" : [ ] } } } ) | Collect ( 500 ) ) ) ;","if ( ( HasDuplicates ( STATE_1 ) ) , ( Select ( STATE_1 , Average ( AMAT_fac ) , Average ( Med_AMAT_fac ) , Average ( Med_SMAT_fac ) , Average ( Med_TMAT_fac ) , Average ( SMAT_fac ) ) .as ( [ STATE_1 , AverageofAMAT_fac , AverageofMed_AMAT_fac , AverageofMed_SMAT_fac , AverageofMed_TMAT_fac , AverageofSMAT_fac ] ) | Group ( STATE_1 ) | With ( Panel ( 2 ) ) | Format ( type = [ 'table' ] ) | TaskOptions ( { \"2\" : { \"layout\" : \"Column\" , \"alignment\" : { \"label\" : [ \"STATE_1\" ] , \"value\" : [ \"AverageofAMAT_fac\" , \"AverageofMed_AMAT_fac\" , \"AverageofMed_SMAT_fac\" , \"AverageofMed_TMAT_fac\" , \"AverageofSMAT_fac\" ] , \"tooltip\" : [ ] , \"facet\" : [ ] } } } ) | Collect ( 500 ) ) , ( Select ( STATE_1 , AMAT_fac , Med_AMAT_fac , Med_SMAT_fac , Med_TMAT_fac , SMAT_fac ) .as ( [ STATE_1 , AMAT_fac , Med_AMAT_fac , Med_SMAT_fac , Med_TMAT_fac , SMAT_fac ] ) | With ( Panel ( 2 ) ) | Format ( type = [ 'table' ] ) | TaskOptions ( { \"2\" : { \"layout\" : \"Column\" , \"alignment\" : { \"label\" : [ \"STATE_1\" ] , \"value\" : [ \"AMAT_fac\" , \"Med_AMAT_fac\" , \"Med_SMAT_fac\" , \"Med_TMAT_fac\" , \"SMAT_fac\" ] , \"tooltip\" : [ ] , \"facet\" : [ ] } } } ) | Collect ( 500 ) ) ) ;","if ( ( HasDuplicates ( STATE_1 ) ) , ( Select ( STATE_1 , Average ( AMAT_fac ) , Average ( Med_AMAT_fac ) , Average ( Med_SMAT_fac ) , Average ( Med_TMAT_fac ) , Average ( SMAT_fac ) , Average ( TMAT_fac ) ) .as ( [ STATE_1 , AverageofAMAT_fac , AverageofMed_AMAT_fac , AverageofMed_SMAT_fac , AverageofMed_TMAT_fac , AverageofSMAT_fac , AverageofTMAT_fac ] ) | Group ( STATE_1 ) | With ( Panel ( 2 ) ) | Format ( type = [ 'table' ] ) | TaskOptions ( { \"2\" : { \"layout\" : \"Column\" , \"alignment\" : { \"label\" : [ \"STATE_1\" ] , \"value\" : [ \"AverageofAMAT_fac\" , \"AverageofMed_AMAT_fac\" , \"AverageofMed_SMAT_fac\" , \"AverageofMed_TMAT_fac\" , \"AverageofSMAT_fac\" , \"AverageofTMAT_fac\" ] , \"tooltip\" : [ ] , \"facet\" : [ ] } } } ) | Collect ( 500 ) ) , ( Select ( STATE_1 , AMAT_fac , Med_AMAT_fac , Med_SMAT_fac , Med_TMAT_fac , SMAT_fac , TMAT_fac ) .as ( [ STATE_1 , AMAT_fac , Med_AMAT_fac , Med_SMAT_fac , Med_TMAT_fac , SMAT_fac , TMAT_fac ] ) | With ( Panel ( 2 ) ) | Format ( type = [ 'table' ] ) | TaskOptions ( { \"2\" : { \"layout\" : \"Column\" , \"alignment\" : { \"label\" : [ \"STATE_1\" ] , \"value\" : [ \"AMAT_fac\" , \"Med_AMAT_fac\" , \"Med_SMAT_fac\" , \"Med_TMAT_fac\" , \"SMAT_fac\" , \"TMAT_fac\" ] , \"tooltip\" : [ ] , \"facet\" : [ ] } } } ) | Collect ( 500 ) ) ) ;","Panel ( 2 ) | UnsortPanel ( ) ;","Frame ( ) | Select ( STATE_1 , Average ( AMAT_fac ) , Average ( Med_AMAT_fac ) , Average ( Med_SMAT_fac ) , Average ( Med_TMAT_fac ) , Average ( SMAT_fac ) , Average ( TMAT_fac ) ) .as ( [ STATE_1 , AverageofAMAT_fac , AverageofMed_AMAT_fac , AverageofMed_SMAT_fac , AverageofMed_TMAT_fac , AverageofSMAT_fac , AverageofTMAT_fac ] ) | Group ( STATE_1 ) | Sort ( columns = [ \"AverageofMed_AMAT_fac\" ] , sort = [ \"desc\" ] ) | With ( Panel ( 2 ) ) | Format ( type = [ 'table' ] ) | TaskOptions ( { \"2\" : { \"layout\" : \"Column\" , \"alignment\" : { \"label\" : [ \"STATE_1\" ] , \"value\" : [ \"AverageofAMAT_fac\" , \"AverageofMed_AMAT_fac\" , \"AverageofMed_SMAT_fac\" , \"AverageofMed_TMAT_fac\" , \"AverageofSMAT_fac\" , \"AverageofTMAT_fac\" ] } } } ) | Collect ( 500 ) ;","if ( ( HasDuplicates ( STATE_1 ) ) , ( Select ( STATE_1 , Average ( AMAT_fac ) , Average ( Med_AMAT_fac ) , Average ( Med_SMAT_fac ) , Average ( Med_TMAT_fac ) , Average ( TMAT_fac ) ) .as ( [ STATE_1 , AverageofAMAT_fac , AverageofMed_AMAT_fac , AverageofMed_SMAT_fac , AverageofMed_TMAT_fac , AverageofTMAT_fac ] ) | Group ( STATE_1 ) | With ( Panel ( 2 ) ) | Format ( type = [ 'table' ] ) | TaskOptions ( { \"2\" : { \"layout\" : \"Column\" , \"alignment\" : { \"label\" : [ \"STATE_1\" ] , \"value\" : [ \"AverageofAMAT_fac\" , \"AverageofMed_AMAT_fac\" , \"AverageofMed_SMAT_fac\" , \"AverageofMed_TMAT_fac\" , \"AverageofTMAT_fac\" ] , \"tooltip\" : [ ] , \"facet\" : [ ] } } } ) | Collect ( 500 ) ) , ( Select ( STATE_1 , AMAT_fac , Med_AMAT_fac , Med_SMAT_fac , Med_TMAT_fac , TMAT_fac ) .as ( [ STATE_1 , AMAT_fac , Med_AMAT_fac , Med_SMAT_fac , Med_TMAT_fac , TMAT_fac ] ) | With ( Panel ( 2 ) ) | Format ( type = [ 'table' ] ) | TaskOptions ( { \"2\" : { \"layout\" : \"Column\" , \"alignment\" : { \"label\" : [ \"STATE_1\" ] , \"value\" : [ \"AMAT_fac\" , \"Med_AMAT_fac\" , \"Med_SMAT_fac\" , \"Med_TMAT_fac\" , \"TMAT_fac\" ] , \"tooltip\" : [ ] , \"facet\" : [ ] } } } ) | Collect ( 500 ) ) ) ;","if ( ( HasDuplicates ( STATE_1 ) ) , ( Select ( STATE_1 , Average ( AMAT_fac ) , Average ( Med_AMAT_fac ) , Average ( Med_SMAT_fac ) ) .as ( [ STATE_1 , AverageofAMAT_fac , AverageofMed_AMAT_fac , AverageofMed_SMAT_fac ] ) | Group ( STATE_1 ) | With ( Panel ( 2 ) ) | Format ( type = [ 'table' ] ) | TaskOptions ( { \"2\" : { \"layout\" : \"Column\" , \"alignment\" : { \"label\" : [ \"STATE_1\" ] , \"value\" : [ \"AverageofAMAT_fac\" , \"AverageofMed_AMAT_fac\" , \"AverageofMed_SMAT_fac\" ] , \"tooltip\" : [ ] , \"facet\" : [ ] } } } ) | Collect ( 500 ) ) , ( Select ( STATE_1 , AMAT_fac , Med_AMAT_fac , Med_SMAT_fac ) .as ( [ STATE_1 , AMAT_fac , Med_AMAT_fac , Med_SMAT_fac ] ) | With ( Panel ( 2 ) ) | Format ( type = [ 'table' ] ) | TaskOptions ( { \"2\" : { \"layout\" : \"Column\" , \"alignment\" : { \"label\" : [ \"STATE_1\" ] , \"value\" : [ \"AMAT_fac\" , \"Med_AMAT_fac\" , \"Med_SMAT_fac\" ] , \"tooltip\" : [ ] , \"facet\" : [ ] } } } ) | Collect ( 500 ) ) ) ;","if ( ( HasDuplicates ( STATE_1 ) ) , ( Select ( STATE_1 , Average ( AMAT_fac ) , Average ( Med_AMAT_fac ) , Average ( Med_SMAT_fac ) , Average ( TMAT_fac ) ) .as ( [ STATE_1 , AverageofAMAT_fac , AverageofMed_AMAT_fac , AverageofMed_SMAT_fac , AverageofTMAT_fac ] ) | Group ( STATE_1 ) | With ( Panel ( 2 ) ) | Format ( type = [ 'table' ] ) | TaskOptions ( { \"2\" : { \"layout\" : \"Column\" , \"alignment\" : { \"label\" : [ \"STATE_1\" ] , \"value\" : [ \"AverageofAMAT_fac\" , \"AverageofMed_AMAT_fac\" , \"AverageofMed_SMAT_fac\" , \"AverageofTMAT_fac\" ] , \"tooltip\" : [ ] , \"facet\" : [ ] } } } ) | Collect ( 500 ) ) , ( Select ( STATE_1 , AMAT_fac , Med_AMAT_fac , Med_SMAT_fac , TMAT_fac ) .as ( [ STATE_1 , AMAT_fac , Med_AMAT_fac , Med_SMAT_fac , TMAT_fac ] ) | With ( Panel ( 2 ) ) | Format ( type = [ 'table' ] ) | TaskOptions ( { \"2\" : { \"layout\" : \"Column\" , \"alignment\" : { \"label\" : [ \"STATE_1\" ] , \"value\" : [ \"AMAT_fac\" , \"Med_AMAT_fac\" , \"Med_SMAT_fac\" , \"TMAT_fac\" ] , \"tooltip\" : [ ] , \"facet\" : [ ] } } } ) | Collect ( 500 ) ) ) ;","if ( ( HasDuplicates ( STATE_1 ) ) , ( Select ( STATE_1 , Average ( AMAT_fac ) , Average ( Med_AMAT_fac ) ) .as ( [ STATE_1 , AverageofAMAT_fac , AverageofMed_AMAT_fac ] ) | Group ( STATE_1 ) | With ( Panel ( 2 ) ) | Format ( type = [ 'table' ] ) | TaskOptions ( { \"2\" : { \"layout\" : \"Column\" , \"alignment\" : { \"label\" : [ \"STATE_1\" ] , \"value\" : [ \"AverageofAMAT_fac\" , \"AverageofMed_AMAT_fac\" ] , \"tooltip\" : [ ] , \"facet\" : [ ] } } } ) | Collect ( 500 ) ) , ( Select ( STATE_1 , AMAT_fac , Med_AMAT_fac ) .as ( [ STATE_1 , AMAT_fac , Med_AMAT_fac ] ) | With ( Panel ( 2 ) ) | Format ( type = [ 'table' ] ) | TaskOptions ( { \"2\" : { \"layout\" : \"Column\" , \"alignment\" : { \"label\" : [ \"STATE_1\" ] , \"value\" : [ \"AMAT_fac\" , \"Med_AMAT_fac\" ] , \"tooltip\" : [ ] , \"facet\" : [ ] } } } ) | Collect ( 500 ) ) ) ;","Panel ( 2 ) | UnsortPanel ( ) ;","Frame ( ) | Select ( STATE_1 , Average ( AMAT_fac ) , Average ( Med_AMAT_fac ) ) .as ( [ STATE_1 , AverageofAMAT_fac , AverageofMed_AMAT_fac ] ) | Group ( STATE_1 ) | Sort ( columns = [ \"AverageofAMAT_fac\" ] , sort = [ \"desc\" ] ) | With ( Panel ( 2 ) ) | Format ( type = [ 'table' ] ) | TaskOptions ( { \"2\" : { \"layout\" : \"Column\" , \"alignment\" : { \"label\" : [ \"STATE_1\" ] , \"value\" : [ \"AverageofAMAT_fac\" , \"AverageofMed_AMAT_fac\" ] } } } ) | Collect ( 500 ) ;","Panel ( 2 ) | SetPanelLabel ( \"States providing MAC and accepting Medicaid\" ) ;","Panel ( 2 ) | AddPanelOrnaments ( { \"tools\" : { \"shared\" : { \"toggleLegend\" : true } } } ) ;","Panel ( 2 ) | RetrievePanelOrnaments ( \"tools.shared.toggleLegend\" ) ;"]}