{"insightID":"2e2b89bc-ef50-4d57-b0cd-114f63846834","pixelReturn":[{"pixelExpression":"if ( ( HasDuplicates ( STATE_1 ) ) , ( Select ( STATE_1 , Average ( AMAT_fac ) ) .as ( [ STATE_1 , AverageofAMAT_fac ] ) | Group ( STATE_1 ) | With ( Panel ( 0 ) ) | Format ( type = [ 'table' ] ) | TaskOptions ( { \"0\" : { \"layout\" : \"Choropleth\" , \"alignment\" : { \"label\" : [ \"STATE_1\" ] , \"value\" : [ \"AverageofAMAT_fac\" ] , \"facet\" : [ ] } } } ) | Collect ( 500 ) ) , ( Select ( STATE_1 , AMAT_fac ) .as ( [ STATE_1 , AMAT_fac ] ) | With ( Panel ( 0 ) ) | Format ( type = [ 'table' ] ) | TaskOptions ( { \"0\" : { \"layout\" : \"Choropleth\" , \"alignment\" : { \"label\" : [ \"STATE_1\" ] , \"value\" : [ \"AMAT_fac\" ] , \"facet\" : [ ] } } } ) | Collect ( 500 ) ) ) ;","isMeta":false,"output":{"data":{"values":[["Alabama",0],["Alaska",0],["Arizona",2],["Arkansas",0],["California",7],["Colorado",1],["Connecticut",2],["Delaware",1],["District_of_Columbia",0],["Florida",3],["Georgia",0],["Hawaii",0],["Idaho",0],["Illinois",2],["Indiana",2],["Iowa",0],["Kansas",0],["Kentucky",1],["Louisiana",1],["Maine",0],["Maryland",4],["Massachusetts",5],["Michigan",3],["Minnesota",1],["Mississippi",0],["Missouri",0],["Montana",0],["Nebraska",0],["Nevada",1],["New_Hampshire",0],["New_Jersey",2],["New_Mexico",0],["New_York",8],["North_Carolina",2],["North_Dakota",0],["Ohio",3],["Oklahoma",0],["Oregon",1],["Pennsylvania",5],["Puerto_Rico",0],["Rhode_Island",1],["South_Carolina",0],["South_Dakota",0],["Tennessee",0],["Texas",1],["Utah",1],["Vermont",2],["Virginia",3],["Washington",1],["West_Virginia",2],["Wisconsin",0],["Wyoming",0]],"headers":["STATE_1","AverageofAMAT_fac"],"rawHeaders":["STATE_1","AverageofAMAT_fac"]},"format":{"type":"TABLE"},"headerInfo":[{"alias":"STATE_1","header":"STATE_1","type":"STRING","derived":false},{"alias":"AverageofAMAT_fac","header":"AverageofAMAT_fac","calculatedBy":"AMAT_fac","math":"Average","groupBy":["STATE_1"],"type":"NUMBER","derived":true}],"sortInfo":[],"numCollected":500,"taskOptions":{"0":{"layout":"Choropleth","alignment":{"label":["STATE_1"],"value":["AverageofAMAT_fac"],"facet":[]}}},"filterInfo":[],"taskId":"task1"},"operationType":["TASK_DATA"]},{"pixelExpression":"Panel ( 0 ) | Clone ( 1 ) ;","isMeta":false,"output":{"original":{"panelId":"0","panelLabel":"Number of MAT Facilities per State","view":"visualization","viewOptions":"{\"type\":\"echarts\"}","config":{},"viewOptionsMap":{"federate-view":{"app_id":"fd5c8fbb-8f7b-4b71-901c-3e45c166bdab"},"visualization":{"type":"echarts"}},"ornaments":{},"events":{"onSingleClick":{"Unfilter":[{"disabledVisuals":["Grid","Sunburst"],"default":true,"query":"UnfilterFrame(<SelectedColumn>);","options":{},"refresh":false,"disabled":false,"panel":""}]},"onBrush":{"Filter":[{"default":true,"query":"if(IsEmpty(<SelectedValues>), UnfilterFrame(<SelectedColumn>), SetFrameFilter(<SelectedColumn>==<SelectedValues>));","options":{},"refresh":false,"disabled":false,"panel":""}]}},"grf":[],"orderBys":[],"comments":{},"position":{},"colorByValue":{}},"clone":{"panelId":"1","panelLabel":"Number of MAT Facilities per State Clone","view":"visualization","viewOptions":"{\"type\":\"echarts\"}","config":{},"viewOptionsMap":{"federate-view":{"app_id":"fd5c8fbb-8f7b-4b71-901c-3e45c166bdab"},"visualization":{"type":"echarts"}},"ornaments":{},"events":{"onSingleClick":{"Unfilter":[{"disabledVisuals":["Grid","Sunburst"],"default":true,"query":"UnfilterFrame(<SelectedColumn>);","options":{},"refresh":false,"disabled":false,"panel":""}]},"onBrush":{"Filter":[{"default":true,"query":"if(IsEmpty(<SelectedValues>), UnfilterFrame(<SelectedColumn>), SetFrameFilter(<SelectedColumn>==<SelectedValues>));","options":{},"refresh":false,"disabled":false,"panel":""}]}},"grf":[],"orderBys":[],"comments":{},"position":{},"colorByValue":{}}},"operationType":["PANEL_CLONE"]},{"pixelExpression":"Frame ( ) | Select ( STATE_1 , Average ( AMAT_fac ) , Average ( Med_AMAT_fac ) ) .as ( [ STATE_1 , AverageofAMAT_fac , AverageofMed_AMAT_fac ] ) | Group ( STATE_1 ) | Sort ( columns = [ \"AverageofAMAT_fac\" ] , sort = [ \"desc\" ] ) | With ( Panel ( 2 ) ) | Format ( type = [ 'table' ] ) | TaskOptions ( { \"2\" : { \"layout\" : \"Column\" , \"alignment\" : { \"label\" : [ \"STATE_1\" ] , \"value\" : [ \"AverageofAMAT_fac\" , \"AverageofMed_AMAT_fac\" ] } } } ) | Collect ( 500 ) ;","isMeta":false,"output":{"data":{"values":[["New_York",8,8],["California",7,5],["Massachusetts",5,4],["Pennsylvania",5,4],["Maryland",4,4],["Ohio",3,2],["Florida",3,2],["Michigan",3,2],["Virginia",3,0],["West_Virginia",2,2],["North_Carolina",2,1],["Indiana",2,0],["Illinois",2,0],["Vermont",2,2],["Connecticut",2,2],["New_Jersey",2,1],["Arizona",2,2],["Louisiana",1,0],["Washington",1,1],["Minnesota",1,0],["Utah",1,0],["Texas",1,0],["Rhode_Island",1,0],["Kentucky",1,0],["Nevada",1,1],["Oregon",1,1],["Colorado",1,1],["Delaware",1,1],["Hawaii",0,0],["Arkansas",0,0],["Maine",0,0],["Kansas",0,0],["Nebraska",0,0],["District_of_Columbia",0,0],["New_Hampshire",0,0],["Wisconsin",0,0],["Oklahoma",0,0],["Alaska",0,0],["North_Dakota",0,0],["Wyoming",0,0],["South_Dakota",0,0],["Georgia",0,0],["South_Carolina",0,0],["Missouri",0,0],["Alabama",0,0],["Montana",0,0],["New_Mexico",0,0],["Iowa",0,0],["Mississippi",0,0],["Tennessee",0,0],["Idaho",0,0],["Puerto_Rico",0,0]],"headers":["STATE_1","AverageofAMAT_fac","AverageofMed_AMAT_fac"],"rawHeaders":["STATE_1","AverageofAMAT_fac","AverageofMed_AMAT_fac"]},"format":{"type":"TABLE"},"headerInfo":[{"alias":"STATE_1","header":"STATE_1","type":"STRING","derived":false},{"alias":"AverageofAMAT_fac","header":"AverageofAMAT_fac","calculatedBy":"AMAT_fac","math":"Average","groupBy":["STATE_1"],"type":"NUMBER","derived":true},{"alias":"AverageofMed_AMAT_fac","header":"AverageofMed_AMAT_fac","calculatedBy":"Med_AMAT_fac","math":"Average","groupBy":["STATE_1"],"type":"NUMBER","derived":true}],"sortInfo":[{"alias":"AverageofAMAT_fac","header":"AverageofAMAT_fac","dir":"DESC","derived":false}],"numCollected":500,"taskOptions":{"2":{"layout":"Column","alignment":{"label":["STATE_1"],"value":["AverageofAMAT_fac","AverageofMed_AMAT_fac"]}}},"filterInfo":[],"taskId":"task9"},"operationType":["TASK_DATA"]}]}