{"engineId":"16d25fbb-2b83-4222-81e6-fe6f7b289e77","engineName":"State_Opioid","rdbmsId":"ca43cef5-9e7f-4286-b19f-70081401e8e7","varstore":{},"frames":[{"file":"@BaseFolder@\\db\\@ENGINE@\\version\\ca43cef5-9e7f-4286-b19f-70081401e8e7\\FRAME.gz","meta":"@BaseFolder@\\db\\@ENGINE@\\version\\ca43cef5-9e7f-4286-b19f-70081401e8e7\\METADATA__FRAME.owl","state":null,"type":"prerna.ds.h2.H2Frame","name":"FRAME","keys":["$CUR_FRAME_KEY","FRAME"]}],"panels":[{"panelId":"0","panelLabel":null,"view":"visualization","viewOptions":null,"viewOptionsMap":"{}","ornaments":"{}","events":"{}","comments":"{}","position":"{}","filters":[],"order":[],"cbv":{}}],"tasks":{"tasks":[{"type":"basic","task":{"taskType":"basic","id":"task1","numCollected":500,"internalOffset":0,"taskOptions":"{\"options\":{\"0\":{\"layout\":\"Grid\",\"alignment\":{\"label\":[\"HCVprevalence\",\"num_SSPs\",\"STATEABBREVIATION\",\"STATEDATAPIVOTED\",\"op_rel_inpat\",\"DVH_funds\",\"HOPWA_funds\",\"drugdeaths\",\"AMAT_fac\",\"HIVprevalence\",\"DHAP_funds\",\"HIVdiagnoses\",\"Med_MH_fac\",\"STATE_1\",\"YEAR\",\"Med_SA_fac\",\"pctunins\",\"pctunmetneed\",\"Population\",\"state_year\",\"RW_funds\",\"mme_percap\",\"HCVcases\",\"CDC_consult\",\"pct_tx_med\",\"HCVacuterate\",\"nonmedpain\",\"partD30dayrxrate\",\"MH_fac\",\"TMAT_fac\",\"SMAT_fac\",\"bup_phys\",\"Med_TMAT_fac\",\"CURES_funds\",\"PLHIV\",\"PDMP_check_req\",\"HCVacute\",\"SA_fac\",\"drugdep\",\"Med_AMAT_fac\",\"fentanyl_seize\",\"SSP_legality\",\"HIVincidence\",\"Med_SMAT_fac\",\"drugdeathrate\"]}}}}","qs":{"qsType":"FRAME","isDistinct":true,"overrideImplicit":false,"limit":0,"offset":0,"relations":"[]","selectors":["COLUMN",{"table":"HCVprevalence","column":"PRIM_KEY_PLACEHOLDER","alias":"HCVprevalence","tableAlias":null},"COLUMN",{"table":"num_SSPs","column":"PRIM_KEY_PLACEHOLDER","alias":"num_SSPs","tableAlias":null},"COLUMN",{"table":"STATEABBREVIATION","column":"PRIM_KEY_PLACEHOLDER","alias":"STATEABBREVIATION","tableAlias":null},"COLUMN",{"table":"STATEDATAPIVOTED","column":"PRIM_KEY_PLACEHOLDER","alias":"STATEDATAPIVOTED","tableAlias":null},"COLUMN",{"table":"op_rel_inpat","column":"PRIM_KEY_PLACEHOLDER","alias":"op_rel_inpat","tableAlias":null},"COLUMN",{"table":"DVH_funds","column":"PRIM_KEY_PLACEHOLDER","alias":"DVH_funds","tableAlias":null},"COLUMN",{"table":"HOPWA_funds","column":"PRIM_KEY_PLACEHOLDER","alias":"HOPWA_funds","tableAlias":null},"COLUMN",{"table":"drugdeaths","column":"PRIM_KEY_PLACEHOLDER","alias":"drugdeaths","tableAlias":null},"COLUMN",{"table":"AMAT_fac","column":"PRIM_KEY_PLACEHOLDER","alias":"AMAT_fac","tableAlias":null},"COLUMN",{"table":"HIVprevalence","column":"PRIM_KEY_PLACEHOLDER","alias":"HIVprevalence","tableAlias":null},"COLUMN",{"table":"DHAP_funds","column":"PRIM_KEY_PLACEHOLDER","alias":"DHAP_funds","tableAlias":null},"COLUMN",{"table":"HIVdiagnoses","column":"PRIM_KEY_PLACEHOLDER","alias":"HIVdiagnoses","tableAlias":null},"COLUMN",{"table":"Med_MH_fac","column":"PRIM_KEY_PLACEHOLDER","alias":"Med_MH_fac","tableAlias":null},"COLUMN",{"table":"STATE_1","column":"PRIM_KEY_PLACEHOLDER","alias":"STATE_1","tableAlias":null},"COLUMN",{"table":"YEAR","column":"PRIM_KEY_PLACEHOLDER","alias":"YEAR","tableAlias":null},"COLUMN",{"table":"Med_SA_fac","column":"PRIM_KEY_PLACEHOLDER","alias":"Med_SA_fac","tableAlias":null},"COLUMN",{"table":"pctunins","column":"PRIM_KEY_PLACEHOLDER","alias":"pctunins","tableAlias":null},"COLUMN",{"table":"pctunmetneed","column":"PRIM_KEY_PLACEHOLDER","alias":"pctunmetneed","tableAlias":null},"COLUMN",{"table":"Population","column":"PRIM_KEY_PLACEHOLDER","alias":"Population","tableAlias":null},"COLUMN",{"table":"state_year","column":"PRIM_KEY_PLACEHOLDER","alias":"state_year","tableAlias":null},"COLUMN",{"table":"RW_funds","column":"PRIM_KEY_PLACEHOLDER","alias":"RW_funds","tableAlias":null},"COLUMN",{"table":"mme_percap","column":"PRIM_KEY_PLACEHOLDER","alias":"mme_percap","tableAlias":null},"COLUMN",{"table":"HCVcases","column":"PRIM_KEY_PLACEHOLDER","alias":"HCVcases","tableAlias":null},"COLUMN",{"table":"CDC_consult","column":"PRIM_KEY_PLACEHOLDER","alias":"CDC_consult","tableAlias":null},"COLUMN",{"table":"pct_tx_med","column":"PRIM_KEY_PLACEHOLDER","alias":"pct_tx_med","tableAlias":null},"COLUMN",{"table":"HCVacuterate","column":"PRIM_KEY_PLACEHOLDER","alias":"HCVacuterate","tableAlias":null},"COLUMN",{"table":"nonmedpain","column":"PRIM_KEY_PLACEHOLDER","alias":"nonmedpain","tableAlias":null},"COLUMN",{"table":"partD30dayrxrate","column":"PRIM_KEY_PLACEHOLDER","alias":"partD30dayrxrate","tableAlias":null},"COLUMN",{"table":"MH_fac","column":"PRIM_KEY_PLACEHOLDER","alias":"MH_fac","tableAlias":null},"COLUMN",{"table":"TMAT_fac","column":"PRIM_KEY_PLACEHOLDER","alias":"TMAT_fac","tableAlias":null},"COLUMN",{"table":"SMAT_fac","column":"PRIM_KEY_PLACEHOLDER","alias":"SMAT_fac","tableAlias":null},"COLUMN",{"table":"bup_phys","column":"PRIM_KEY_PLACEHOLDER","alias":"bup_phys","tableAlias":null},"COLUMN",{"table":"Med_TMAT_fac","column":"PRIM_KEY_PLACEHOLDER","alias":"Med_TMAT_fac","tableAlias":null},"COLUMN",{"table":"CURES_funds","column":"PRIM_KEY_PLACEHOLDER","alias":"CURES_funds","tableAlias":null},"COLUMN",{"table":"PLHIV","column":"PRIM_KEY_PLACEHOLDER","alias":"PLHIV","tableAlias":null},"COLUMN",{"table":"PDMP_check_req","column":"PRIM_KEY_PLACEHOLDER","alias":"PDMP_check_req","tableAlias":null},"COLUMN",{"table":"HCVacute","column":"PRIM_KEY_PLACEHOLDER","alias":"HCVacute","tableAlias":null},"COLUMN",{"table":"SA_fac","column":"PRIM_KEY_PLACEHOLDER","alias":"SA_fac","tableAlias":null},"COLUMN",{"table":"drugdep","column":"PRIM_KEY_PLACEHOLDER","alias":"drugdep","tableAlias":null},"COLUMN",{"table":"Med_AMAT_fac","column":"PRIM_KEY_PLACEHOLDER","alias":"Med_AMAT_fac","tableAlias":null},"COLUMN",{"table":"fentanyl_seize","column":"PRIM_KEY_PLACEHOLDER","alias":"fentanyl_seize","tableAlias":null},"COLUMN",{"table":"SSP_legality","column":"PRIM_KEY_PLACEHOLDER","alias":"SSP_legality","tableAlias":null},"COLUMN",{"table":"HIVincidence","column":"PRIM_KEY_PLACEHOLDER","alias":"HIVincidence","tableAlias":null},"COLUMN",{"table":"Med_SMAT_fac","column":"PRIM_KEY_PLACEHOLDER","alias":"Med_SMAT_fac","tableAlias":null},"COLUMN",{"table":"drugdeathrate","column":"PRIM_KEY_PLACEHOLDER","alias":"drugdeathrate","tableAlias":null}]}}}],"taskCounter":2},"recipe":["AddPanel ( 0 ) ;","Panel ( 0 ) | SetPanelView ( \"visualization\" ) ;","CreateFrame ( grid ) .as ( [ FRAME ] ) ;","Database ( \"16d25fbb-2b83-4222-81e6-fe6f7b289e77\" ) | Select ( STATEDATAPIVOTED__HCVprevalence , STATEDATAPIVOTED__num_SSPs , STATEDATAPIVOTED__STATEABBREVIATION , STATEDATAPIVOTED , STATEDATAPIVOTED__op_rel_inpat , STATEDATAPIVOTED__DVH_funds , STATEDATAPIVOTED__HOPWA_funds , STATEDATAPIVOTED__drugdeaths , STATEDATAPIVOTED__AMAT_fac , STATEDATAPIVOTED__HIVprevalence , STATEDATAPIVOTED__DHAP_funds , STATEDATAPIVOTED__HIVdiagnoses , STATEDATAPIVOTED__Med_MH_fac , STATEDATAPIVOTED__STATE_1 , STATEDATAPIVOTED__YEAR , STATEDATAPIVOTED__Med_SA_fac , STATEDATAPIVOTED__pctunins , STATEDATAPIVOTED__pctunmetneed , STATEDATAPIVOTED__Population , STATEDATAPIVOTED__state_year , STATEDATAPIVOTED__RW_funds , STATEDATAPIVOTED__mme_percap , STATEDATAPIVOTED__HCVcases , STATEDATAPIVOTED__CDC_consult , STATEDATAPIVOTED__pct_tx_med , STATEDATAPIVOTED__HCVacuterate , STATEDATAPIVOTED__nonmedpain , STATEDATAPIVOTED__partD30dayrxrate , STATEDATAPIVOTED__MH_fac , STATEDATAPIVOTED__TMAT_fac , STATEDATAPIVOTED__SMAT_fac , STATEDATAPIVOTED__bup_phys , STATEDATAPIVOTED__Med_TMAT_fac , STATEDATAPIVOTED__CURES_funds , STATEDATAPIVOTED__PLHIV , STATEDATAPIVOTED__PDMP_check_req , STATEDATAPIVOTED__HCVacute , STATEDATAPIVOTED__SA_fac , STATEDATAPIVOTED__drugdep , STATEDATAPIVOTED__Med_AMAT_fac , STATEDATAPIVOTED__fentanyl_seize , STATEDATAPIVOTED__SSP_legality , STATEDATAPIVOTED__HIVincidence , STATEDATAPIVOTED__Med_SMAT_fac , STATEDATAPIVOTED__drugdeathrate ) | Limit ( 500 ) | Import ( ) ;","Frame ( ) | Select ( HCVprevalence , num_SSPs , STATEABBREVIATION , STATEDATAPIVOTED , op_rel_inpat , DVH_funds , HOPWA_funds , drugdeaths , AMAT_fac , HIVprevalence , DHAP_funds , HIVdiagnoses , Med_MH_fac , STATE_1 , YEAR , Med_SA_fac , pctunins , pctunmetneed , Population , state_year , RW_funds , mme_percap , HCVcases , CDC_consult , pct_tx_med , HCVacuterate , nonmedpain , partD30dayrxrate , MH_fac , TMAT_fac , SMAT_fac , bup_phys , Med_TMAT_fac , CURES_funds , PLHIV , PDMP_check_req , HCVacute , SA_fac , drugdep , Med_AMAT_fac , fentanyl_seize , SSP_legality , HIVincidence , Med_SMAT_fac , drugdeathrate ) | Format ( type = [ 'table' ] ) | TaskOptions ( { \"0\" : { \"layout\" : \"Grid\" , \"alignment\" : { \"label\" : [ \"HCVprevalence\" , \"num_SSPs\" , \"STATEABBREVIATION\" , \"STATEDATAPIVOTED\" , \"op_rel_inpat\" , \"DVH_funds\" , \"HOPWA_funds\" , \"drugdeaths\" , \"AMAT_fac\" , \"HIVprevalence\" , \"DHAP_funds\" , \"HIVdiagnoses\" , \"Med_MH_fac\" , \"STATE_1\" , \"YEAR\" , \"Med_SA_fac\" , \"pctunins\" , \"pctunmetneed\" , \"Population\" , \"state_year\" , \"RW_funds\" , \"mme_percap\" , \"HCVcases\" , \"CDC_consult\" , \"pct_tx_med\" , \"HCVacuterate\" , \"nonmedpain\" , \"partD30dayrxrate\" , \"MH_fac\" , \"TMAT_fac\" , \"SMAT_fac\" , \"bup_phys\" , \"Med_TMAT_fac\" , \"CURES_funds\" , \"PLHIV\" , \"PDMP_check_req\" , \"HCVacute\" , \"SA_fac\" , \"drugdep\" , \"Med_AMAT_fac\" , \"fentanyl_seize\" , \"SSP_legality\" , \"HIVincidence\" , \"Med_SMAT_fac\" , \"drugdeathrate\" ] } } } ) | Collect ( 500 ) ;"]}