{"insightID":"a27ea9e2-a90a-437c-8f28-fe4211a11aee","pixelReturn":[{"pixelExpression":"if ( ( HasDuplicates ( STATEABBREVIATION ) ) , ( Select ( STATEABBREVIATION , Average ( drugdeathrate ) ) .as ( [ STATEABBREVIATION , Averageofdrugdeathrate ] ) | Group ( STATEABBREVIATION ) | With ( Panel ( 0 ) ) | Format ( type = [ 'table' ] ) | TaskOptions ( { \"0\" : { \"layout\" : \"Choropleth\" , \"alignment\" : { \"label\" : [ \"STATEABBREVIATION\" ] , \"value\" : [ \"Averageofdrugdeathrate\" ] , \"facet\" : [ ] } } } ) | Collect ( 500 ) ) , ( Select ( STATEABBREVIATION , drugdeathrate ) .as ( [ STATEABBREVIATION , drugdeathrate ] ) | With ( Panel ( 0 ) ) | Format ( type = [ 'table' ] ) | TaskOptions ( { \"0\" : { \"layout\" : \"Choropleth\" , \"alignment\" : { \"label\" : [ \"STATEABBREVIATION\" ] , \"value\" : [ \"drugdeathrate\" ] , \"facet\" : [ ] } } } ) | Collect ( 500 ) ) ) ;","isMeta":false,"output":{"data":{"values":[["AK",15.571428571428571],["AL",13.214285714285712],["AR",12.3],["AZ",18.0],["CA",11.385714285714288],["CO",15.842857142857143],["CT",16.642857142857142],["DC",18.228571428571428],["DE",19.67142857142857],["FL",15.671428571428574],["GA",11.62857142857143],["HI",11.842857142857143],["IA",8.885714285714284],["ID",12.614285714285716],["IL",13.157142857142857],["IN",17.228571428571428],["KS",10.728571428571428],["KY",25.771428571428572],["LA",16.04285714285714],["MA",18.657142857142862],["MD",17.97142857142857],["ME",15.6],["MI",16.914285714285715],["MN",9.714285714285714],["MO",17.557142857142857],["MS",11.014285714285714],["MT",12.600000000000003],["NC",14.185714285714285],["ND",5.55],["NE",6.728571428571429],["NH",21.342857142857145],["NJ",14.700000000000001],["NM",24.057142857142853],["NV",21.7],["NY",12.057142857142859],["OH",23.085714285714285],["OK",19.642857142857142],["OR",12.714285714285714],["PA",21.957142857142856],["PR",null],["RI",22.742857142857144],["SC",14.428571428571429],["SD",6.7],["TN",19.4],["TX",9.62857142857143],["UT",19.714285714285715],["VA",11.014285714285714],["VT",14.042857142857143],["WA",14.385714285714284],["WI",14.12857142857143],["WV",34.871428571428574],["WY",16.557142857142857]],"headers":["STATEABBREVIATION","Averageofdrugdeathrate"],"rawHeaders":["STATEABBREVIATION","Averageofdrugdeathrate"]},"format":{"type":"TABLE"},"headerInfo":[{"alias":"STATEABBREVIATION","header":"STATEABBREVIATION","type":"STRING","derived":false},{"alias":"Averageofdrugdeathrate","header":"Averageofdrugdeathrate","calculatedBy":"drugdeathrate","math":"Average","groupBy":["STATEABBREVIATION"],"type":"NUMBER","derived":true}],"sortInfo":[],"numCollected":500,"taskOptions":{"0":{"layout":"Choropleth","alignment":{"label":["STATEABBREVIATION"],"value":["Averageofdrugdeathrate"],"facet":[]}}},"filterInfo":[],"taskId":"task1"},"operationType":["TASK_DATA"]},{"pixelExpression":"Panel ( 0 ) | Clone ( 1 ) ;","isMeta":false,"output":{"original":{"panelId":"0","panelLabel":"State Population","view":"visualization","viewOptions":"{\"type\":\"echarts\"}","viewOptionsMap":{"federate-view":{"app_id":"fd5c8fbb-8f7b-4b71-901c-3e45c166bdab"},"visualization":{"type":"echarts"}},"ornaments":{},"events":{"onSingleClick":{"Unfilter":[{"disabledVisuals":["Grid","Sunburst"],"default":true,"query":"UnfilterFrame(<SelectedColumn>);","options":{},"refresh":false,"disabled":false,"panel":""}]},"onBrush":{"Filter":[{"default":true,"query":"if(IsEmpty(<SelectedValues>), UnfilterFrame(<SelectedColumn>), SetFrameFilter(<SelectedColumn>==<SelectedValues>));","options":{},"refresh":false,"disabled":false,"panel":""}]}},"grf":[],"orderBys":[],"comments":{},"position":{},"colorByValue":{}},"clone":{"panelId":"1","panelLabel":"State Population Clone","view":"visualization","viewOptions":"{\"type\":\"echarts\"}","viewOptionsMap":{"federate-view":{"app_id":"fd5c8fbb-8f7b-4b71-901c-3e45c166bdab"},"visualization":{"type":"echarts"}},"ornaments":{},"events":{"onSingleClick":{"Unfilter":[{"disabledVisuals":["Grid","Sunburst"],"default":true,"query":"UnfilterFrame(<SelectedColumn>);","options":{},"refresh":false,"disabled":false,"panel":""}]},"onBrush":{"Filter":[{"default":true,"query":"if(IsEmpty(<SelectedValues>), UnfilterFrame(<SelectedColumn>), SetFrameFilter(<SelectedColumn>==<SelectedValues>));","options":{},"refresh":false,"disabled":false,"panel":""}]}},"grf":[],"orderBys":[],"comments":{},"position":{},"colorByValue":{}}},"operationType":["PANEL_CLONE"]},{"pixelExpression":"ifError ( ( Frame ( ) | Select ( STATEABBREVIATION , Average ( Population ) ) .as ( [ STATEABBREVIATION , AverageofPopulation ] ) | Group ( STATEABBREVIATION ) | With ( Panel ( 0 ) ) | Format ( type = [ 'table' ] ) | TaskOptions ( { \"0\" : { \"layout\" : \"Choropleth\" , \"alignment\" : { \"label\" : [ \"STATEABBREVIATION\" ] , \"value\" : [ \"AverageofPopulation\" ] } } } ) | Collect ( 500 ) ) , ( true ) ) ;","isMeta":false,"output":{"data":{"values":[["AK",731574],["AL",4827319],["AR",2957692],["AZ",6645479],["CA",38328571],["CO",5280498],["CT",3587520],["DC",645814],["DE",925888],["FL",19642857],["GA",10003533],["HI",1401453],["IA",3092703],["ID",1618939],["IL",12857142],["IN",6564986],["KS",2888543],["KY",4396847],["LA",4621248],["MA",6698310],["MD",5918813],["ME",1329369],["MI",9900244],["MN",5416287],["MO",6043585],["MS",2984918],["MT",1015061],["NC",9833148],["ND",720114],["NE",1868377],["NH",1324694],["NJ",8888890],["NM",2079408],["NV",2802503],["NY",19614285],["OH",11571428],["OK",3846260],["OR",3945345],["PA",12771428],["PR",3578169],["RI",1054033],["SC",4783088],["SD",842288],["TN",6499192],["TX",26514285],["UT",2904797],["VA",8241045],["VT",626280],["WA",6990209],["WI",5739130],["WV",1848523],["WY",578197]],"headers":["STATEABBREVIATION","AverageofPopulation"],"rawHeaders":["STATEABBREVIATION","AverageofPopulation"]},"format":{"type":"TABLE"},"headerInfo":[{"alias":"STATEABBREVIATION","header":"STATEABBREVIATION","type":"STRING","derived":false},{"alias":"AverageofPopulation","header":"AverageofPopulation","calculatedBy":"Population","math":"Average","groupBy":["STATEABBREVIATION"],"type":"NUMBER","derived":true}],"sortInfo":[],"numCollected":500,"taskOptions":{"0":{"layout":"Choropleth","alignment":{"label":["STATEABBREVIATION"],"value":["AverageofPopulation"]}}},"filterInfo":[],"taskId":"task3"},"operationType":["TASK_DATA"]}]}