{"engineId":"fd5c8fbb-8f7b-4b71-901c-3e45c166bdab","engineName":"State_Opioid","rdbmsId":"bcddc790-1569-489d-b8dd-3583b78efed1","varstore":{},"frames":[{"file":"@BaseFolder@\\db\\@ENGINE@\\version\\bcddc790-1569-489d-b8dd-3583b78efed1\\FRAME529451.gz","meta":"@BaseFolder@\\db\\@ENGINE@\\version\\bcddc790-1569-489d-b8dd-3583b78efed1\\METADATA__FRAME529451.owl","state":"@BaseFolder@\\db\\@ENGINE@\\version\\bcddc790-1569-489d-b8dd-3583b78efed1\\FRAME_STATE__FRAME529451.json","type":"prerna.ds.h2.H2Frame","name":"FRAME529451","keys":["FRAME529451","$CUR_FRAME_KEY"]}],"panels":[{"panelId":"0","panelLabel":"Physicians Licensed to Administer Buprenorphine in 2017","view":"visualization","viewOptions":"{\"type\":\"echarts\"}","viewOptionsMap":"{\"federate-view\":{\"app_id\":\"fd5c8fbb-8f7b-4b71-901c-3e45c166bdab\"},\"visualization\":{\"type\":\"echarts\"}}","ornaments":"{\"tools\":{\"shared\":{\"toggleAverage\":true}}}","events":"{\"onSingleClick\":{\"Unfilter\":[{\"disabledVisuals\":[\"Grid\",\"Sunburst\"],\"default\":true,\"query\":\"UnfilterFrame(<SelectedColumn>);\",\"options\":{},\"refresh\":false,\"disabled\":false,\"panel\":\"\"}]},\"onBrush\":{\"Filter\":[{\"default\":true,\"query\":\"if(IsEmpty(<SelectedValues>), UnfilterFrame(<SelectedColumn>), SetFrameFilter(<SelectedColumn>==<SelectedValues>));\",\"options\":{},\"refresh\":false,\"disabled\":false,\"panel\":\"\"}]}}","comments":"{}","position":"{}","filters":[],"order":[],"cbv":{}}],"tasks":{"tasks":[{"type":"basic","task":{"taskType":"basic","id":"task1","numCollected":500,"internalOffset":0,"taskOptions":"{\"options\":{\"0\":{\"layout\":\"Grid\",\"alignment\":{\"label\":[\"STATEABBREVIATION\",\"STATEDATAPIVOTED\",\"STATE_1\",\"YEAR\",\"bup_phys\"]}}}}","qs":{"qsType":"FRAME","isDistinct":true,"overrideImplicit":false,"limit":0,"offset":0,"relations":"[]","selectors":["COLUMN",{"table":"FRAME529451","column":"STATEABBREVIATION","alias":"STATEABBREVIATION","tableAlias":null},"COLUMN",{"table":"FRAME529451","column":"STATEDATAPIVOTED","alias":"STATEDATAPIVOTED","tableAlias":null},"COLUMN",{"table":"FRAME529451","column":"STATE_1","alias":"STATE_1","tableAlias":null},"COLUMN",{"table":"FRAME529451","column":"YEAR","alias":"YEAR","tableAlias":null},"COLUMN",{"table":"FRAME529451","column":"bup_phys","alias":"bup_phys","tableAlias":null}],"implicitFilters":["SIMPLE",{"left":{"pixelType":"COLUMN","class":"prerna.query.querystruct.selectors.QueryColumnSelector","value":["COLUMN",{"table":"bup_phys","column":"PRIM_KEY_PLACEHOLDER","alias":"bup_phys","tableAlias":null}],"opType":["OPERATION"]},"comparator":"!=","right":{"pixelType":"NULL_VALUE","class":null,"value":[null],"opType":["OPERATION"]}}]}}},{"type":"basic","task":{"taskType":"basic","id":"task3","numCollected":500,"internalOffset":0,"taskOptions":"{\"options\":{\"0\":{\"layout\":\"Area\",\"alignment\":{\"tooltip\":[],\"label\":[\"STATEABBREVIATION\"],\"value\":[\"Averageofbup_phys\"],\"facet\":[]}}}}","qs":{"qsType":"FRAME","isDistinct":true,"overrideImplicit":false,"limit":0,"offset":0,"relations":"[]","groups":["{\"column\":\"PRIM_KEY_PLACEHOLDER\",\"table\":\"STATEABBREVIATION\",\"alias\":\"\"}"],"selectors":["COLUMN",{"table":"STATEABBREVIATION","column":"PRIM_KEY_PLACEHOLDER","alias":"STATEABBREVIATION","tableAlias":null},"FUNCTION",{"alias":"Averageofbup_phys","function":"mean","distinct":false,"colCast":"","innerSelectors":["COLUMN",{"table":"bup_phys","column":"PRIM_KEY_PLACEHOLDER","alias":"bup_phys","tableAlias":null}]}]}}},{"type":"basic","task":{"taskType":"basic","id":"task5","numCollected":500,"internalOffset":0,"taskOptions":"{\"options\":{\"0\":{\"layout\":\"Area\",\"alignment\":{\"label\":[\"STATEABBREVIATION\"],\"value\":[\"Averageofbup_phys\"]}}}}","qs":{"qsType":"FRAME","isDistinct":true,"overrideImplicit":false,"limit":0,"offset":0,"relations":"[]","groups":["{\"column\":\"PRIM_KEY_PLACEHOLDER\",\"table\":\"STATEABBREVIATION\",\"alias\":\"\"}"],"selectors":["COLUMN",{"table":"STATEABBREVIATION","column":"PRIM_KEY_PLACEHOLDER","alias":"STATEABBREVIATION","tableAlias":null},"FUNCTION",{"alias":"Averageofbup_phys","function":"mean","distinct":false,"colCast":"","innerSelectors":["COLUMN",{"table":"bup_phys","column":"PRIM_KEY_PLACEHOLDER","alias":"bup_phys","tableAlias":null}]}],"implicitFilters":["SIMPLE",{"left":{"pixelType":"COLUMN","class":"prerna.query.querystruct.selectors.QueryColumnSelector","value":["COLUMN",{"table":"bup_phys","column":"PRIM_KEY_PLACEHOLDER","alias":"bup_phys","tableAlias":null}],"opType":["OPERATION"]},"comparator":"!=","right":{"pixelType":"NULL_VALUE","class":null,"value":[null],"opType":["OPERATION"]}}]}}}],"taskCounter":6},"recipe":["AddPanel ( 0 ) ;","Panel ( 0 ) | AddPanelEvents ( { \"onSingleClick\" : { \"Unfilter\" : [ { \"panel\" : \"\" , \"query\" : \"UnfilterFrame(%3CSelectedColumn%3E)%3B\" , \"options\" : { } , \"refresh\" : false , \"default\" : true , \"disabledVisuals\" : [ \"Grid\" , \"Sunburst\" ] , \"disabled\" : false } ] } , \"onBrush\" : { \"Filter\" : [ { \"panel\" : \"\" , \"query\" : \"if(IsEmpty(%3CSelectedValues%3E)%2C%20UnfilterFrame(%3CSelectedColumn%3E)%2C%20SetFrameFilter(%3CSelectedColumn%3E%3D%3D%3CSelectedValues%3E))%3B\" , \"options\" : { } , \"refresh\" : false , \"default\" : true , \"disabled\" : false } ] } } ) ;","Panel ( 0 ) | RetrievePanelEvents ( ) ;","Panel ( 0 ) | SetPanelView ( \"visualization\" , \"%7B%22type%22%3A%22echarts%22%7D\" ) ;","Panel ( 0 ) | SetPanelView ( \"federate-view\" , \"%7B%22app_id%22%3A%22fd5c8fbb-8f7b-4b71-901c-3e45c166bdab%22%7D\" ) ;","CreateFrame ( frameType = [ GRID ] , override = [ true ] ) .as ( [ 'FRAME529451' ] ) ;","Database ( database = [ \"fd5c8fbb-8f7b-4b71-901c-3e45c166bdab\" ] ) | Select ( STATEDATAPIVOTED , STATEDATAPIVOTED__STATEABBREVIATION , STATEDATAPIVOTED__STATE_1 , STATEDATAPIVOTED__YEAR , STATEDATAPIVOTED__bup_phys ) .as ( [ STATEDATAPIVOTED , STATEABBREVIATION , STATE_1 , YEAR , bup_phys ] ) | Import ( frame = [ FRAME529451 ] ) ;","Panel ( 0 ) | SetPanelView ( \"visualization\" ) ;","Frame ( frame = [ FRAME529451 ] ) | QueryAll ( ) | AutoTaskOptions ( panel = [ \"0\" ] , layout = [ \"Grid\" ] ) | Collect ( 500 ) ;","Panel ( 0 ) | SetPanelView ( \"visualization\" , \"%7B%22type%22%3A%22echarts%22%7D\" ) ;","if ( ( HasDuplicates ( STATEABBREVIATION ) ) , ( Select ( STATEABBREVIATION , Average ( bup_phys ) ) .as ( [ STATEABBREVIATION , Averageofbup_phys ] ) | Group ( STATEABBREVIATION ) | With ( Panel ( 0 ) ) | Format ( type = [ 'table' ] ) | TaskOptions ( { \"0\" : { \"layout\" : \"Area\" , \"alignment\" : { \"label\" : [ \"STATEABBREVIATION\" ] , \"value\" : [ \"Averageofbup_phys\" ] , \"tooltip\" : [ ] , \"facet\" : [ ] } } } ) | Collect ( 500 ) ) , ( Select ( STATEABBREVIATION , bup_phys ) .as ( [ STATEABBREVIATION , bup_phys ] ) | With ( Panel ( 0 ) ) | Format ( type = [ 'table' ] ) | TaskOptions ( { \"0\" : { \"layout\" : \"Area\" , \"alignment\" : { \"label\" : [ \"STATEABBREVIATION\" ] , \"value\" : [ \"bup_phys\" ] , \"tooltip\" : [ ] , \"facet\" : [ ] } } } ) | Collect ( 500 ) ) ) ;","Panel ( 0 ) | AddPanelOrnaments ( { \"tools\" : { \"shared\" : { \"toggleAverage\" : true } } } ) ;","Panel ( 0 ) | RetrievePanelOrnaments ( \"tools.shared.toggleAverage\" ) ;","Panel ( 0 ) | Clone ( 1 ) ;","Panel ( 1 ) | SetPanelView ( \"DashboardFilter\" ) ;","Panel ( 1 ) | AddPanelOrnaments ( { \"dashboardFilter\" : { \"singleSelect\" : \"Multi Select\" , \"viewType\" : \"List\" , \"instances\" : [ \"YEAR\" ] } } ) | RetrievePanelOrnaments ( \"dashboardFilter\" ) ;","Panel ( 1 ) | SetPanelLabel ( \"Year Filter\" ) ;","Panel ( 0 ) | SetPanelLabel ( \"Physicians Licensed to Administer Buprenorphine\" ) ;","ReplaceFrameFilter ( ( bup_phys != [ null ] ) ) ;","ifError ( ( Frame ( ) | Select ( STATEABBREVIATION , Average ( bup_phys ) ) .as ( [ STATEABBREVIATION , Averageofbup_phys ] ) | Group ( STATEABBREVIATION ) | With ( Panel ( 0 ) ) | Format ( type = [ 'table' ] ) | TaskOptions ( { \"0\" : { \"layout\" : \"Area\" , \"alignment\" : { \"label\" : [ \"STATEABBREVIATION\" ] , \"value\" : [ \"Averageofbup_phys\" ] } } } ) | Collect ( 500 ) ) , ( true ) ) ;","ClosePanel ( 1 ) ;","Panel ( 0 ) | SetPanelLabel ( \"Physicians Licensed to Administer Buprenorphine in 2017\" ) ;"]}