{"insightID":"360c6707-6de2-449d-a14f-8b61985c789a","pixelReturn":[{"pixelExpression":"ifError ( ( Frame ( ) | Select ( STATEABBREVIATION , Average ( bup_phys ) ) .as ( [ STATEABBREVIATION , Averageofbup_phys ] ) | Group ( STATEABBREVIATION ) | With ( Panel ( 0 ) ) | Format ( type = [ 'table' ] ) | TaskOptions ( { \"0\" : { \"layout\" : \"Area\" , \"alignment\" : { \"label\" : [ \"STATEABBREVIATION\" ] , \"value\" : [ \"Averageofbup_phys\" ] } } } ) | Collect ( 500 ) ) , ( true ) ) ;","isMeta":false,"output":{"data":{"values":[["AK",89],["AL",401],["AR",105],["AZ",404],["CA",2347],["CO",287],["CT",461],["DC",69],["DE",93],["FL",1754],["GA",580],["HI",79],["IA",54],["ID",92],["IL",575],["IN",427],["KS",92],["KY",533],["LA",337],["MA",1129],["MD",752],["ME",221],["MI",659],["MN",186],["MO",247],["MS",160],["MT",42],["NC",643],["ND",22],["NE",48],["NH",136],["NJ",904],["NM",261],["NV",210],["NY",2402],["OH",1104],["OK",181],["OR",304],["PA",1380],["PR",388],["RI",170],["SC",265],["SD",22],["TN",652],["TX",1007],["UT",251],["VA",498],["VT",76],["WA",566],["WI",287],["WV",257],["WY",32]],"headers":["STATEABBREVIATION","Averageofbup_phys"],"rawHeaders":["STATEABBREVIATION","Averageofbup_phys"]},"format":{"type":"TABLE"},"headerInfo":[{"alias":"STATEABBREVIATION","header":"STATEABBREVIATION","type":"STRING","derived":false},{"alias":"Averageofbup_phys","header":"Averageofbup_phys","calculatedBy":"bup_phys","math":"Average","groupBy":["STATEABBREVIATION"],"type":"NUMBER","derived":true}],"sortInfo":[],"numCollected":500,"taskOptions":{"0":{"layout":"Area","alignment":{"label":["STATEABBREVIATION"],"value":["Averageofbup_phys"]}}},"filterInfo":[],"taskId":"task1"},"operationType":["TASK_DATA"]}]}