{"insightID":"c77cf780-fddf-4119-a28b-95863ca42351","pixelReturn":[{"pixelExpression":"if ( ( HasDuplicates ( STATEABBREVIATION ) ) , ( Select ( STATEABBREVIATION , Average ( pctunmetneed ) ) .as ( [ STATEABBREVIATION , Averageofpctunmetneed ] ) | Group ( STATEABBREVIATION ) | With ( Panel ( 0 ) ) | Format ( type = [ 'table' ] ) | TaskOptions ( { \"0\" : { \"layout\" : \"Column\" , \"alignment\" : { \"label\" : [ \"STATEABBREVIATION\" ] , \"value\" : [ \"Averageofpctunmetneed\" ] , \"tooltip\" : [ ] } } } ) | Collect ( 500 ) ) , ( Select ( STATEABBREVIATION , pctunmetneed ) .as ( [ STATEABBREVIATION , pctunmetneed ] ) | With ( Panel ( 0 ) ) | Format ( type = [ 'table' ] ) | TaskOptions ( { \"0\" : { \"layout\" : \"Column\" , \"alignment\" : { \"label\" : [ \"STATEABBREVIATION\" ] , \"value\" : [ \"pctunmetneed\" ] , \"tooltip\" : [ ] } } } ) | Collect ( 500 ) ) ) ;","isMeta":false,"output":{"data":{"values":[["AK",88.24],["AL",91.7],["AR",87.64],["AZ",89.77],["CA",89.97],["CO",87.78],["CT",87.54],["DC",94.35],["DE",77.45],["FL",89.45],["GA",88.4],["HI",94.49],["IA",90.05],["ID",89.87],["IL",92.56],["IN",84.56],["KS",88.44],["KY",89.06],["LA",88.05],["MA",89.51],["MD",88.07],["ME",85.45],["MI",86.72],["MN",85.23],["MO",86.23],["MS",93.26],["MT",90.6],["NC",88.64],["ND",86.12],["NE",88.71],["NH",88.01],["NJ",87.07],["NM",85.43],["NV",89.1],["NY",89.49],["OH",86.06],["OK",85.28],["OR",91.61],["PA",84.51],["RI",81.9],["SC",86.81],["SD",87.44],["TN",90.46],["TX",93.61],["UT",90.22],["VA",90.91],["VT",86.56],["WA",90.0],["WI",89.29],["WV",90.71],["WY",87.67]],"headers":["STATEABBREVIATION","Averageofpctunmetneed"],"rawHeaders":["STATEABBREVIATION","Averageofpctunmetneed"]},"format":{"type":"TABLE"},"headerInfo":[{"alias":"STATEABBREVIATION","header":"STATEABBREVIATION","type":"STRING","derived":false},{"alias":"Averageofpctunmetneed","header":"Averageofpctunmetneed","calculatedBy":"pctunmetneed","math":"Average","groupBy":["STATEABBREVIATION"],"type":"NUMBER","derived":true}],"sortInfo":[],"numCollected":500,"taskOptions":{"0":{"layout":"Column","alignment":{"tooltip":[],"label":["STATEABBREVIATION"],"value":["Averageofpctunmetneed"]}}},"filterInfo":[],"taskId":"task1"},"operationType":["TASK_DATA"]}]}