{"engineId":"fd5c8fbb-8f7b-4b71-901c-3e45c166bdab","engineName":"State_Opioid","rdbmsId":"2359f808-6690-461a-b1b2-3507ad9d06f7","varstore":{},"frames":[{"file":"@BaseFolder@/db/@ENGINE@/version/2359f808-6690-461a-b1b2-3507ad9d06f7/FRAME531409.gz","meta":"@BaseFolder@/db/@ENGINE@/version/2359f808-6690-461a-b1b2-3507ad9d06f7/METADATA__FRAME531409.owl","state":"@BaseFolder@/db/@ENGINE@/version/2359f808-6690-461a-b1b2-3507ad9d06f7/FRAME_STATE__FRAME531409.json","type":"prerna.ds.h2.H2Frame","name":"FRAME531409","keys":["$CUR_FRAME_KEY","FRAME531409"]}],"panels":[{"panelId":"0","panelLabel":"Total Drug Deaths by State","view":"visualization","viewOptions":"{\"type\":\"echarts\"}","viewOptionsMap":"{\"federate-view\":{\"app_id\":\"fd5c8fbb-8f7b-4b71-901c-3e45c166bdab\"},\"visualization\":{\"type\":\"echarts\"}}","config":"{}","ornaments":"{}","events":"{\"onSingleClick\":{\"Unfilter\":[{\"disabledVisuals\":[\"Grid\",\"Sunburst\"],\"default\":true,\"query\":\"UnfilterFrame(<SelectedColumn>);\",\"options\":{},\"refresh\":false,\"disabled\":false,\"panel\":\"\"}]},\"onBrush\":{\"Filter\":[{\"default\":true,\"query\":\"if(IsEmpty(<SelectedValues>), UnfilterFrame(<SelectedColumn>), SetFrameFilter(<SelectedColumn>==<SelectedValues>));\",\"options\":{},\"refresh\":false,\"disabled\":false,\"panel\":\"\"}]}}","comments":"{}","position":"{}","filters":[],"order":[],"cbv":{}},{"panelId":"1","panelLabel":"Filter by Year","view":"DashboardFilter","viewOptions":null,"viewOptionsMap":"{\"federate-view\":{\"app_id\":\"fd5c8fbb-8f7b-4b71-901c-3e45c166bdab\"},\"visualization\":{\"type\":\"echarts\"}}","config":"{}","ornaments":"{\"dashboardFilter\":{\"instances\":[\"YEAR\"],\"viewType\":\"List\",\"singleSelect\":\"Single Select\"}}","events":"{\"onSingleClick\":{\"Unfilter\":[{\"disabledVisuals\":[\"Grid\",\"Sunburst\"],\"default\":true,\"query\":\"UnfilterFrame(<SelectedColumn>);\",\"options\":{},\"refresh\":false,\"disabled\":false,\"panel\":\"\"}]},\"onBrush\":{\"Filter\":[{\"default\":true,\"query\":\"if(IsEmpty(<SelectedValues>), UnfilterFrame(<SelectedColumn>), SetFrameFilter(<SelectedColumn>==<SelectedValues>));\",\"options\":{},\"refresh\":false,\"disabled\":false,\"panel\":\"\"}]}}","comments":"{}","position":"{}","filters":[],"order":[],"cbv":{}}],"tasks":{"tasks":[{"type":"basic","task":{"taskType":"basic","id":"task1","numCollected":500,"internalOffset":0,"taskOptions":"{\"options\":{\"0\":{\"layout\":\"Grid\",\"alignment\":{\"label\":[\"AMAT_fac\",\"bup_phys\",\"CDC_consult\",\"CURES_funds\",\"DHAP_funds\",\"drugdeathrate\",\"drugdeaths\",\"drugdep\",\"DVH_funds\",\"fentanyl_seize\",\"HCVacute\",\"HCVacuterate\",\"HCVcases\",\"HCVprevalence\",\"HIVdiagnoses\",\"HIVincidence\",\"HIVprevalence\",\"HOPWA_funds\",\"Med_AMAT_fac\",\"Med_MH_fac\",\"Med_SA_fac\",\"Med_SMAT_fac\",\"Med_TMAT_fac\",\"MH_fac\",\"mme_percap\",\"nonmedpain\",\"num_SSPs\",\"op_rel_inpat\",\"partD30dayrxrate\",\"pct_tx_med\",\"pctunins\",\"pctunmetneed\",\"PDMP_check_req\",\"PLHIV\",\"Population\",\"RW_funds\",\"SA_fac\",\"SMAT_fac\",\"SSP_legality\",\"STATE_1\",\"state_year\",\"STATEABBREVIATION\",\"STATEDATAPIVOTED\",\"TMAT_fac\",\"YEAR\"]}}}}","qs":{"qsType":"FRAME","isDistinct":true,"overrideImplicit":false,"limit":500,"offset":0,"relations":"[]","selectors":[{"type":"COLUMN","content":{"table":"FRAME531409","column":"AMAT_fac","alias":"AMAT_fac","tableAlias":null}},{"type":"COLUMN","content":{"table":"FRAME531409","column":"bup_phys","alias":"bup_phys","tableAlias":null}},{"type":"COLUMN","content":{"table":"FRAME531409","column":"CDC_consult","alias":"CDC_consult","tableAlias":null}},{"type":"COLUMN","content":{"table":"FRAME531409","column":"CURES_funds","alias":"CURES_funds","tableAlias":null}},{"type":"COLUMN","content":{"table":"FRAME531409","column":"DHAP_funds","alias":"DHAP_funds","tableAlias":null}},{"type":"COLUMN","content":{"table":"FRAME531409","column":"drugdeathrate","alias":"drugdeathrate","tableAlias":null}},{"type":"COLUMN","content":{"table":"FRAME531409","column":"drugdeaths","alias":"drugdeaths","tableAlias":null}},{"type":"COLUMN","content":{"table":"FRAME531409","column":"drugdep","alias":"drugdep","tableAlias":null}},{"type":"COLUMN","content":{"table":"FRAME531409","column":"DVH_funds","alias":"DVH_funds","tableAlias":null}},{"type":"COLUMN","content":{"table":"FRAME531409","column":"fentanyl_seize","alias":"fentanyl_seize","tableAlias":null}},{"type":"COLUMN","content":{"table":"FRAME531409","column":"HCVacute","alias":"HCVacute","tableAlias":null}},{"type":"COLUMN","content":{"table":"FRAME531409","column":"HCVacuterate","alias":"HCVacuterate","tableAlias":null}},{"type":"COLUMN","content":{"table":"FRAME531409","column":"HCVcases","alias":"HCVcases","tableAlias":null}},{"type":"COLUMN","content":{"table":"FRAME531409","column":"HCVprevalence","alias":"HCVprevalence","tableAlias":null}},{"type":"COLUMN","content":{"table":"FRAME531409","column":"HIVdiagnoses","alias":"HIVdiagnoses","tableAlias":null}},{"type":"COLUMN","content":{"table":"FRAME531409","column":"HIVincidence","alias":"HIVincidence","tableAlias":null}},{"type":"COLUMN","content":{"table":"FRAME531409","column":"HIVprevalence","alias":"HIVprevalence","tableAlias":null}},{"type":"COLUMN","content":{"table":"FRAME531409","column":"HOPWA_funds","alias":"HOPWA_funds","tableAlias":null}},{"type":"COLUMN","content":{"table":"FRAME531409","column":"Med_AMAT_fac","alias":"Med_AMAT_fac","tableAlias":null}},{"type":"COLUMN","content":{"table":"FRAME531409","column":"Med_MH_fac","alias":"Med_MH_fac","tableAlias":null}},{"type":"COLUMN","content":{"table":"FRAME531409","column":"Med_SA_fac","alias":"Med_SA_fac","tableAlias":null}},{"type":"COLUMN","content":{"table":"FRAME531409","column":"Med_SMAT_fac","alias":"Med_SMAT_fac","tableAlias":null}},{"type":"COLUMN","content":{"table":"FRAME531409","column":"Med_TMAT_fac","alias":"Med_TMAT_fac","tableAlias":null}},{"type":"COLUMN","content":{"table":"FRAME531409","column":"MH_fac","alias":"MH_fac","tableAlias":null}},{"type":"COLUMN","content":{"table":"FRAME531409","column":"mme_percap","alias":"mme_percap","tableAlias":null}},{"type":"COLUMN","content":{"table":"FRAME531409","column":"nonmedpain","alias":"nonmedpain","tableAlias":null}},{"type":"COLUMN","content":{"table":"FRAME531409","column":"num_SSPs","alias":"num_SSPs","tableAlias":null}},{"type":"COLUMN","content":{"table":"FRAME531409","column":"op_rel_inpat","alias":"op_rel_inpat","tableAlias":null}},{"type":"COLUMN","content":{"table":"FRAME531409","column":"partD30dayrxrate","alias":"partD30dayrxrate","tableAlias":null}},{"type":"COLUMN","content":{"table":"FRAME531409","column":"pct_tx_med","alias":"pct_tx_med","tableAlias":null}},{"type":"COLUMN","content":{"table":"FRAME531409","column":"pctunins","alias":"pctunins","tableAlias":null}},{"type":"COLUMN","content":{"table":"FRAME531409","column":"pctunmetneed","alias":"pctunmetneed","tableAlias":null}},{"type":"COLUMN","content":{"table":"FRAME531409","column":"PDMP_check_req","alias":"PDMP_check_req","tableAlias":null}},{"type":"COLUMN","content":{"table":"FRAME531409","column":"PLHIV","alias":"PLHIV","tableAlias":null}},{"type":"COLUMN","content":{"table":"FRAME531409","column":"Population","alias":"Population","tableAlias":null}},{"type":"COLUMN","content":{"table":"FRAME531409","column":"RW_funds","alias":"RW_funds","tableAlias":null}},{"type":"COLUMN","content":{"table":"FRAME531409","column":"SA_fac","alias":"SA_fac","tableAlias":null}},{"type":"COLUMN","content":{"table":"FRAME531409","column":"SMAT_fac","alias":"SMAT_fac","tableAlias":null}},{"type":"COLUMN","content":{"table":"FRAME531409","column":"SSP_legality","alias":"SSP_legality","tableAlias":null}},{"type":"COLUMN","content":{"table":"FRAME531409","column":"STATE_1","alias":"STATE_1","tableAlias":null}},{"type":"COLUMN","content":{"table":"FRAME531409","column":"state_year","alias":"state_year","tableAlias":null}},{"type":"COLUMN","content":{"table":"FRAME531409","column":"STATEABBREVIATION","alias":"STATEABBREVIATION","tableAlias":null}},{"type":"COLUMN","content":{"table":"FRAME531409","column":"STATEDATAPIVOTED","alias":"STATEDATAPIVOTED","tableAlias":null}},{"type":"COLUMN","content":{"table":"FRAME531409","column":"TMAT_fac","alias":"TMAT_fac","tableAlias":null}},{"type":"COLUMN","content":{"table":"FRAME531409","column":"YEAR","alias":"YEAR","tableAlias":null}}],"implicitFilters":["SIMPLE",{"left":{"pixelType":"COLUMN","class":"prerna.query.querystruct.selectors.QueryColumnSelector","value":[{"type":"COLUMN","content":{"table":"YEAR","column":"PRIM_KEY_PLACEHOLDER","alias":"YEAR","tableAlias":null}}],"opType":["OPERATION"]},"comparator":"==","right":{"pixelType":"CONST_INT","class":"java.lang.Integer","value":[2010],"opType":["OPERATION"]}},"SIMPLE",{"left":{"pixelType":"COLUMN","class":"prerna.query.querystruct.selectors.QueryColumnSelector","value":[{"type":"COLUMN","content":{"table":"drugdeaths","column":"PRIM_KEY_PLACEHOLDER","alias":"drugdeaths","tableAlias":null}}],"opType":["OPERATION"]},"comparator":"!=","right":{"pixelType":"NULL_VALUE","class":null,"value":[null],"opType":["OPERATION"]}}]}}},{"type":"basic","task":{"taskType":"basic","id":"task3","numCollected":500,"internalOffset":0,"taskOptions":"{\"options\":{\"0\":{\"layout\":\"Grid\",\"alignment\":{\"label\":[\"STATE_1\"]}}}}","qs":{"qsType":"FRAME","isDistinct":true,"overrideImplicit":false,"limit":500,"offset":0,"relations":"[]","selectors":[{"type":"COLUMN","content":{"table":"STATE_1","column":"PRIM_KEY_PLACEHOLDER","alias":"STATE_1","tableAlias":null}}]}}},{"type":"basic","task":{"taskType":"basic","id":"task5","numCollected":500,"internalOffset":0,"taskOptions":"{\"options\":{\"0\":{\"layout\":\"Grid\",\"alignment\":{\"label\":[\"STATE_1\",\"state_year\"]}}}}","qs":{"qsType":"FRAME","isDistinct":true,"overrideImplicit":false,"limit":500,"offset":0,"relations":"[]","selectors":[{"type":"COLUMN","content":{"table":"STATE_1","column":"PRIM_KEY_PLACEHOLDER","alias":"STATE_1","tableAlias":null}},{"type":"COLUMN","content":{"table":"state_year","column":"PRIM_KEY_PLACEHOLDER","alias":"state_year","tableAlias":null}}]}}},{"type":"basic","task":{"taskType":"basic","id":"task7","numCollected":500,"internalOffset":0,"taskOptions":"{\"options\":{\"0\":{\"layout\":\"Grid\",\"alignment\":{\"label\":[\"STATE_1\",\"state_year\",\"drugdeaths\"]}}}}","qs":{"qsType":"FRAME","isDistinct":true,"overrideImplicit":false,"limit":500,"offset":0,"relations":"[]","selectors":[{"type":"COLUMN","content":{"table":"STATE_1","column":"PRIM_KEY_PLACEHOLDER","alias":"STATE_1","tableAlias":null}},{"type":"COLUMN","content":{"table":"state_year","column":"PRIM_KEY_PLACEHOLDER","alias":"state_year","tableAlias":null}},{"type":"COLUMN","content":{"table":"drugdeaths","column":"PRIM_KEY_PLACEHOLDER","alias":"drugdeaths","tableAlias":null}}]}}},{"type":"basic","task":{"taskType":"basic","id":"task9","numCollected":500,"internalOffset":0,"taskOptions":"{\"options\":{\"0\":{\"layout\":\"Choropleth\",\"alignment\":{\"label\":[\"STATE_1\"],\"value\":[\"Averageofstate_year\"],\"facet\":[]}}}}","qs":{"qsType":"FRAME","isDistinct":true,"overrideImplicit":false,"limit":500,"offset":0,"relations":"[]","groups":["{\"column\":\"PRIM_KEY_PLACEHOLDER\",\"table\":\"STATE_1\",\"alias\":\"\"}"],"selectors":[{"type":"COLUMN","content":{"table":"STATE_1","column":"PRIM_KEY_PLACEHOLDER","alias":"STATE_1","tableAlias":null}},{"type":"FUNCTION","content":{"alias":"Averageofstate_year","function":"mean","distinct":false,"colCast":"","innerSelectors":[{"type":"COLUMN","content":{"table":"state_year","column":"PRIM_KEY_PLACEHOLDER","alias":"state_year","tableAlias":null}}]}}]}}},{"type":"basic","task":{"taskType":"basic","id":"task11","numCollected":500,"internalOffset":0,"taskOptions":"{\"options\":{\"0\":{\"layout\":\"Choropleth\",\"alignment\":{\"label\":[\"STATE_1\"],\"value\":[\"Averageofdrugdeaths\"],\"facet\":[]}}}}","qs":{"qsType":"FRAME","isDistinct":true,"overrideImplicit":false,"limit":500,"offset":0,"relations":"[]","groups":["{\"column\":\"PRIM_KEY_PLACEHOLDER\",\"table\":\"STATE_1\",\"alias\":\"\"}"],"selectors":[{"type":"COLUMN","content":{"table":"STATE_1","column":"PRIM_KEY_PLACEHOLDER","alias":"STATE_1","tableAlias":null}},{"type":"FUNCTION","content":{"alias":"Averageofdrugdeaths","function":"mean","distinct":false,"colCast":"","innerSelectors":[{"type":"COLUMN","content":{"table":"drugdeaths","column":"PRIM_KEY_PLACEHOLDER","alias":"drugdeaths","tableAlias":null}}]}}]}}},{"type":"basic","task":{"taskType":"basic","id":"task13","numCollected":500,"internalOffset":0,"taskOptions":"{\"options\":{\"0\":{\"layout\":\"Choropleth\",\"alignment\":{\"label\":[\"STATE_1\"],\"value\":[\"Averageofdrugdeaths\"]}}}}","qs":{"qsType":"FRAME","isDistinct":true,"overrideImplicit":false,"limit":500,"offset":0,"relations":"[]","groups":["{\"column\":\"PRIM_KEY_PLACEHOLDER\",\"table\":\"STATE_1\",\"alias\":\"\"}"],"selectors":[{"type":"COLUMN","content":{"table":"STATE_1","column":"PRIM_KEY_PLACEHOLDER","alias":"STATE_1","tableAlias":null}},{"type":"FUNCTION","content":{"alias":"Averageofdrugdeaths","function":"mean","distinct":false,"colCast":"","innerSelectors":[{"type":"COLUMN","content":{"table":"drugdeaths","column":"PRIM_KEY_PLACEHOLDER","alias":"drugdeaths","tableAlias":null}}]}}],"implicitFilters":["SIMPLE",{"left":{"pixelType":"COLUMN","class":"prerna.query.querystruct.selectors.QueryColumnSelector","value":[{"type":"COLUMN","content":{"table":"YEAR","column":"PRIM_KEY_PLACEHOLDER","alias":"YEAR","tableAlias":null}}],"opType":["OPERATION"]},"comparator":"==","right":{"pixelType":"CONST_INT","class":"java.lang.Integer","value":[2015],"opType":["OPERATION"]}}]}}},{"type":"basic","task":{"taskType":"basic","id":"task15","numCollected":500,"internalOffset":0,"taskOptions":"{\"options\":{\"0\":{\"layout\":\"Choropleth\",\"alignment\":{\"label\":[\"STATE_1\"],\"value\":[\"Averageofdrugdeaths\"]}}}}","qs":{"qsType":"FRAME","isDistinct":true,"overrideImplicit":false,"limit":500,"offset":0,"relations":"[]","groups":["{\"column\":\"PRIM_KEY_PLACEHOLDER\",\"table\":\"STATE_1\",\"alias\":\"\"}"],"selectors":[{"type":"COLUMN","content":{"table":"STATE_1","column":"PRIM_KEY_PLACEHOLDER","alias":"STATE_1","tableAlias":null}},{"type":"FUNCTION","content":{"alias":"Averageofdrugdeaths","function":"mean","distinct":false,"colCast":"","innerSelectors":[{"type":"COLUMN","content":{"table":"drugdeaths","column":"PRIM_KEY_PLACEHOLDER","alias":"drugdeaths","tableAlias":null}}]}}],"implicitFilters":["SIMPLE",{"left":{"pixelType":"COLUMN","class":"prerna.query.querystruct.selectors.QueryColumnSelector","value":[{"type":"COLUMN","content":{"table":"YEAR","column":"PRIM_KEY_PLACEHOLDER","alias":"YEAR","tableAlias":null}}],"opType":["OPERATION"]},"comparator":"==","right":{"pixelType":"CONST_INT","class":"java.lang.Integer","value":[2015],"opType":["OPERATION"]}}]}}},{"type":"basic","task":{"taskType":"basic","id":"task17","numCollected":500,"internalOffset":0,"taskOptions":"{\"options\":{\"0\":{\"layout\":\"Choropleth\",\"alignment\":{\"label\":[\"STATE_1\"],\"value\":[\"Averageofdrugdeaths\"]}}}}","qs":{"qsType":"FRAME","isDistinct":true,"overrideImplicit":false,"limit":500,"offset":0,"relations":"[]","groups":["{\"column\":\"PRIM_KEY_PLACEHOLDER\",\"table\":\"STATE_1\",\"alias\":\"\"}"],"selectors":[{"type":"COLUMN","content":{"table":"STATE_1","column":"PRIM_KEY_PLACEHOLDER","alias":"STATE_1","tableAlias":null}},{"type":"FUNCTION","content":{"alias":"Averageofdrugdeaths","function":"mean","distinct":false,"colCast":"","innerSelectors":[{"type":"COLUMN","content":{"table":"drugdeaths","column":"PRIM_KEY_PLACEHOLDER","alias":"drugdeaths","tableAlias":null}}]}}],"implicitFilters":["SIMPLE",{"left":{"pixelType":"COLUMN","class":"prerna.query.querystruct.selectors.QueryColumnSelector","value":[{"type":"COLUMN","content":{"table":"YEAR","column":"PRIM_KEY_PLACEHOLDER","alias":"YEAR","tableAlias":null}}],"opType":["OPERATION"]},"comparator":"==","right":{"pixelType":"CONST_INT","class":"java.lang.Integer","value":[2010],"opType":["OPERATION"]}}]}}},{"type":"basic","task":{"taskType":"basic","id":"task19","numCollected":500,"internalOffset":0,"taskOptions":"{\"options\":{\"0\":{\"layout\":\"Choropleth\",\"alignment\":{\"label\":[\"STATE_1\"],\"value\":[\"Averageofdrugdeaths\"]}}}}","qs":{"qsType":"FRAME","isDistinct":true,"overrideImplicit":false,"limit":500,"offset":0,"relations":"[]","groups":["{\"column\":\"PRIM_KEY_PLACEHOLDER\",\"table\":\"STATE_1\",\"alias\":\"\"}"],"selectors":[{"type":"COLUMN","content":{"table":"STATE_1","column":"PRIM_KEY_PLACEHOLDER","alias":"STATE_1","tableAlias":null}},{"type":"FUNCTION","content":{"alias":"Averageofdrugdeaths","function":"mean","distinct":false,"colCast":"","innerSelectors":[{"type":"COLUMN","content":{"table":"drugdeaths","column":"PRIM_KEY_PLACEHOLDER","alias":"drugdeaths","tableAlias":null}}]}}],"implicitFilters":["SIMPLE",{"left":{"pixelType":"COLUMN","class":"prerna.query.querystruct.selectors.QueryColumnSelector","value":[{"type":"COLUMN","content":{"table":"YEAR","column":"PRIM_KEY_PLACEHOLDER","alias":"YEAR","tableAlias":null}}],"opType":["OPERATION"]},"comparator":"==","right":{"pixelType":"CONST_INT","class":"java.lang.Integer","value":[2010],"opType":["OPERATION"]}},"SIMPLE",{"left":{"pixelType":"COLUMN","class":"prerna.query.querystruct.selectors.QueryColumnSelector","value":[{"type":"COLUMN","content":{"table":"drugdeaths","column":"PRIM_KEY_PLACEHOLDER","alias":"drugdeaths","tableAlias":null}}],"opType":["OPERATION"]},"comparator":"!=","right":{"pixelType":"NULL_VALUE","class":null,"value":[null],"opType":["OPERATION"]}}]}}}],"taskCounter":20},"recipe":["AddPanel ( 0 ) ;","Panel ( 0 ) | AddPanelEvents ( { \"onSingleClick\" : { \"Unfilter\" : [ { \"panel\" : \"\" , \"query\" : \"UnfilterFrame(%3CSelectedColumn%3E)%3B\" , \"options\" : { } , \"refresh\" : false , \"default\" : true , \"disabledVisuals\" : [ \"Grid\" , \"Sunburst\" ] , \"disabled\" : false } ] } , \"onBrush\" : { \"Filter\" : [ { \"panel\" : \"\" , \"query\" : \"if(IsEmpty(%3CSelectedValues%3E)%2C%20UnfilterFrame(%3CSelectedColumn%3E)%2C%20SetFrameFilter(%3CSelectedColumn%3E%3D%3D%3CSelectedValues%3E))%3B\" , \"options\" : { } , \"refresh\" : false , \"default\" : true , \"disabled\" : false } ] } } ) ;","Panel ( 0 ) | RetrievePanelEvents ( ) ;","Panel ( 0 ) | SetPanelView ( \"visualization\" , \"%7B%22type%22%3A%22echarts%22%7D\" ) ;","Panel ( 0 ) | SetPanelView ( \"federate-view\" , \"%7B%22app_id%22%3A%22fd5c8fbb-8f7b-4b71-901c-3e45c166bdab%22%7D\" ) ;","CreateFrame ( frameType = [ GRID ] ) .as ( [ 'FRAME531409' ] ) ;","Database ( database = [ \"fd5c8fbb-8f7b-4b71-901c-3e45c166bdab\" ] ) | Select ( STATEDATAPIVOTED , STATEDATAPIVOTED__AMAT_fac , STATEDATAPIVOTED__CDC_consult , STATEDATAPIVOTED__CURES_funds , STATEDATAPIVOTED__DHAP_funds , STATEDATAPIVOTED__DVH_funds , STATEDATAPIVOTED__HCVacute , STATEDATAPIVOTED__HCVacuterate , STATEDATAPIVOTED__HCVcases , STATEDATAPIVOTED__HCVprevalence , STATEDATAPIVOTED__HIVdiagnoses , STATEDATAPIVOTED__HIVincidence , STATEDATAPIVOTED__HIVprevalence , STATEDATAPIVOTED__HOPWA_funds , STATEDATAPIVOTED__MH_fac , STATEDATAPIVOTED__Med_AMAT_fac , STATEDATAPIVOTED__Med_MH_fac , STATEDATAPIVOTED__Med_SA_fac , STATEDATAPIVOTED__Med_SMAT_fac , STATEDATAPIVOTED__Med_TMAT_fac , STATEDATAPIVOTED__PDMP_check_req , STATEDATAPIVOTED__PLHIV , STATEDATAPIVOTED__Population , STATEDATAPIVOTED__RW_funds , STATEDATAPIVOTED__SA_fac , STATEDATAPIVOTED__SMAT_fac , STATEDATAPIVOTED__SSP_legality , STATEDATAPIVOTED__STATEABBREVIATION , STATEDATAPIVOTED__STATE_1 , STATEDATAPIVOTED__TMAT_fac , STATEDATAPIVOTED__YEAR , STATEDATAPIVOTED__bup_phys , STATEDATAPIVOTED__drugdeathrate , STATEDATAPIVOTED__drugdeaths , STATEDATAPIVOTED__drugdep , STATEDATAPIVOTED__fentanyl_seize , STATEDATAPIVOTED__mme_percap , STATEDATAPIVOTED__nonmedpain , STATEDATAPIVOTED__num_SSPs , STATEDATAPIVOTED__op_rel_inpat , STATEDATAPIVOTED__partD30dayrxrate , STATEDATAPIVOTED__pct_tx_med , STATEDATAPIVOTED__pctunins , STATEDATAPIVOTED__pctunmetneed , STATEDATAPIVOTED__state_year ) .as ( [ STATEDATAPIVOTED , AMAT_fac , CDC_consult , CURES_funds , DHAP_funds , DVH_funds , HCVacute , HCVacuterate , HCVcases , HCVprevalence , HIVdiagnoses , HIVincidence , HIVprevalence , HOPWA_funds , MH_fac , Med_AMAT_fac , Med_MH_fac , Med_SA_fac , Med_SMAT_fac , Med_TMAT_fac , PDMP_check_req , PLHIV , Population , RW_funds , SA_fac , SMAT_fac , SSP_legality , STATEABBREVIATION , STATE_1 , TMAT_fac , YEAR , bup_phys , drugdeathrate , drugdeaths , drugdep , fentanyl_seize , mme_percap , nonmedpain , num_SSPs , op_rel_inpat , partD30dayrxrate , pct_tx_med , pctunins , pctunmetneed , state_year ] ) | Import ( ) ;","Panel ( 0 ) | SetPanelView ( \"visualization\" ) ;","Frame ( ) | QueryAll ( ) | AutoTaskOptions ( panel = [ \"0\" ] , layout = [ \"Grid\" ] ) | Collect ( 500 ) ;","Select ( STATE_1 ) .as ( [ STATE_1 ] ) | With ( Panel ( 0 ) ) | Format ( type = [ 'table' ] ) | TaskOptions ( { \"0\" : { \"layout\" : \"Grid\" , \"alignment\" : { \"label\" : [ \"STATE_1\" ] } } } ) | Collect ( 500 ) ;","Select ( STATE_1 , state_year ) .as ( [ STATE_1 , state_year ] ) | With ( Panel ( 0 ) ) | Format ( type = [ 'table' ] ) | TaskOptions ( { \"0\" : { \"layout\" : \"Grid\" , \"alignment\" : { \"label\" : [ \"STATE_1\" , \"state_year\" ] } } } ) | Collect ( 500 ) ;","Select ( STATE_1 , state_year , drugdeaths ) .as ( [ STATE_1 , state_year , drugdeaths ] ) | With ( Panel ( 0 ) ) | Format ( type = [ 'table' ] ) | TaskOptions ( { \"0\" : { \"layout\" : \"Grid\" , \"alignment\" : { \"label\" : [ \"STATE_1\" , \"state_year\" , \"drugdeaths\" ] } } } ) | Collect ( 500 ) ;","Panel ( 0 ) | SetPanelView ( \"visualization\" , \"%7B%22type%22%3A%22echarts%22%7D\" ) ;","if ( ( HasDuplicates ( STATE_1 ) ) , ( Select ( STATE_1 , Average ( state_year ) ) .as ( [ STATE_1 , Averageofstate_year ] ) | Group ( STATE_1 ) | With ( Panel ( 0 ) ) | Format ( type = [ 'table' ] ) | TaskOptions ( { \"0\" : { \"layout\" : \"Choropleth\" , \"alignment\" : { \"label\" : [ \"STATE_1\" ] , \"value\" : [ \"Averageofstate_year\" ] , \"facet\" : [ ] } } } ) | Collect ( 500 ) ) , ( Select ( STATE_1 , state_year ) .as ( [ STATE_1 , state_year ] ) | With ( Panel ( 0 ) ) | Format ( type = [ 'table' ] ) | TaskOptions ( { \"0\" : { \"layout\" : \"Choropleth\" , \"alignment\" : { \"label\" : [ \"STATE_1\" ] , \"value\" : [ \"state_year\" ] , \"facet\" : [ ] } } } ) | Collect ( 500 ) ) ) ;","if ( ( HasDuplicates ( STATE_1 ) ) , ( Select ( STATE_1 , Average ( drugdeaths ) ) .as ( [ STATE_1 , Averageofdrugdeaths ] ) | Group ( STATE_1 ) | With ( Panel ( 0 ) ) | Format ( type = [ 'table' ] ) | TaskOptions ( { \"0\" : { \"layout\" : \"Choropleth\" , \"alignment\" : { \"label\" : [ \"STATE_1\" ] , \"value\" : [ \"Averageofdrugdeaths\" ] , \"facet\" : [ ] } } } ) | Collect ( 500 ) ) , ( Select ( STATE_1 , drugdeaths ) .as ( [ STATE_1 , drugdeaths ] ) | With ( Panel ( 0 ) ) | Format ( type = [ 'table' ] ) | TaskOptions ( { \"0\" : { \"layout\" : \"Choropleth\" , \"alignment\" : { \"label\" : [ \"STATE_1\" ] , \"value\" : [ \"drugdeaths\" ] , \"facet\" : [ ] } } } ) | Collect ( 500 ) ) ) ;","Panel ( 0 ) | Clone ( 1 ) ;","Panel ( 1 ) | SetPanelView ( \"DashboardFilter\" ) ;","Panel ( 1 ) | AddPanelOrnaments ( { \"dashboardFilter\" : { \"singleSelect\" : \"Single Select\" , \"viewType\" : \"List\" , \"instances\" : [ \"YEAR\" ] } } ) | RetrievePanelOrnaments ( \"dashboardFilter\" ) ;","if ( ( FrameHeaderExists ( YEAR ) ) , ( SetFrameFilter ( ( YEAR == [ 2015 ] ) ) ) , ( false ) ) ;","ifError ( ( Frame ( ) | Select ( STATE_1 , Average ( drugdeaths ) ) .as ( [ STATE_1 , Averageofdrugdeaths ] ) | Group ( STATE_1 ) | With ( Panel ( 0 ) ) | Format ( type = [ 'table' ] ) | TaskOptions ( { \"0\" : { \"layout\" : \"Choropleth\" , \"alignment\" : { \"label\" : [ \"STATE_1\" ] , \"value\" : [ \"Averageofdrugdeaths\" ] } } } ) | Collect ( 500 ) ) , ( true ) ) ;","if ( ( FrameHeaderExists ( YEAR ) ) , ( SetFrameFilter ( ( YEAR == [ 2015 ] ) ) ) , ( false ) ) ;","ifError ( ( Frame ( ) | Select ( STATE_1 , Average ( drugdeaths ) ) .as ( [ STATE_1 , Averageofdrugdeaths ] ) | Group ( STATE_1 ) | With ( Panel ( 0 ) ) | Format ( type = [ 'table' ] ) | TaskOptions ( { \"0\" : { \"layout\" : \"Choropleth\" , \"alignment\" : { \"label\" : [ \"STATE_1\" ] , \"value\" : [ \"Averageofdrugdeaths\" ] } } } ) | Collect ( 500 ) ) , ( true ) ) ;","if ( ( FrameHeaderExists ( YEAR ) ) , ( SetFrameFilter ( ( YEAR == [ 2010 ] ) ) ) , ( false ) ) ;","ifError ( ( Frame ( ) | Select ( STATE_1 , Average ( drugdeaths ) ) .as ( [ STATE_1 , Averageofdrugdeaths ] ) | Group ( STATE_1 ) | With ( Panel ( 0 ) ) | Format ( type = [ 'table' ] ) | TaskOptions ( { \"0\" : { \"layout\" : \"Choropleth\" , \"alignment\" : { \"label\" : [ \"STATE_1\" ] , \"value\" : [ \"Averageofdrugdeaths\" ] } } } ) | Collect ( 500 ) ) , ( true ) ) ;","Panel ( 0 ) | SetPanelLabel ( \"Total Drug Deaths per State\" ) ;","Panel ( 1 ) | SetPanelLabel ( \"Filter by Year\" ) ;","Panel ( 0 ) | SetPanelLabel ( \"Total Drug Deaths per 100K Population by State\" ) ;","ReplaceFrameFilter ( ( drugdeaths != [ null ] ) ) ;","ifError ( ( Frame ( ) | Select ( STATE_1 , Average ( drugdeaths ) ) .as ( [ STATE_1 , Averageofdrugdeaths ] ) | Group ( STATE_1 ) | With ( Panel ( 0 ) ) | Format ( type = [ 'table' ] ) | TaskOptions ( { \"0\" : { \"layout\" : \"Choropleth\" , \"alignment\" : { \"label\" : [ \"STATE_1\" ] , \"value\" : [ \"Averageofdrugdeaths\" ] } } } ) | Collect ( 500 ) ) , ( true ) ) ;","Panel ( 0 ) | SetPanelLabel ( \"Total Drug Deaths by State\" ) ;"]}