{"insightID":"5a26caa4-6894-41a9-827a-63c6169fdac4","pixelReturn":[{"pixelExpression":"if ( ( HasDuplicates ( STATE_1 ) ) , ( Select ( STATE_1 , Average ( drugdeaths ) ) .as ( [ STATE_1 , Averageofdrugdeaths ] ) | Group ( STATE_1 ) | With ( Panel ( 0 ) ) | Format ( type = [ 'table' ] ) | TaskOptions ( { \"0\" : { \"layout\" : \"Choropleth\" , \"alignment\" : { \"label\" : [ \"STATE_1\" ] , \"value\" : [ \"Averageofdrugdeaths\" ] , \"facet\" : [ ] } } } ) | Collect ( 500 ) ) , ( Select ( STATE_1 , drugdeaths ) .as ( [ STATE_1 , drugdeaths ] ) | With ( Panel ( 0 ) ) | Format ( type = [ 'table' ] ) | TaskOptions ( { \"0\" : { \"layout\" : \"Choropleth\" , \"alignment\" : { \"label\" : [ \"STATE_1\" ] , \"value\" : [ \"drugdeaths\" ] , \"facet\" : [ ] } } } ) | Collect ( 500 ) ) ) ;","isMeta":false,"output":{"data":{"values":[["Alabama",547],["Alaska",83],["Arizona",1098],["Arkansas",350],["California",4057],["Colorado",654],["Connecticut",363],["Delaware",145],["District_of_Columbia",78],["Florida",3061],["Georgia",1054],["Hawaii",151],["Idaho",178],["Illinois",1288],["Indiana",927],["Iowa",253],["Kansas",269],["Kentucky",1007],["Louisiana",591],["Maine",135],["Maryland",650],["Massachusetts",738],["Michigan",1394],["Minnesota",397],["Mississippi",334],["Missouri",998],["Montana",118],["Nebraska",117],["Nevada",578],["New_Hampshire",160],["New_Jersey",868],["New_Mexico",478],["New_York",1557],["North_Carolina",1093],["North_Dakota",23],["Ohio",1835],["Oklahoma",717],["Oregon",503],["Pennsylvania",1916],["Rhode_Island",167],["South_Carolina",678],["South_Dakota",45],["Tennessee",1080],["Texas",2399],["Utah",433],["Vermont",63],["Virginia",558],["Washington",916],["West_Virginia",512],["Wisconsin",630],["Wyoming",85]],"headers":["STATE_1","Averageofdrugdeaths"],"rawHeaders":["STATE_1","Averageofdrugdeaths"]},"format":{"type":"TABLE"},"headerInfo":[{"alias":"STATE_1","header":"STATE_1","type":"STRING","derived":false},{"alias":"Averageofdrugdeaths","header":"Averageofdrugdeaths","calculatedBy":"drugdeaths","math":"Average","groupBy":["STATE_1"],"type":"NUMBER","derived":true}],"sortInfo":[],"numCollected":500,"taskOptions":{"0":{"layout":"Choropleth","alignment":{"label":["STATE_1"],"value":["Averageofdrugdeaths"],"facet":[]}}},"filterInfo":[],"taskId":"task1"},"operationType":["TASK_DATA"]},{"pixelExpression":"Panel ( 0 ) | Clone ( 1 ) ;","isMeta":false,"output":{"original":{"panelId":"0","panelLabel":"Total Drug Deaths by State","view":"visualization","viewOptions":"{\"type\":\"echarts\"}","config":{},"viewOptionsMap":{"federate-view":{"app_id":"fd5c8fbb-8f7b-4b71-901c-3e45c166bdab"},"visualization":{"type":"echarts"}},"ornaments":{},"events":{"onSingleClick":{"Unfilter":[{"disabledVisuals":["Grid","Sunburst"],"default":true,"query":"UnfilterFrame(<SelectedColumn>);","options":{},"refresh":false,"disabled":false,"panel":""}]},"onBrush":{"Filter":[{"default":true,"query":"if(IsEmpty(<SelectedValues>), UnfilterFrame(<SelectedColumn>), SetFrameFilter(<SelectedColumn>==<SelectedValues>));","options":{},"refresh":false,"disabled":false,"panel":""}]}},"grf":[],"orderBys":[],"comments":{},"position":{},"colorByValue":{}},"clone":{"panelId":"1","panelLabel":"Total Drug Deaths by State Clone","view":"visualization","viewOptions":"{\"type\":\"echarts\"}","config":{},"viewOptionsMap":{"federate-view":{"app_id":"fd5c8fbb-8f7b-4b71-901c-3e45c166bdab"},"visualization":{"type":"echarts"}},"ornaments":{},"events":{"onSingleClick":{"Unfilter":[{"disabledVisuals":["Grid","Sunburst"],"default":true,"query":"UnfilterFrame(<SelectedColumn>);","options":{},"refresh":false,"disabled":false,"panel":""}]},"onBrush":{"Filter":[{"default":true,"query":"if(IsEmpty(<SelectedValues>), UnfilterFrame(<SelectedColumn>), SetFrameFilter(<SelectedColumn>==<SelectedValues>));","options":{},"refresh":false,"disabled":false,"panel":""}]}},"grf":[],"orderBys":[],"comments":{},"position":{},"colorByValue":{}}},"operationType":["PANEL_CLONE"]},{"pixelExpression":"ifError ( ( Frame ( ) | Select ( STATE_1 , Average ( drugdeaths ) ) .as ( [ STATE_1 , Averageofdrugdeaths ] ) | Group ( STATE_1 ) | With ( Panel ( 0 ) ) | Format ( type = [ 'table' ] ) | TaskOptions ( { \"0\" : { \"layout\" : \"Choropleth\" , \"alignment\" : { \"label\" : [ \"STATE_1\" ] , \"value\" : [ \"Averageofdrugdeaths\" ] } } } ) | Collect ( 500 ) ) , ( true ) ) ;","isMeta":false,"output":{"data":{"values":[["Alabama",547],["Alaska",83],["Arizona",1098],["Arkansas",350],["California",4057],["Colorado",654],["Connecticut",363],["Delaware",145],["District_of_Columbia",78],["Florida",3061],["Georgia",1054],["Hawaii",151],["Idaho",178],["Illinois",1288],["Indiana",927],["Iowa",253],["Kansas",269],["Kentucky",1007],["Louisiana",591],["Maine",135],["Maryland",650],["Massachusetts",738],["Michigan",1394],["Minnesota",397],["Mississippi",334],["Missouri",998],["Montana",118],["Nebraska",117],["Nevada",578],["New_Hampshire",160],["New_Jersey",868],["New_Mexico",478],["New_York",1557],["North_Carolina",1093],["North_Dakota",23],["Ohio",1835],["Oklahoma",717],["Oregon",503],["Pennsylvania",1916],["Rhode_Island",167],["South_Carolina",678],["South_Dakota",45],["Tennessee",1080],["Texas",2399],["Utah",433],["Vermont",63],["Virginia",558],["Washington",916],["West_Virginia",512],["Wisconsin",630],["Wyoming",85]],"headers":["STATE_1","Averageofdrugdeaths"],"rawHeaders":["STATE_1","Averageofdrugdeaths"]},"format":{"type":"TABLE"},"headerInfo":[{"alias":"STATE_1","header":"STATE_1","type":"STRING","derived":false},{"alias":"Averageofdrugdeaths","header":"Averageofdrugdeaths","calculatedBy":"drugdeaths","math":"Average","groupBy":["STATE_1"],"type":"NUMBER","derived":true}],"sortInfo":[],"numCollected":500,"taskOptions":{"0":{"layout":"Choropleth","alignment":{"label":["STATE_1"],"value":["Averageofdrugdeaths"]}}},"filterInfo":[],"taskId":"task3"},"operationType":["TASK_DATA"]}]}