{"insightID":"f9b4eb04-ffe5-49d3-9a4b-859b6977b7bb","pixelReturn":[{"pixelExpression":"Frame ( ) | Select ( STATEABBREVIATION , Average ( drugdeathrate ) , Average ( national_drugdeathrate ) ) .as ( [ STATEABBREVIATION , Averageofdrugdeathrate , Averageofnational_drugdeathrate ] ) | Group ( STATEABBREVIATION ) | Sort ( columns = [ \"Averageofdrugdeathrate\" ] , sort = [ \"desc\" ] ) | With ( Panel ( 0 ) ) | Format ( type = [ 'table' ] ) | TaskOptions ( { \"0\" : { \"layout\" : \"Line\" , \"alignment\" : { \"label\" : [ \"STATEABBREVIATION\" ] , \"value\" : [ \"Averageofdrugdeathrate\" , \"Averageofnational_drugdeathrate\" ] } } } ) | Collect ( 500 ) ;","isMeta":false,"output":"Cannot find header for column input = national_drugdeathrate","operationType":["ERROR"]},{"pixelExpression":"Panel ( 0 ) | Clone ( 1 ) ;","isMeta":false,"output":{"original":{"panelId":"0","panelLabel":"State Drug Death Rate per 100K Population vs National Average","view":"visualization","viewOptions":"{\"type\":\"echarts\"}","viewOptionsMap":{"federate-view":{"app_id":"NEWSEMOSSAPP"},"visualization":{"type":"echarts"}},"ornaments":{},"events":{"onSingleClick":{"Unfilter":[{"disabledVisuals":["Grid","Sunburst"],"default":true,"query":"UnfilterFrame(<SelectedColumn>);","options":{},"refresh":false,"disabled":false,"panel":""}]},"onBrush":{"Filter":[{"default":true,"query":"if(IsEmpty(<SelectedValues>), UnfilterFrame(<SelectedColumn>), SetFrameFilter(<SelectedColumn>==<SelectedValues>));","options":{},"refresh":false,"disabled":false,"panel":""}]}},"grf":[],"orderBys":[],"comments":{},"position":{},"colorByValue":{}},"clone":{"panelId":"1","panelLabel":"State Drug Death Rate per 100K Population vs National Average Clone","view":"visualization","viewOptions":"{\"type\":\"echarts\"}","viewOptionsMap":{"federate-view":{"app_id":"NEWSEMOSSAPP"},"visualization":{"type":"echarts"}},"ornaments":{},"events":{"onSingleClick":{"Unfilter":[{"disabledVisuals":["Grid","Sunburst"],"default":true,"query":"UnfilterFrame(<SelectedColumn>);","options":{},"refresh":false,"disabled":false,"panel":""}]},"onBrush":{"Filter":[{"default":true,"query":"if(IsEmpty(<SelectedValues>), UnfilterFrame(<SelectedColumn>), SetFrameFilter(<SelectedColumn>==<SelectedValues>));","options":{},"refresh":false,"disabled":false,"panel":""}]}},"grf":[],"orderBys":[],"comments":{},"position":{},"colorByValue":{}}},"operationType":["PANEL_CLONE"]},{"pixelExpression":"ifError ( ( Frame ( ) | Select ( STATEABBREVIATION , Average ( drugdeathrate ) , Average ( national_drugdeathrate ) ) .as ( [ STATEABBREVIATION , Averageofdrugdeathrate , Averageofnational_drugdeathrate ] ) | Sort ( columns = [ \"Averageofdrugdeathrate\" ] , sort = [ \"DESC\" ] ) | Group ( STATEABBREVIATION ) | With ( Panel ( 0 ) ) | Format ( type = [ 'table' ] ) | TaskOptions ( { \"0\" : { \"layout\" : \"Line\" , \"alignment\" : { \"label\" : [ \"STATEABBREVIATION\" ] , \"value\" : [ \"Averageofdrugdeathrate\" , \"Averageofnational_drugdeathrate\" ] } } } ) | Collect ( 500 ) ) , ( true ) ) ;","isMeta":false,"output":true,"operationType":["OPERATION"]}]}