{"engineId":"fd5c8fbb-8f7b-4b71-901c-3e45c166bdab","engineName":"State_Opioid","rdbmsId":"0335a72a-166f-4cb0-80f1-65fc336361d6","varstore":{},"frames":[{"file":"@BaseFolder@/db/@ENGINE@/version/0335a72a-166f-4cb0-80f1-65fc336361d6/FRAME167354.rda","meta":"@BaseFolder@/db/@ENGINE@/version/0335a72a-166f-4cb0-80f1-65fc336361d6/METADATA__FRAME167354.owl","state":null,"type":"prerna.ds.r.RDataTable","name":"FRAME167354","keys":["$CUR_FRAME_KEY"]},{"file":"@BaseFolder@/db/@ENGINE@/version/0335a72a-166f-4cb0-80f1-65fc336361d6/FRAME167354.rda","meta":"@BaseFolder@/db/@ENGINE@/version/0335a72a-166f-4cb0-80f1-65fc336361d6/METADATA__FRAME167354.owl","state":null,"type":"prerna.ds.r.RDataTable","name":"FRAME167354","keys":["FRAME167354"]}],"panels":[{"panelId":"0","panelLabel":"Drug Death Rates per 100K Population","view":"visualization","viewOptions":"{\"type\":\"echarts\"}","viewOptionsMap":"{\"federate-view\":{\"app_id\":\"fd5c8fbb-8f7b-4b71-901c-3e45c166bdab\"},\"visualization\":{\"type\":\"echarts\"}}","config":"{}","ornaments":"{\"tools\":{\"shared\":{\"toggleLegend\":true,\"toggleAverage\":true}}}","events":"{\"onSingleClick\":{\"Unfilter\":[{\"disabledVisuals\":[\"Grid\",\"Sunburst\"],\"default\":true,\"query\":\"UnfilterFrame(<SelectedColumn>);\",\"options\":{},\"refresh\":false,\"disabled\":false,\"panel\":\"\"}]},\"onBrush\":{\"Filter\":[{\"default\":true,\"query\":\"if(IsEmpty(<SelectedValues>), UnfilterFrame(<SelectedColumn>), SetFrameFilter(<SelectedColumn>==<SelectedValues>));\",\"options\":{},\"refresh\":false,\"disabled\":false,\"panel\":\"\"}]}}","comments":"{}","position":"{}","filters":[],"order":[],"cbv":{}}],"tasks":{"tasks":[{"type":"basic","task":{"taskType":"basic","id":"task1","numCollected":500,"internalOffset":0,"taskOptions":"{\"options\":{\"0\":{\"layout\":\"Grid\",\"alignment\":{\"label\":[\"drugdeathrate\",\"STATE_1\",\"STATEABBREVIATION\",\"STATEDATAPIVOTED\",\"YEAR\"]}}}}","qs":{"qsType":"FRAME","isDistinct":true,"overrideImplicit":false,"limit":500,"offset":0,"relations":"[]","selectors":[{"type":"COLUMN","content":{"table":"FRAME167354","column":"drugdeathrate","alias":"drugdeathrate","tableAlias":null}},{"type":"COLUMN","content":{"table":"FRAME167354","column":"STATE_1","alias":"STATE_1","tableAlias":null}},{"type":"COLUMN","content":{"table":"FRAME167354","column":"STATEABBREVIATION","alias":"STATEABBREVIATION","tableAlias":null}},{"type":"COLUMN","content":{"table":"FRAME167354","column":"STATEDATAPIVOTED","alias":"STATEDATAPIVOTED","tableAlias":null}},{"type":"COLUMN","content":{"table":"FRAME167354","column":"YEAR","alias":"YEAR","tableAlias":null}}]}}},{"type":"basic","task":{"taskType":"basic","id":"task3","numCollected":500,"internalOffset":0,"taskOptions":"{\"options\":{\"0\":{\"layout\":\"Grid\",\"alignment\":{\"label\":[\"drugdeathrate\",\"STATEABBREVIATION\",\"STATEDATAPIVOTED\",\"STATE_1\",\"YEAR\"]}}}}","qs":{"qsType":"FRAME","isDistinct":true,"overrideImplicit":false,"limit":500,"offset":0,"relations":"[]","selectors":[{"type":"COLUMN","content":{"table":"drugdeathrate","column":"PRIM_KEY_PLACEHOLDER","alias":"drugdeathrate","tableAlias":null}},{"type":"COLUMN","content":{"table":"STATEABBREVIATION","column":"PRIM_KEY_PLACEHOLDER","alias":"STATEABBREVIATION","tableAlias":null}},{"type":"COLUMN","content":{"table":"STATEDATAPIVOTED","column":"PRIM_KEY_PLACEHOLDER","alias":"STATEDATAPIVOTED","tableAlias":null}},{"type":"COLUMN","content":{"table":"STATE_1","column":"PRIM_KEY_PLACEHOLDER","alias":"STATE_1","tableAlias":null}},{"type":"COLUMN","content":{"table":"YEAR","column":"PRIM_KEY_PLACEHOLDER","alias":"YEAR","tableAlias":null}}]}}},{"type":"basic","task":{"taskType":"basic","id":"task5","numCollected":500,"internalOffset":0,"taskOptions":"{\"options\":{\"0\":{\"layout\":\"Grid\",\"alignment\":{\"label\":[\"A2005\",\"A2006\",\"A2007\",\"A2008\",\"A2009\",\"A2010\",\"A2011\",\"A2012\",\"A2013\",\"A2014\",\"A2015\",\"A2016\",\"A2017\",\"A2018\",\"STATE_1\",\"STATEABBREVIATION\"]}}}}","qs":{"qsType":"FRAME","isDistinct":true,"overrideImplicit":false,"limit":500,"offset":0,"relations":"[]","selectors":[{"type":"COLUMN","content":{"table":"FRAME167354","column":"A2005","alias":"A2005","tableAlias":null}},{"type":"COLUMN","content":{"table":"FRAME167354","column":"A2006","alias":"A2006","tableAlias":null}},{"type":"COLUMN","content":{"table":"FRAME167354","column":"A2007","alias":"A2007","tableAlias":null}},{"type":"COLUMN","content":{"table":"FRAME167354","column":"A2008","alias":"A2008","tableAlias":null}},{"type":"COLUMN","content":{"table":"FRAME167354","column":"A2009","alias":"A2009","tableAlias":null}},{"type":"COLUMN","content":{"table":"FRAME167354","column":"A2010","alias":"A2010","tableAlias":null}},{"type":"COLUMN","content":{"table":"FRAME167354","column":"A2011","alias":"A2011","tableAlias":null}},{"type":"COLUMN","content":{"table":"FRAME167354","column":"A2012","alias":"A2012","tableAlias":null}},{"type":"COLUMN","content":{"table":"FRAME167354","column":"A2013","alias":"A2013","tableAlias":null}},{"type":"COLUMN","content":{"table":"FRAME167354","column":"A2014","alias":"A2014","tableAlias":null}},{"type":"COLUMN","content":{"table":"FRAME167354","column":"A2015","alias":"A2015","tableAlias":null}},{"type":"COLUMN","content":{"table":"FRAME167354","column":"A2016","alias":"A2016","tableAlias":null}},{"type":"COLUMN","content":{"table":"FRAME167354","column":"A2017","alias":"A2017","tableAlias":null}},{"type":"COLUMN","content":{"table":"FRAME167354","column":"A2018","alias":"A2018","tableAlias":null}},{"type":"COLUMN","content":{"table":"FRAME167354","column":"STATE_1","alias":"STATE_1","tableAlias":null}},{"type":"COLUMN","content":{"table":"FRAME167354","column":"STATEABBREVIATION","alias":"STATEABBREVIATION","tableAlias":null}}]}}},{"type":"basic","task":{"taskType":"basic","id":"task7","numCollected":500,"internalOffset":0,"taskOptions":"{\"options\":{\"0\":{\"layout\":\"Grid\",\"alignment\":{\"label\":[\"A2006\",\"A2007\",\"A2008\",\"A2009\",\"A2010\",\"A2011\",\"A2012\",\"A2013\",\"A2014\",\"A2015\",\"A2016\",\"A2017\",\"A2018\",\"STATE_1\",\"STATEABBREVIATION\",\"Year_2005\"]}}}}","qs":{"qsType":"FRAME","isDistinct":true,"overrideImplicit":false,"limit":500,"offset":0,"relations":"[]","selectors":[{"type":"COLUMN","content":{"table":"FRAME167354","column":"A2006","alias":"A2006","tableAlias":null}},{"type":"COLUMN","content":{"table":"FRAME167354","column":"A2007","alias":"A2007","tableAlias":null}},{"type":"COLUMN","content":{"table":"FRAME167354","column":"A2008","alias":"A2008","tableAlias":null}},{"type":"COLUMN","content":{"table":"FRAME167354","column":"A2009","alias":"A2009","tableAlias":null}},{"type":"COLUMN","content":{"table":"FRAME167354","column":"A2010","alias":"A2010","tableAlias":null}},{"type":"COLUMN","content":{"table":"FRAME167354","column":"A2011","alias":"A2011","tableAlias":null}},{"type":"COLUMN","content":{"table":"FRAME167354","column":"A2012","alias":"A2012","tableAlias":null}},{"type":"COLUMN","content":{"table":"FRAME167354","column":"A2013","alias":"A2013","tableAlias":null}},{"type":"COLUMN","content":{"table":"FRAME167354","column":"A2014","alias":"A2014","tableAlias":null}},{"type":"COLUMN","content":{"table":"FRAME167354","column":"A2015","alias":"A2015","tableAlias":null}},{"type":"COLUMN","content":{"table":"FRAME167354","column":"A2016","alias":"A2016","tableAlias":null}},{"type":"COLUMN","content":{"table":"FRAME167354","column":"A2017","alias":"A2017","tableAlias":null}},{"type":"COLUMN","content":{"table":"FRAME167354","column":"A2018","alias":"A2018","tableAlias":null}},{"type":"COLUMN","content":{"table":"FRAME167354","column":"STATE_1","alias":"STATE_1","tableAlias":null}},{"type":"COLUMN","content":{"table":"FRAME167354","column":"STATEABBREVIATION","alias":"STATEABBREVIATION","tableAlias":null}},{"type":"COLUMN","content":{"table":"FRAME167354","column":"Year_2005","alias":"Year_2005","tableAlias":null}}]}}},{"type":"basic","task":{"taskType":"basic","id":"task9","numCollected":500,"internalOffset":0,"taskOptions":"{\"options\":{\"0\":{\"layout\":\"Grid\",\"alignment\":{\"label\":[\"A2007\",\"A2008\",\"A2009\",\"A2010\",\"A2011\",\"A2012\",\"A2013\",\"A2014\",\"A2015\",\"A2016\",\"A2017\",\"A2018\",\"STATE_1\",\"STATEABBREVIATION\",\"Year_2005\",\"Year_2006\"]}}}}","qs":{"qsType":"FRAME","isDistinct":true,"overrideImplicit":false,"limit":500,"offset":0,"relations":"[]","selectors":[{"type":"COLUMN","content":{"table":"FRAME167354","column":"A2007","alias":"A2007","tableAlias":null}},{"type":"COLUMN","content":{"table":"FRAME167354","column":"A2008","alias":"A2008","tableAlias":null}},{"type":"COLUMN","content":{"table":"FRAME167354","column":"A2009","alias":"A2009","tableAlias":null}},{"type":"COLUMN","content":{"table":"FRAME167354","column":"A2010","alias":"A2010","tableAlias":null}},{"type":"COLUMN","content":{"table":"FRAME167354","column":"A2011","alias":"A2011","tableAlias":null}},{"type":"COLUMN","content":{"table":"FRAME167354","column":"A2012","alias":"A2012","tableAlias":null}},{"type":"COLUMN","content":{"table":"FRAME167354","column":"A2013","alias":"A2013","tableAlias":null}},{"type":"COLUMN","content":{"table":"FRAME167354","column":"A2014","alias":"A2014","tableAlias":null}},{"type":"COLUMN","content":{"table":"FRAME167354","column":"A2015","alias":"A2015","tableAlias":null}},{"type":"COLUMN","content":{"table":"FRAME167354","column":"A2016","alias":"A2016","tableAlias":null}},{"type":"COLUMN","content":{"table":"FRAME167354","column":"A2017","alias":"A2017","tableAlias":null}},{"type":"COLUMN","content":{"table":"FRAME167354","column":"A2018","alias":"A2018","tableAlias":null}},{"type":"COLUMN","content":{"table":"FRAME167354","column":"STATE_1","alias":"STATE_1","tableAlias":null}},{"type":"COLUMN","content":{"table":"FRAME167354","column":"STATEABBREVIATION","alias":"STATEABBREVIATION","tableAlias":null}},{"type":"COLUMN","content":{"table":"FRAME167354","column":"Year_2005","alias":"Year_2005","tableAlias":null}},{"type":"COLUMN","content":{"table":"FRAME167354","column":"Year_2006","alias":"Year_2006","tableAlias":null}}]}}},{"type":"basic","task":{"taskType":"basic","id":"task11","numCollected":500,"internalOffset":0,"taskOptions":"{\"options\":{\"0\":{\"layout\":\"Grid\",\"alignment\":{\"label\":[\"A2008\",\"A2009\",\"A2010\",\"A2011\",\"A2012\",\"A2013\",\"A2014\",\"A2015\",\"A2016\",\"A2017\",\"A2018\",\"STATE_1\",\"STATEABBREVIATION\",\"Year_2005\",\"Year_2006\",\"Year_2007\"]}}}}","qs":{"qsType":"FRAME","isDistinct":true,"overrideImplicit":false,"limit":500,"offset":0,"relations":"[]","selectors":[{"type":"COLUMN","content":{"table":"FRAME167354","column":"A2008","alias":"A2008","tableAlias":null}},{"type":"COLUMN","content":{"table":"FRAME167354","column":"A2009","alias":"A2009","tableAlias":null}},{"type":"COLUMN","content":{"table":"FRAME167354","column":"A2010","alias":"A2010","tableAlias":null}},{"type":"COLUMN","content":{"table":"FRAME167354","column":"A2011","alias":"A2011","tableAlias":null}},{"type":"COLUMN","content":{"table":"FRAME167354","column":"A2012","alias":"A2012","tableAlias":null}},{"type":"COLUMN","content":{"table":"FRAME167354","column":"A2013","alias":"A2013","tableAlias":null}},{"type":"COLUMN","content":{"table":"FRAME167354","column":"A2014","alias":"A2014","tableAlias":null}},{"type":"COLUMN","content":{"table":"FRAME167354","column":"A2015","alias":"A2015","tableAlias":null}},{"type":"COLUMN","content":{"table":"FRAME167354","column":"A2016","alias":"A2016","tableAlias":null}},{"type":"COLUMN","content":{"table":"FRAME167354","column":"A2017","alias":"A2017","tableAlias":null}},{"type":"COLUMN","content":{"table":"FRAME167354","column":"A2018","alias":"A2018","tableAlias":null}},{"type":"COLUMN","content":{"table":"FRAME167354","column":"STATE_1","alias":"STATE_1","tableAlias":null}},{"type":"COLUMN","content":{"table":"FRAME167354","column":"STATEABBREVIATION","alias":"STATEABBREVIATION","tableAlias":null}},{"type":"COLUMN","content":{"table":"FRAME167354","column":"Year_2005","alias":"Year_2005","tableAlias":null}},{"type":"COLUMN","content":{"table":"FRAME167354","column":"Year_2006","alias":"Year_2006","tableAlias":null}},{"type":"COLUMN","content":{"table":"FRAME167354","column":"Year_2007","alias":"Year_2007","tableAlias":null}}]}}},{"type":"basic","task":{"taskType":"basic","id":"task13","numCollected":500,"internalOffset":0,"taskOptions":"{\"options\":{\"0\":{\"layout\":\"Grid\",\"alignment\":{\"label\":[\"A2009\",\"A2010\",\"A2011\",\"A2012\",\"A2013\",\"A2014\",\"A2015\",\"A2016\",\"A2017\",\"A2018\",\"STATE_1\",\"STATEABBREVIATION\",\"Year_2005\",\"Year_2006\",\"Year_2007\",\"Year_2008\"]}}}}","qs":{"qsType":"FRAME","isDistinct":true,"overrideImplicit":false,"limit":500,"offset":0,"relations":"[]","selectors":[{"type":"COLUMN","content":{"table":"FRAME167354","column":"A2009","alias":"A2009","tableAlias":null}},{"type":"COLUMN","content":{"table":"FRAME167354","column":"A2010","alias":"A2010","tableAlias":null}},{"type":"COLUMN","content":{"table":"FRAME167354","column":"A2011","alias":"A2011","tableAlias":null}},{"type":"COLUMN","content":{"table":"FRAME167354","column":"A2012","alias":"A2012","tableAlias":null}},{"type":"COLUMN","content":{"table":"FRAME167354","column":"A2013","alias":"A2013","tableAlias":null}},{"type":"COLUMN","content":{"table":"FRAME167354","column":"A2014","alias":"A2014","tableAlias":null}},{"type":"COLUMN","content":{"table":"FRAME167354","column":"A2015","alias":"A2015","tableAlias":null}},{"type":"COLUMN","content":{"table":"FRAME167354","column":"A2016","alias":"A2016","tableAlias":null}},{"type":"COLUMN","content":{"table":"FRAME167354","column":"A2017","alias":"A2017","tableAlias":null}},{"type":"COLUMN","content":{"table":"FRAME167354","column":"A2018","alias":"A2018","tableAlias":null}},{"type":"COLUMN","content":{"table":"FRAME167354","column":"STATE_1","alias":"STATE_1","tableAlias":null}},{"type":"COLUMN","content":{"table":"FRAME167354","column":"STATEABBREVIATION","alias":"STATEABBREVIATION","tableAlias":null}},{"type":"COLUMN","content":{"table":"FRAME167354","column":"Year_2005","alias":"Year_2005","tableAlias":null}},{"type":"COLUMN","content":{"table":"FRAME167354","column":"Year_2006","alias":"Year_2006","tableAlias":null}},{"type":"COLUMN","content":{"table":"FRAME167354","column":"Year_2007","alias":"Year_2007","tableAlias":null}},{"type":"COLUMN","content":{"table":"FRAME167354","column":"Year_2008","alias":"Year_2008","tableAlias":null}}]}}},{"type":"basic","task":{"taskType":"basic","id":"task15","numCollected":500,"internalOffset":0,"taskOptions":"{\"options\":{\"0\":{\"layout\":\"Grid\",\"alignment\":{\"label\":[\"A2010\",\"A2011\",\"A2012\",\"A2013\",\"A2014\",\"A2015\",\"A2016\",\"A2017\",\"A2018\",\"STATE_1\",\"STATEABBREVIATION\",\"Year_2005\",\"Year_2006\",\"Year_2007\",\"Year_2008\",\"Year_2009\"]}}}}","qs":{"qsType":"FRAME","isDistinct":true,"overrideImplicit":false,"limit":500,"offset":0,"relations":"[]","selectors":[{"type":"COLUMN","content":{"table":"FRAME167354","column":"A2010","alias":"A2010","tableAlias":null}},{"type":"COLUMN","content":{"table":"FRAME167354","column":"A2011","alias":"A2011","tableAlias":null}},{"type":"COLUMN","content":{"table":"FRAME167354","column":"A2012","alias":"A2012","tableAlias":null}},{"type":"COLUMN","content":{"table":"FRAME167354","column":"A2013","alias":"A2013","tableAlias":null}},{"type":"COLUMN","content":{"table":"FRAME167354","column":"A2014","alias":"A2014","tableAlias":null}},{"type":"COLUMN","content":{"table":"FRAME167354","column":"A2015","alias":"A2015","tableAlias":null}},{"type":"COLUMN","content":{"table":"FRAME167354","column":"A2016","alias":"A2016","tableAlias":null}},{"type":"COLUMN","content":{"table":"FRAME167354","column":"A2017","alias":"A2017","tableAlias":null}},{"type":"COLUMN","content":{"table":"FRAME167354","column":"A2018","alias":"A2018","tableAlias":null}},{"type":"COLUMN","content":{"table":"FRAME167354","column":"STATE_1","alias":"STATE_1","tableAlias":null}},{"type":"COLUMN","content":{"table":"FRAME167354","column":"STATEABBREVIATION","alias":"STATEABBREVIATION","tableAlias":null}},{"type":"COLUMN","content":{"table":"FRAME167354","column":"Year_2005","alias":"Year_2005","tableAlias":null}},{"type":"COLUMN","content":{"table":"FRAME167354","column":"Year_2006","alias":"Year_2006","tableAlias":null}},{"type":"COLUMN","content":{"table":"FRAME167354","column":"Year_2007","alias":"Year_2007","tableAlias":null}},{"type":"COLUMN","content":{"table":"FRAME167354","column":"Year_2008","alias":"Year_2008","tableAlias":null}},{"type":"COLUMN","content":{"table":"FRAME167354","column":"Year_2009","alias":"Year_2009","tableAlias":null}}]}}},{"type":"basic","task":{"taskType":"basic","id":"task17","numCollected":500,"internalOffset":0,"taskOptions":"{\"options\":{\"0\":{\"layout\":\"Grid\",\"alignment\":{\"label\":[\"A2011\",\"A2012\",\"A2013\",\"A2014\",\"A2015\",\"A2016\",\"A2017\",\"A2018\",\"STATE_1\",\"STATEABBREVIATION\",\"Year_2005\",\"Year_2006\",\"Year_2007\",\"Year_2008\",\"Year_2009\",\"Year_2010\"]}}}}","qs":{"qsType":"FRAME","isDistinct":true,"overrideImplicit":false,"limit":500,"offset":0,"relations":"[]","selectors":[{"type":"COLUMN","content":{"table":"FRAME167354","column":"A2011","alias":"A2011","tableAlias":null}},{"type":"COLUMN","content":{"table":"FRAME167354","column":"A2012","alias":"A2012","tableAlias":null}},{"type":"COLUMN","content":{"table":"FRAME167354","column":"A2013","alias":"A2013","tableAlias":null}},{"type":"COLUMN","content":{"table":"FRAME167354","column":"A2014","alias":"A2014","tableAlias":null}},{"type":"COLUMN","content":{"table":"FRAME167354","column":"A2015","alias":"A2015","tableAlias":null}},{"type":"COLUMN","content":{"table":"FRAME167354","column":"A2016","alias":"A2016","tableAlias":null}},{"type":"COLUMN","content":{"table":"FRAME167354","column":"A2017","alias":"A2017","tableAlias":null}},{"type":"COLUMN","content":{"table":"FRAME167354","column":"A2018","alias":"A2018","tableAlias":null}},{"type":"COLUMN","content":{"table":"FRAME167354","column":"STATE_1","alias":"STATE_1","tableAlias":null}},{"type":"COLUMN","content":{"table":"FRAME167354","column":"STATEABBREVIATION","alias":"STATEABBREVIATION","tableAlias":null}},{"type":"COLUMN","content":{"table":"FRAME167354","column":"Year_2005","alias":"Year_2005","tableAlias":null}},{"type":"COLUMN","content":{"table":"FRAME167354","column":"Year_2006","alias":"Year_2006","tableAlias":null}},{"type":"COLUMN","content":{"table":"FRAME167354","column":"Year_2007","alias":"Year_2007","tableAlias":null}},{"type":"COLUMN","content":{"table":"FRAME167354","column":"Year_2008","alias":"Year_2008","tableAlias":null}},{"type":"COLUMN","content":{"table":"FRAME167354","column":"Year_2009","alias":"Year_2009","tableAlias":null}},{"type":"COLUMN","content":{"table":"FRAME167354","column":"Year_2010","alias":"Year_2010","tableAlias":null}}]}}},{"type":"basic","task":{"taskType":"basic","id":"task19","numCollected":500,"internalOffset":0,"taskOptions":"{\"options\":{\"0\":{\"layout\":\"Grid\",\"alignment\":{\"label\":[\"A2012\",\"A2013\",\"A2014\",\"A2015\",\"A2016\",\"A2017\",\"A2018\",\"STATE_1\",\"STATEABBREVIATION\",\"Year_2005\",\"Year_2006\",\"Year_2007\",\"Year_2008\",\"Year_2009\",\"Year_2010\",\"Year_2011\"]}}}}","qs":{"qsType":"FRAME","isDistinct":true,"overrideImplicit":false,"limit":500,"offset":0,"relations":"[]","selectors":[{"type":"COLUMN","content":{"table":"FRAME167354","column":"A2012","alias":"A2012","tableAlias":null}},{"type":"COLUMN","content":{"table":"FRAME167354","column":"A2013","alias":"A2013","tableAlias":null}},{"type":"COLUMN","content":{"table":"FRAME167354","column":"A2014","alias":"A2014","tableAlias":null}},{"type":"COLUMN","content":{"table":"FRAME167354","column":"A2015","alias":"A2015","tableAlias":null}},{"type":"COLUMN","content":{"table":"FRAME167354","column":"A2016","alias":"A2016","tableAlias":null}},{"type":"COLUMN","content":{"table":"FRAME167354","column":"A2017","alias":"A2017","tableAlias":null}},{"type":"COLUMN","content":{"table":"FRAME167354","column":"A2018","alias":"A2018","tableAlias":null}},{"type":"COLUMN","content":{"table":"FRAME167354","column":"STATE_1","alias":"STATE_1","tableAlias":null}},{"type":"COLUMN","content":{"table":"FRAME167354","column":"STATEABBREVIATION","alias":"STATEABBREVIATION","tableAlias":null}},{"type":"COLUMN","content":{"table":"FRAME167354","column":"Year_2005","alias":"Year_2005","tableAlias":null}},{"type":"COLUMN","content":{"table":"FRAME167354","column":"Year_2006","alias":"Year_2006","tableAlias":null}},{"type":"COLUMN","content":{"table":"FRAME167354","column":"Year_2007","alias":"Year_2007","tableAlias":null}},{"type":"COLUMN","content":{"table":"FRAME167354","column":"Year_2008","alias":"Year_2008","tableAlias":null}},{"type":"COLUMN","content":{"table":"FRAME167354","column":"Year_2009","alias":"Year_2009","tableAlias":null}},{"type":"COLUMN","content":{"table":"FRAME167354","column":"Year_2010","alias":"Year_2010","tableAlias":null}},{"type":"COLUMN","content":{"table":"FRAME167354","column":"Year_2011","alias":"Year_2011","tableAlias":null}}]}}},{"type":"basic","task":{"taskType":"basic","id":"task21","numCollected":500,"internalOffset":0,"taskOptions":"{\"options\":{\"0\":{\"layout\":\"Grid\",\"alignment\":{\"label\":[\"A2013\",\"A2014\",\"A2015\",\"A2016\",\"A2017\",\"A2018\",\"STATE_1\",\"STATEABBREVIATION\",\"Year_2005\",\"Year_2006\",\"Year_2007\",\"Year_2008\",\"Year_2009\",\"Year_2010\",\"Year_2011\",\"Year_2012\"]}}}}","qs":{"qsType":"FRAME","isDistinct":true,"overrideImplicit":false,"limit":500,"offset":0,"relations":"[]","selectors":[{"type":"COLUMN","content":{"table":"FRAME167354","column":"A2013","alias":"A2013","tableAlias":null}},{"type":"COLUMN","content":{"table":"FRAME167354","column":"A2014","alias":"A2014","tableAlias":null}},{"type":"COLUMN","content":{"table":"FRAME167354","column":"A2015","alias":"A2015","tableAlias":null}},{"type":"COLUMN","content":{"table":"FRAME167354","column":"A2016","alias":"A2016","tableAlias":null}},{"type":"COLUMN","content":{"table":"FRAME167354","column":"A2017","alias":"A2017","tableAlias":null}},{"type":"COLUMN","content":{"table":"FRAME167354","column":"A2018","alias":"A2018","tableAlias":null}},{"type":"COLUMN","content":{"table":"FRAME167354","column":"STATE_1","alias":"STATE_1","tableAlias":null}},{"type":"COLUMN","content":{"table":"FRAME167354","column":"STATEABBREVIATION","alias":"STATEABBREVIATION","tableAlias":null}},{"type":"COLUMN","content":{"table":"FRAME167354","column":"Year_2005","alias":"Year_2005","tableAlias":null}},{"type":"COLUMN","content":{"table":"FRAME167354","column":"Year_2006","alias":"Year_2006","tableAlias":null}},{"type":"COLUMN","content":{"table":"FRAME167354","column":"Year_2007","alias":"Year_2007","tableAlias":null}},{"type":"COLUMN","content":{"table":"FRAME167354","column":"Year_2008","alias":"Year_2008","tableAlias":null}},{"type":"COLUMN","content":{"table":"FRAME167354","column":"Year_2009","alias":"Year_2009","tableAlias":null}},{"type":"COLUMN","content":{"table":"FRAME167354","column":"Year_2010","alias":"Year_2010","tableAlias":null}},{"type":"COLUMN","content":{"table":"FRAME167354","column":"Year_2011","alias":"Year_2011","tableAlias":null}},{"type":"COLUMN","content":{"table":"FRAME167354","column":"Year_2012","alias":"Year_2012","tableAlias":null}}]}}},{"type":"basic","task":{"taskType":"basic","id":"task23","numCollected":500,"internalOffset":0,"taskOptions":"{\"options\":{\"0\":{\"layout\":\"Grid\",\"alignment\":{\"label\":[\"A2014\",\"A2015\",\"A2016\",\"A2017\",\"A2018\",\"STATE_1\",\"STATEABBREVIATION\",\"Year_2005\",\"Year_2006\",\"Year_2007\",\"Year_2008\",\"Year_2009\",\"Year_2010\",\"Year_2011\",\"Year_2012\",\"Year_2013\"]}}}}","qs":{"qsType":"FRAME","isDistinct":true,"overrideImplicit":false,"limit":500,"offset":0,"relations":"[]","selectors":[{"type":"COLUMN","content":{"table":"FRAME167354","column":"A2014","alias":"A2014","tableAlias":null}},{"type":"COLUMN","content":{"table":"FRAME167354","column":"A2015","alias":"A2015","tableAlias":null}},{"type":"COLUMN","content":{"table":"FRAME167354","column":"A2016","alias":"A2016","tableAlias":null}},{"type":"COLUMN","content":{"table":"FRAME167354","column":"A2017","alias":"A2017","tableAlias":null}},{"type":"COLUMN","content":{"table":"FRAME167354","column":"A2018","alias":"A2018","tableAlias":null}},{"type":"COLUMN","content":{"table":"FRAME167354","column":"STATE_1","alias":"STATE_1","tableAlias":null}},{"type":"COLUMN","content":{"table":"FRAME167354","column":"STATEABBREVIATION","alias":"STATEABBREVIATION","tableAlias":null}},{"type":"COLUMN","content":{"table":"FRAME167354","column":"Year_2005","alias":"Year_2005","tableAlias":null}},{"type":"COLUMN","content":{"table":"FRAME167354","column":"Year_2006","alias":"Year_2006","tableAlias":null}},{"type":"COLUMN","content":{"table":"FRAME167354","column":"Year_2007","alias":"Year_2007","tableAlias":null}},{"type":"COLUMN","content":{"table":"FRAME167354","column":"Year_2008","alias":"Year_2008","tableAlias":null}},{"type":"COLUMN","content":{"table":"FRAME167354","column":"Year_2009","alias":"Year_2009","tableAlias":null}},{"type":"COLUMN","content":{"table":"FRAME167354","column":"Year_2010","alias":"Year_2010","tableAlias":null}},{"type":"COLUMN","content":{"table":"FRAME167354","column":"Year_2011","alias":"Year_2011","tableAlias":null}},{"type":"COLUMN","content":{"table":"FRAME167354","column":"Year_2012","alias":"Year_2012","tableAlias":null}},{"type":"COLUMN","content":{"table":"FRAME167354","column":"Year_2013","alias":"Year_2013","tableAlias":null}}]}}},{"type":"basic","task":{"taskType":"basic","id":"task25","numCollected":500,"internalOffset":0,"taskOptions":"{\"options\":{\"0\":{\"layout\":\"Grid\",\"alignment\":{\"label\":[\"A2015\",\"A2016\",\"A2017\",\"A2018\",\"STATE_1\",\"STATEABBREVIATION\",\"Year_2005\",\"Year_2006\",\"Year_2007\",\"Year_2008\",\"Year_2009\",\"Year_2010\",\"Year_2011\",\"Year_2012\",\"Year_2013\",\"Year_2014\"]}}}}","qs":{"qsType":"FRAME","isDistinct":true,"overrideImplicit":false,"limit":500,"offset":0,"relations":"[]","selectors":[{"type":"COLUMN","content":{"table":"FRAME167354","column":"A2015","alias":"A2015","tableAlias":null}},{"type":"COLUMN","content":{"table":"FRAME167354","column":"A2016","alias":"A2016","tableAlias":null}},{"type":"COLUMN","content":{"table":"FRAME167354","column":"A2017","alias":"A2017","tableAlias":null}},{"type":"COLUMN","content":{"table":"FRAME167354","column":"A2018","alias":"A2018","tableAlias":null}},{"type":"COLUMN","content":{"table":"FRAME167354","column":"STATE_1","alias":"STATE_1","tableAlias":null}},{"type":"COLUMN","content":{"table":"FRAME167354","column":"STATEABBREVIATION","alias":"STATEABBREVIATION","tableAlias":null}},{"type":"COLUMN","content":{"table":"FRAME167354","column":"Year_2005","alias":"Year_2005","tableAlias":null}},{"type":"COLUMN","content":{"table":"FRAME167354","column":"Year_2006","alias":"Year_2006","tableAlias":null}},{"type":"COLUMN","content":{"table":"FRAME167354","column":"Year_2007","alias":"Year_2007","tableAlias":null}},{"type":"COLUMN","content":{"table":"FRAME167354","column":"Year_2008","alias":"Year_2008","tableAlias":null}},{"type":"COLUMN","content":{"table":"FRAME167354","column":"Year_2009","alias":"Year_2009","tableAlias":null}},{"type":"COLUMN","content":{"table":"FRAME167354","column":"Year_2010","alias":"Year_2010","tableAlias":null}},{"type":"COLUMN","content":{"table":"FRAME167354","column":"Year_2011","alias":"Year_2011","tableAlias":null}},{"type":"COLUMN","content":{"table":"FRAME167354","column":"Year_2012","alias":"Year_2012","tableAlias":null}},{"type":"COLUMN","content":{"table":"FRAME167354","column":"Year_2013","alias":"Year_2013","tableAlias":null}},{"type":"COLUMN","content":{"table":"FRAME167354","column":"Year_2014","alias":"Year_2014","tableAlias":null}}]}}},{"type":"basic","task":{"taskType":"basic","id":"task27","numCollected":500,"internalOffset":0,"taskOptions":"{\"options\":{\"0\":{\"layout\":\"Grid\",\"alignment\":{\"label\":[\"A2016\",\"A2017\",\"A2018\",\"STATE_1\",\"STATEABBREVIATION\",\"Year_2005\",\"Year_2006\",\"Year_2007\",\"Year_2008\",\"Year_2009\",\"Year_2010\",\"Year_2011\",\"Year_2012\",\"Year_2013\",\"Year_2014\",\"Year_2015\"]}}}}","qs":{"qsType":"FRAME","isDistinct":true,"overrideImplicit":false,"limit":500,"offset":0,"relations":"[]","selectors":[{"type":"COLUMN","content":{"table":"FRAME167354","column":"A2016","alias":"A2016","tableAlias":null}},{"type":"COLUMN","content":{"table":"FRAME167354","column":"A2017","alias":"A2017","tableAlias":null}},{"type":"COLUMN","content":{"table":"FRAME167354","column":"A2018","alias":"A2018","tableAlias":null}},{"type":"COLUMN","content":{"table":"FRAME167354","column":"STATE_1","alias":"STATE_1","tableAlias":null}},{"type":"COLUMN","content":{"table":"FRAME167354","column":"STATEABBREVIATION","alias":"STATEABBREVIATION","tableAlias":null}},{"type":"COLUMN","content":{"table":"FRAME167354","column":"Year_2005","alias":"Year_2005","tableAlias":null}},{"type":"COLUMN","content":{"table":"FRAME167354","column":"Year_2006","alias":"Year_2006","tableAlias":null}},{"type":"COLUMN","content":{"table":"FRAME167354","column":"Year_2007","alias":"Year_2007","tableAlias":null}},{"type":"COLUMN","content":{"table":"FRAME167354","column":"Year_2008","alias":"Year_2008","tableAlias":null}},{"type":"COLUMN","content":{"table":"FRAME167354","column":"Year_2009","alias":"Year_2009","tableAlias":null}},{"type":"COLUMN","content":{"table":"FRAME167354","column":"Year_2010","alias":"Year_2010","tableAlias":null}},{"type":"COLUMN","content":{"table":"FRAME167354","column":"Year_2011","alias":"Year_2011","tableAlias":null}},{"type":"COLUMN","content":{"table":"FRAME167354","column":"Year_2012","alias":"Year_2012","tableAlias":null}},{"type":"COLUMN","content":{"table":"FRAME167354","column":"Year_2013","alias":"Year_2013","tableAlias":null}},{"type":"COLUMN","content":{"table":"FRAME167354","column":"Year_2014","alias":"Year_2014","tableAlias":null}},{"type":"COLUMN","content":{"table":"FRAME167354","column":"Year_2015","alias":"Year_2015","tableAlias":null}}]}}},{"type":"basic","task":{"taskType":"basic","id":"task29","numCollected":500,"internalOffset":0,"taskOptions":"{\"options\":{\"0\":{\"layout\":\"Grid\",\"alignment\":{\"label\":[\"A2017\",\"A2018\",\"STATE_1\",\"STATEABBREVIATION\",\"Year_2005\",\"Year_2006\",\"Year_2007\",\"Year_2008\",\"Year_2009\",\"Year_2010\",\"Year_2011\",\"Year_2012\",\"Year_2013\",\"Year_2014\",\"Year_2015\",\"Year_2016\"]}}}}","qs":{"qsType":"FRAME","isDistinct":true,"overrideImplicit":false,"limit":500,"offset":0,"relations":"[]","selectors":[{"type":"COLUMN","content":{"table":"FRAME167354","column":"A2017","alias":"A2017","tableAlias":null}},{"type":"COLUMN","content":{"table":"FRAME167354","column":"A2018","alias":"A2018","tableAlias":null}},{"type":"COLUMN","content":{"table":"FRAME167354","column":"STATE_1","alias":"STATE_1","tableAlias":null}},{"type":"COLUMN","content":{"table":"FRAME167354","column":"STATEABBREVIATION","alias":"STATEABBREVIATION","tableAlias":null}},{"type":"COLUMN","content":{"table":"FRAME167354","column":"Year_2005","alias":"Year_2005","tableAlias":null}},{"type":"COLUMN","content":{"table":"FRAME167354","column":"Year_2006","alias":"Year_2006","tableAlias":null}},{"type":"COLUMN","content":{"table":"FRAME167354","column":"Year_2007","alias":"Year_2007","tableAlias":null}},{"type":"COLUMN","content":{"table":"FRAME167354","column":"Year_2008","alias":"Year_2008","tableAlias":null}},{"type":"COLUMN","content":{"table":"FRAME167354","column":"Year_2009","alias":"Year_2009","tableAlias":null}},{"type":"COLUMN","content":{"table":"FRAME167354","column":"Year_2010","alias":"Year_2010","tableAlias":null}},{"type":"COLUMN","content":{"table":"FRAME167354","column":"Year_2011","alias":"Year_2011","tableAlias":null}},{"type":"COLUMN","content":{"table":"FRAME167354","column":"Year_2012","alias":"Year_2012","tableAlias":null}},{"type":"COLUMN","content":{"table":"FRAME167354","column":"Year_2013","alias":"Year_2013","tableAlias":null}},{"type":"COLUMN","content":{"table":"FRAME167354","column":"Year_2014","alias":"Year_2014","tableAlias":null}},{"type":"COLUMN","content":{"table":"FRAME167354","column":"Year_2015","alias":"Year_2015","tableAlias":null}},{"type":"COLUMN","content":{"table":"FRAME167354","column":"Year_2016","alias":"Year_2016","tableAlias":null}}]}}},{"type":"basic","task":{"taskType":"basic","id":"task31","numCollected":500,"internalOffset":0,"taskOptions":"{\"options\":{\"0\":{\"layout\":\"Grid\",\"alignment\":{\"label\":[\"A2018\",\"STATE_1\",\"STATEABBREVIATION\",\"Year_2005\",\"Year_2006\",\"Year_2007\",\"Year_2008\",\"Year_2009\",\"Year_2010\",\"Year_2011\",\"Year_2012\",\"Year_2013\",\"Year_2014\",\"Year_2015\",\"Year_2016\",\"Year_2017\"]}}}}","qs":{"qsType":"FRAME","isDistinct":true,"overrideImplicit":false,"limit":500,"offset":0,"relations":"[]","selectors":[{"type":"COLUMN","content":{"table":"FRAME167354","column":"A2018","alias":"A2018","tableAlias":null}},{"type":"COLUMN","content":{"table":"FRAME167354","column":"STATE_1","alias":"STATE_1","tableAlias":null}},{"type":"COLUMN","content":{"table":"FRAME167354","column":"STATEABBREVIATION","alias":"STATEABBREVIATION","tableAlias":null}},{"type":"COLUMN","content":{"table":"FRAME167354","column":"Year_2005","alias":"Year_2005","tableAlias":null}},{"type":"COLUMN","content":{"table":"FRAME167354","column":"Year_2006","alias":"Year_2006","tableAlias":null}},{"type":"COLUMN","content":{"table":"FRAME167354","column":"Year_2007","alias":"Year_2007","tableAlias":null}},{"type":"COLUMN","content":{"table":"FRAME167354","column":"Year_2008","alias":"Year_2008","tableAlias":null}},{"type":"COLUMN","content":{"table":"FRAME167354","column":"Year_2009","alias":"Year_2009","tableAlias":null}},{"type":"COLUMN","content":{"table":"FRAME167354","column":"Year_2010","alias":"Year_2010","tableAlias":null}},{"type":"COLUMN","content":{"table":"FRAME167354","column":"Year_2011","alias":"Year_2011","tableAlias":null}},{"type":"COLUMN","content":{"table":"FRAME167354","column":"Year_2012","alias":"Year_2012","tableAlias":null}},{"type":"COLUMN","content":{"table":"FRAME167354","column":"Year_2013","alias":"Year_2013","tableAlias":null}},{"type":"COLUMN","content":{"table":"FRAME167354","column":"Year_2014","alias":"Year_2014","tableAlias":null}},{"type":"COLUMN","content":{"table":"FRAME167354","column":"Year_2015","alias":"Year_2015","tableAlias":null}},{"type":"COLUMN","content":{"table":"FRAME167354","column":"Year_2016","alias":"Year_2016","tableAlias":null}},{"type":"COLUMN","content":{"table":"FRAME167354","column":"Year_2017","alias":"Year_2017","tableAlias":null}}]}}},{"type":"basic","task":{"taskType":"basic","id":"task33","numCollected":500,"internalOffset":0,"taskOptions":"{\"options\":{\"0\":{\"layout\":\"Grid\",\"alignment\":{\"label\":[\"STATE_1\",\"STATEABBREVIATION\",\"Year_2005\",\"Year_2006\",\"Year_2007\",\"Year_2008\",\"Year_2009\",\"Year_2010\",\"Year_2011\",\"Year_2012\",\"Year_2013\",\"Year_2014\",\"Year_2015\",\"Year_2016\",\"Year_2017\",\"Year_2018\"]}}}}","qs":{"qsType":"FRAME","isDistinct":true,"overrideImplicit":false,"limit":500,"offset":0,"relations":"[]","selectors":[{"type":"COLUMN","content":{"table":"FRAME167354","column":"STATE_1","alias":"STATE_1","tableAlias":null}},{"type":"COLUMN","content":{"table":"FRAME167354","column":"STATEABBREVIATION","alias":"STATEABBREVIATION","tableAlias":null}},{"type":"COLUMN","content":{"table":"FRAME167354","column":"Year_2005","alias":"Year_2005","tableAlias":null}},{"type":"COLUMN","content":{"table":"FRAME167354","column":"Year_2006","alias":"Year_2006","tableAlias":null}},{"type":"COLUMN","content":{"table":"FRAME167354","column":"Year_2007","alias":"Year_2007","tableAlias":null}},{"type":"COLUMN","content":{"table":"FRAME167354","column":"Year_2008","alias":"Year_2008","tableAlias":null}},{"type":"COLUMN","content":{"table":"FRAME167354","column":"Year_2009","alias":"Year_2009","tableAlias":null}},{"type":"COLUMN","content":{"table":"FRAME167354","column":"Year_2010","alias":"Year_2010","tableAlias":null}},{"type":"COLUMN","content":{"table":"FRAME167354","column":"Year_2011","alias":"Year_2011","tableAlias":null}},{"type":"COLUMN","content":{"table":"FRAME167354","column":"Year_2012","alias":"Year_2012","tableAlias":null}},{"type":"COLUMN","content":{"table":"FRAME167354","column":"Year_2013","alias":"Year_2013","tableAlias":null}},{"type":"COLUMN","content":{"table":"FRAME167354","column":"Year_2014","alias":"Year_2014","tableAlias":null}},{"type":"COLUMN","content":{"table":"FRAME167354","column":"Year_2015","alias":"Year_2015","tableAlias":null}},{"type":"COLUMN","content":{"table":"FRAME167354","column":"Year_2016","alias":"Year_2016","tableAlias":null}},{"type":"COLUMN","content":{"table":"FRAME167354","column":"Year_2017","alias":"Year_2017","tableAlias":null}},{"type":"COLUMN","content":{"table":"FRAME167354","column":"Year_2018","alias":"Year_2018","tableAlias":null}}]}}},{"type":"basic","task":{"taskType":"basic","id":"task35","numCollected":500,"internalOffset":0,"taskOptions":"{\"options\":{\"0\":{\"layout\":\"Line\",\"alignment\":{\"tooltip\":[],\"label\":[\"STATEABBREVIATION\"],\"value\":[\"Year_2010\",\"Year_2011\",\"Year_2012\",\"Year_2013\",\"Year_2014\",\"Year_2015\",\"Year_2016\",\"Year_2017\",\"Year_2018\"],\"facet\":[]}}}}","qs":{"qsType":"FRAME","isDistinct":true,"overrideImplicit":false,"limit":500,"offset":0,"relations":"[]","selectors":[{"type":"COLUMN","content":{"table":"STATEABBREVIATION","column":"PRIM_KEY_PLACEHOLDER","alias":"STATEABBREVIATION","tableAlias":null}},{"type":"COLUMN","content":{"table":"Year_2010","column":"PRIM_KEY_PLACEHOLDER","alias":"Year_2010","tableAlias":null}},{"type":"COLUMN","content":{"table":"Year_2011","column":"PRIM_KEY_PLACEHOLDER","alias":"Year_2011","tableAlias":null}},{"type":"COLUMN","content":{"table":"Year_2012","column":"PRIM_KEY_PLACEHOLDER","alias":"Year_2012","tableAlias":null}},{"type":"COLUMN","content":{"table":"Year_2013","column":"PRIM_KEY_PLACEHOLDER","alias":"Year_2013","tableAlias":null}},{"type":"COLUMN","content":{"table":"Year_2014","column":"PRIM_KEY_PLACEHOLDER","alias":"Year_2014","tableAlias":null}},{"type":"COLUMN","content":{"table":"Year_2015","column":"PRIM_KEY_PLACEHOLDER","alias":"Year_2015","tableAlias":null}},{"type":"COLUMN","content":{"table":"Year_2016","column":"PRIM_KEY_PLACEHOLDER","alias":"Year_2016","tableAlias":null}},{"type":"COLUMN","content":{"table":"Year_2017","column":"PRIM_KEY_PLACEHOLDER","alias":"Year_2017","tableAlias":null}},{"type":"COLUMN","content":{"table":"Year_2018","column":"PRIM_KEY_PLACEHOLDER","alias":"Year_2018","tableAlias":null}}]}}}],"taskCounter":36},"recipe":["AddPanel ( 0 ) ;","Panel ( 0 ) | AddPanelEvents ( { \"onSingleClick\" : { \"Unfilter\" : [ { \"panel\" : \"\" , \"query\" : \"UnfilterFrame(%3CSelectedColumn%3E)%3B\" , \"options\" : { } , \"refresh\" : false , \"default\" : true , \"disabledVisuals\" : [ \"Grid\" , \"Sunburst\" ] , \"disabled\" : false } ] } , \"onBrush\" : { \"Filter\" : [ { \"panel\" : \"\" , \"query\" : \"if(IsEmpty(%3CSelectedValues%3E)%2C%20UnfilterFrame(%3CSelectedColumn%3E)%2C%20SetFrameFilter(%3CSelectedColumn%3E%3D%3D%3CSelectedValues%3E))%3B\" , \"options\" : { } , \"refresh\" : false , \"default\" : true , \"disabled\" : false } ] } } ) ;","Panel ( 0 ) | RetrievePanelEvents ( ) ;","Panel ( 0 ) | SetPanelView ( \"visualization\" , \"%7B%22type%22%3A%22echarts%22%7D\" ) ;","Panel ( 0 ) | SetPanelView ( \"federate-view\" , \"%7B%22app_id%22%3A%22fd5c8fbb-8f7b-4b71-901c-3e45c166bdab%22%7D\" ) ;","AddPanel ( 0 ) ;","Panel ( 0 ) | AddPanelEvents ( { \"onSingleClick\" : { \"Unfilter\" : [ { \"panel\" : \"\" , \"query\" : \"UnfilterFrame(%3CSelectedColumn%3E)%3B\" , \"options\" : { } , \"refresh\" : false , \"default\" : true , \"disabledVisuals\" : [ \"Grid\" , \"Sunburst\" ] , \"disabled\" : false } ] } , \"onBrush\" : { \"Filter\" : [ { \"panel\" : \"\" , \"query\" : \"if(IsEmpty(%3CSelectedValues%3E)%2C%20UnfilterFrame(%3CSelectedColumn%3E)%2C%20SetFrameFilter(%3CSelectedColumn%3E%3D%3D%3CSelectedValues%3E))%3B\" , \"options\" : { } , \"refresh\" : false , \"default\" : true , \"disabled\" : false } ] } } ) ;","Panel ( 0 ) | RetrievePanelEvents ( ) ;","Panel ( 0 ) | SetPanelView ( \"visualization\" , \"%7B%22type%22%3A%22echarts%22%7D\" ) ;","Panel ( 0 ) | SetPanelView ( \"federate-view\" , \"%7B%22app_id%22%3A%22fd5c8fbb-8f7b-4b71-901c-3e45c166bdab%22%7D\" ) ;","CreateFrame ( frameType = [ R ] , override = [ true ] ) .as ( [ 'FRAME167354' ] ) ;","Database ( database = [ \"fd5c8fbb-8f7b-4b71-901c-3e45c166bdab\" ] ) | Select ( STATEDATAPIVOTED , STATEDATAPIVOTED__drugdeathrate , STATEDATAPIVOTED__STATE_1 , STATEDATAPIVOTED__STATEABBREVIATION , STATEDATAPIVOTED__YEAR ) .as ( [ STATEDATAPIVOTED , drugdeathrate , STATE_1 , STATEABBREVIATION , YEAR ] ) | Import ( frame = [ FRAME167354 ] ) ;","Panel ( 0 ) | SetPanelView ( \"visualization\" ) ;","Frame ( frame = [ FRAME167354 ] ) | QueryAll ( ) | AutoTaskOptions ( panel = [ \"0\" ] , layout = [ \"Grid\" ] ) | Collect ( 500 ) ;","Frame ( ) | Select ( drugdeathrate , STATEABBREVIATION , STATEDATAPIVOTED , STATE_1 , YEAR ) .as ( [ drugdeathrate , STATEABBREVIATION , STATEDATAPIVOTED , STATE_1 , YEAR ] ) | Format ( type = [ 'table' ] ) | TaskOptions ( { \"0\" : { \"layout\" : \"Grid\" , \"alignment\" : { \"label\" : [ \"drugdeathrate\" , \"STATEABBREVIATION\" , \"STATEDATAPIVOTED\" , \"STATE_1\" , \"YEAR\" ] } } } ) | Collect ( 500 ) ;","Pivot ( pivotCol = [ \"YEAR\" ] , valueCol = [ \"drugdeathrate\" ] , function = [ \"median\" ] , maintainCols = [ \"STATEABBREVIATION\" , \"STATE_1\" ] ) ;","Frame ( ) | QueryAll ( ) | AutoTaskOptions ( panel = [ \"0\" ] , layout = [ \"Grid\" ] ) | Collect ( 500 ) ;","RenameColumn ( column = [ A2005 ] , newCol = [ \"Year_2005\" ] ) ;","Frame ( ) | QueryAll ( ) | AutoTaskOptions ( panel = [ \"0\" ] , layout = [ \"Grid\" ] ) | Collect ( 500 ) ;","RenameColumn ( column = [ A2006 ] , newCol = [ \"Year_2006\" ] ) ;","Frame ( ) | QueryAll ( ) | AutoTaskOptions ( panel = [ \"0\" ] , layout = [ \"Grid\" ] ) | Collect ( 500 ) ;","RenameColumn ( column = [ A2007 ] , newCol = [ \"Year_2007\" ] ) ;","Frame ( ) | QueryAll ( ) | AutoTaskOptions ( panel = [ \"0\" ] , layout = [ \"Grid\" ] ) | Collect ( 500 ) ;","RenameColumn ( column = [ A2008 ] , newCol = [ \"Year_2008\" ] ) ;","Frame ( ) | QueryAll ( ) | AutoTaskOptions ( panel = [ \"0\" ] , layout = [ \"Grid\" ] ) | Collect ( 500 ) ;","RenameColumn ( column = [ A2009 ] , newCol = [ \"Year_2009\" ] ) ;","Frame ( ) | QueryAll ( ) | AutoTaskOptions ( panel = [ \"0\" ] , layout = [ \"Grid\" ] ) | Collect ( 500 ) ;","RenameColumn ( column = [ A2010 ] , newCol = [ \"Year_2010\" ] ) ;","Frame ( ) | QueryAll ( ) | AutoTaskOptions ( panel = [ \"0\" ] , layout = [ \"Grid\" ] ) | Collect ( 500 ) ;","RenameColumn ( column = [ A2011 ] , newCol = [ \"Year_2011\" ] ) ;","Frame ( ) | QueryAll ( ) | AutoTaskOptions ( panel = [ \"0\" ] , layout = [ \"Grid\" ] ) | Collect ( 500 ) ;","RenameColumn ( column = [ A2012 ] , newCol = [ \"Year_2012\" ] ) ;","Frame ( ) | QueryAll ( ) | AutoTaskOptions ( panel = [ \"0\" ] , layout = [ \"Grid\" ] ) | Collect ( 500 ) ;","RenameColumn ( column = [ A2013 ] , newCol = [ \"Year_2013\" ] ) ;","Frame ( ) | QueryAll ( ) | AutoTaskOptions ( panel = [ \"0\" ] , layout = [ \"Grid\" ] ) | Collect ( 500 ) ;","RenameColumn ( column = [ A2014 ] , newCol = [ \"Year_2014\" ] ) ;","Frame ( ) | QueryAll ( ) | AutoTaskOptions ( panel = [ \"0\" ] , layout = [ \"Grid\" ] ) | Collect ( 500 ) ;","RenameColumn ( column = [ A2015 ] , newCol = [ \"Year_2015\" ] ) ;","Frame ( ) | QueryAll ( ) | AutoTaskOptions ( panel = [ \"0\" ] , layout = [ \"Grid\" ] ) | Collect ( 500 ) ;","RenameColumn ( column = [ A2016 ] , newCol = [ \"Year_2016\" ] ) ;","Frame ( ) | QueryAll ( ) | AutoTaskOptions ( panel = [ \"0\" ] , layout = [ \"Grid\" ] ) | Collect ( 500 ) ;","RenameColumn ( column = [ A2017 ] , newCol = [ \"Year_2017\" ] ) ;","Frame ( ) | QueryAll ( ) | AutoTaskOptions ( panel = [ \"0\" ] , layout = [ \"Grid\" ] ) | Collect ( 500 ) ;","RenameColumn ( column = [ A2018 ] , newCol = [ \"Year_2018\" ] ) ;","Frame ( ) | QueryAll ( ) | AutoTaskOptions ( panel = [ \"0\" ] , layout = [ \"Grid\" ] ) | Collect ( 500 ) ;","Panel ( 0 ) | SetPanelView ( \"visualization\" , \"%7B%22type%22%3A%22echarts%22%7D\" ) ;","if ( ( HasDuplicates ( STATEABBREVIATION ) ) , ( Select ( STATEABBREVIATION , Average ( Year_2010 ) , Average ( Year_2011 ) , Average ( Year_2012 ) , Average ( Year_2013 ) , Average ( Year_2014 ) , Average ( Year_2015 ) , Average ( Year_2016 ) , Average ( Year_2017 ) , Average ( Year_2018 ) ) .as ( [ STATEABBREVIATION , AverageofYear_2010 , AverageofYear_2011 , AverageofYear_2012 , AverageofYear_2013 , AverageofYear_2014 , AverageofYear_2015 , AverageofYear_2016 , AverageofYear_2017 , AverageofYear_2018 ] ) | Group ( STATEABBREVIATION ) | With ( Panel ( 0 ) ) | Format ( type = [ 'table' ] ) | TaskOptions ( { \"0\" : { \"layout\" : \"Line\" , \"alignment\" : { \"label\" : [ \"STATEABBREVIATION\" ] , \"value\" : [ \"AverageofYear_2010\" , \"AverageofYear_2011\" , \"AverageofYear_2012\" , \"AverageofYear_2013\" , \"AverageofYear_2014\" , \"AverageofYear_2015\" , \"AverageofYear_2016\" , \"AverageofYear_2017\" , \"AverageofYear_2018\" ] , \"tooltip\" : [ ] , \"facet\" : [ ] } } } ) | Collect ( 500 ) ) , ( Select ( STATEABBREVIATION , Year_2010 , Year_2011 , Year_2012 , Year_2013 , Year_2014 , Year_2015 , Year_2016 , Year_2017 , Year_2018 ) .as ( [ STATEABBREVIATION , Year_2010 , Year_2011 , Year_2012 , Year_2013 , Year_2014 , Year_2015 , Year_2016 , Year_2017 , Year_2018 ] ) | With ( Panel ( 0 ) ) | Format ( type = [ 'table' ] ) | TaskOptions ( { \"0\" : { \"layout\" : \"Line\" , \"alignment\" : { \"label\" : [ \"STATEABBREVIATION\" ] , \"value\" : [ \"Year_2010\" , \"Year_2011\" , \"Year_2012\" , \"Year_2013\" , \"Year_2014\" , \"Year_2015\" , \"Year_2016\" , \"Year_2017\" , \"Year_2018\" ] , \"tooltip\" : [ ] , \"facet\" : [ ] } } } ) | Collect ( 500 ) ) ) ;","Panel ( 0 ) | AddPanelOrnaments ( { \"tools\" : { \"shared\" : { \"toggleLegend\" : true } } } ) ;","Panel ( 0 ) | RetrievePanelOrnaments ( \"tools.shared.toggleLegend\" ) ;","Panel ( 0 ) | AddPanelOrnaments ( { \"tools\" : { \"shared\" : { \"toggleAverage\" : true } } } ) ;","Panel ( 0 ) | RetrievePanelOrnaments ( \"tools.shared.toggleAverage\" ) ;","Panel ( 0 ) | SetPanelLabel ( \"Drug Death Rates per 100K Population\" ) ;"]}