{"insightID":"1434953b-abb6-414b-b495-9aff37549149","pixelReturn":[{"pixelExpression":"if ( ( HasDuplicates ( STATEABBREVIATION ) ) , ( Select ( STATEABBREVIATION , Average ( Year_2010 ) , Average ( Year_2011 ) , Average ( Year_2012 ) , Average ( Year_2013 ) , Average ( Year_2014 ) , Average ( Year_2015 ) , Average ( Year_2016 ) , Average ( Year_2017 ) , Average ( Year_2018 ) ) .as ( [ STATEABBREVIATION , AverageofYear_2010 , AverageofYear_2011 , AverageofYear_2012 , AverageofYear_2013 , AverageofYear_2014 , AverageofYear_2015 , AverageofYear_2016 , AverageofYear_2017 , AverageofYear_2018 ] ) | Group ( STATEABBREVIATION ) | With ( Panel ( 0 ) ) | Format ( type = [ 'table' ] ) | TaskOptions ( { \"0\" : { \"layout\" : \"Line\" , \"alignment\" : { \"label\" : [ \"STATEABBREVIATION\" ] , \"value\" : [ \"AverageofYear_2010\" , \"AverageofYear_2011\" , \"AverageofYear_2012\" , \"AverageofYear_2013\" , \"AverageofYear_2014\" , \"AverageofYear_2015\" , \"AverageofYear_2016\" , \"AverageofYear_2017\" , \"AverageofYear_2018\" ] , \"tooltip\" : [ ] , \"facet\" : [ ] } } } ) | Collect ( 500 ) ) , ( Select ( STATEABBREVIATION , Year_2010 , Year_2011 , Year_2012 , Year_2013 , Year_2014 , Year_2015 , Year_2016 , Year_2017 , Year_2018 ) .as ( [ STATEABBREVIATION , Year_2010 , Year_2011 , Year_2012 , Year_2013 , Year_2014 , Year_2015 , Year_2016 , Year_2017 , Year_2018 ] ) | With ( Panel ( 0 ) ) | Format ( type = [ 'table' ] ) | TaskOptions ( { \"0\" : { \"layout\" : \"Line\" , \"alignment\" : { \"label\" : [ \"STATEABBREVIATION\" ] , \"value\" : [ \"Year_2010\" , \"Year_2011\" , \"Year_2012\" , \"Year_2013\" , \"Year_2014\" , \"Year_2015\" , \"Year_2016\" , \"Year_2017\" , \"Year_2018\" ] , \"tooltip\" : [ ] , \"facet\" : [ ] } } } ) | Collect ( 500 ) ) ) ;","isMeta":false,"output":{"data":{"values":[["AK",11.7,14.8,17.6,14.3,16.8,16.5,17.3,null,null],["AL",11.4,11.5,11.7,12.4,14.9,15.1,15.5,null,null],["AR",12.0,12.1,12.6,10.8,12.0,13.2,13.4,null,null],["AZ",17.2,16.5,17.3,18.4,18.0,18.7,19.9,null,null],["CA",10.9,11.1,10.6,11.6,11.7,11.9,11.9,null,null],["CO",13.0,16.5,15.6,16.1,16.8,15.9,17.0,null,null],["CT",10.2,11.2,12.2,16.2,17.3,22.3,27.1,null,null],["DC",13.0,13.9,12.2,15.8,14.6,18.6,39.5,null,null],["DE",16.1,17.6,15.4,17.9,20.2,20.9,29.6,null,null],["FL",16.3,15.3,13.4,12.7,13.2,15.9,22.9,null,null],["GA",10.9,10.8,10.6,11.0,11.9,12.7,13.5,null,null],["HI",11.1,13.1,11.1,11.3,11.1,11.8,13.4,null,null],["IA",8.3,8.2,8.4,8.9,8.5,9.9,10.0,null,null],["ID",11.4,12.2,11.3,12.8,13.0,13.2,14.4,null,null],["IL",10.0,10.9,12.6,12.3,13.2,14.3,18.8,null,null],["IN",14.3,15.0,15.5,16.2,17.8,18.8,23.0,null,null],["KS",9.4,9.8,11.0,11.4,11.4,11.3,10.8,null,null],["KY",23.2,24.2,24.6,23.2,24.4,28.8,32.0,null,null],["LA",13.0,13.1,12.3,17.5,16.7,18.4,21.3,null,null],["MA",11.3,13.0,12.9,16.2,19.1,25.4,32.7,null,null],["MD",11.3,12.1,14.1,15.0,17.9,21.4,34.0,null,null],["ME",10.2,11.7,11.3,13.1,16.2,20.2,26.5,null,null],["MI",14.1,14.0,13.2,15.7,17.8,20.0,23.6,null,null],["MN",7.5,9.6,9.0,9.6,9.5,10.6,12.2,null,null],["MO",16.7,16.0,15.6,17.0,17.6,17.5,22.5,null,null],["MS",11.3,10.1,10.4,10.6,11.2,11.7,11.8,null,null],["MT",11.9,14.1,11.7,13.5,12.2,13.4,11.4,null,null],["NC",11.5,13.1,13.3,12.8,13.7,15.6,19.3,null,null],["ND",3.4,null,3.0,2.8,5.8,8.1,10.2,null,null],["NE",6.4,7.0,7.9,6.3,6.6,6.6,6.3,null,null],["NH",12.2,15.9,13.1,15.3,25.2,31.7,36.0,null,null],["NJ",9.9,11.5,13.8,14.5,14.0,16.2,23.0,null,null],["NM",23.2,25.4,23.6,22.0,26.2,24.0,24.0,null,null],["NV",21.4,23.5,21.8,22.0,19.2,21.4,22.6,null,null],["NY",8.0,10.0,10.8,11.7,11.6,13.9,18.4,null,null],["OH",15.9,17.5,18.4,20.3,23.7,28.5,37.3,null,null],["OK",19.1,18.5,20.2,20.5,20.0,18.5,20.7,null,null],["OR",13.1,13.7,12.6,11.6,13.1,12.5,12.4,null,null],["PA",15.1,18.0,18.5,19.0,21.4,25.5,36.2,null,null],["PR",null,null,null,null,null,null,null,null,null],["RI",15.9,18.1,18.7,22.9,23.4,29.3,30.9,null,null],["SC",14.7,13.2,12.4,13.0,14.5,15.5,17.7,null,null],["SD",5.5,6.9,5.0,6.5,7.4,7.6,8.0,null,null],["TN",17.0,17.0,17.5,18.3,19.4,22.1,24.5,null,null],["TX",9.5,10.1,9.4,9.2,9.6,9.4,10.2,null,null],["UT",15.7,17.9,21.0,20.5,20.5,21.6,20.8,null,null],["VA",7.0,9.9,9.0,10.3,11.8,12.4,16.7,null,null],["VT",10.1,13.2,11.2,14.8,13.2,15.8,20.0,null,null],["WA",13.6,14.6,14.3,13.9,13.9,15.3,15.1,null,null],["WI",11.1,12.2,12.1,14.9,14.8,15.2,18.6,null,null],["WV",27.6,34.2,30.1,30.7,33.9,39.3,48.3,null,null],["WY",15.1,15.0,17.0,16.8,18.7,16.4,16.9,null,null]],"headers":["STATEABBREVIATION","Year_2010","Year_2011","Year_2012","Year_2013","Year_2014","Year_2015","Year_2016","Year_2017","Year_2018"],"rawHeaders":["STATEABBREVIATION","Year_2010","Year_2011","Year_2012","Year_2013","Year_2014","Year_2015","Year_2016","Year_2017","Year_2018"]},"format":{"type":"TABLE"},"headerInfo":[{"alias":"STATEABBREVIATION","header":"STATEABBREVIATION","type":"STRING","derived":false},{"alias":"Year_2010","header":"Year_2010","type":"NUMBER","derived":false},{"alias":"Year_2011","header":"Year_2011","type":"NUMBER","derived":false},{"alias":"Year_2012","header":"Year_2012","type":"NUMBER","derived":false},{"alias":"Year_2013","header":"Year_2013","type":"NUMBER","derived":false},{"alias":"Year_2014","header":"Year_2014","type":"NUMBER","derived":false},{"alias":"Year_2015","header":"Year_2015","type":"NUMBER","derived":false},{"alias":"Year_2016","header":"Year_2016","type":"NUMBER","derived":false},{"alias":"Year_2017","header":"Year_2017","type":"NUMBER","derived":false},{"alias":"Year_2018","header":"Year_2018","type":"NUMBER","derived":false}],"sortInfo":[],"numCollected":500,"taskOptions":{"0":{"layout":"Line","alignment":{"tooltip":[],"label":["STATEABBREVIATION"],"value":["Year_2010","Year_2011","Year_2012","Year_2013","Year_2014","Year_2015","Year_2016","Year_2017","Year_2018"],"facet":[]}}},"filterInfo":[],"taskId":"task1"},"operationType":["TASK_DATA"]}]}