{"insightID":"4d3127bd-2d9b-4f91-a6d6-7a5352052c48","pixelReturn":[{"pixelExpression":"Frame ( ) | Select ( STATEABBREVIATION , Average ( drugdeathrate ) , Average ( national_drugdeathrate ) ) .as ( [ STATEABBREVIATION , Averageofdrugdeathrate , Averageofnational_drugdeathrate ] ) | Group ( STATEABBREVIATION ) | Sort ( columns = [ \"Averageofdrugdeathrate\" ] , sort = [ \"desc\" ] ) | With ( Panel ( 0 ) ) | Format ( type = [ 'table' ] ) | TaskOptions ( { \"0\" : { \"layout\" : \"Line\" , \"alignment\" : { \"label\" : [ \"STATEABBREVIATION\" ] , \"value\" : [ \"Averageofdrugdeathrate\" , \"Averageofnational_drugdeathrate\" ] } } } ) | Collect ( 500 ) ;","isMeta":false,"output":{"data":{"values":[["WV",34.87142857142857,14.795714285714284],["KY",25.77142857142857,14.795714285714284],["NM",24.057142857142853,14.795714285714284],["OH",23.08571428571429,14.795714285714284],["RI",22.74285714285714,14.795714285714284],["PA",21.95714285714286,14.795714285714284],["NV",21.699999999999996,14.795714285714284],["NH",21.342857142857145,14.795714285714284],["UT",19.714285714285715,14.795714285714284],["DE",19.671428571428574,14.795714285714284],["OK",19.642857142857142,14.795714285714284],["TN",19.400000000000002,14.795714285714284],["MA",18.657142857142855,14.795714285714284],["DC",18.228571428571428,14.795714285714284],["AZ",18.0,14.795714285714284],["MD",17.97142857142857,14.795714285714284],["MO",17.557142857142857,14.795714285714284],["IN",17.228571428571428,14.795714285714284],["MI",16.914285714285715,14.795714285714284],["CT",16.642857142857146,14.795714285714284],["WY",16.557142857142857,14.795714285714284],["LA",16.04285714285714,14.795714285714284],["CO",15.84285714285714,14.795714285714284],["FL",15.671428571428573,14.795714285714284],["ME",15.599999999999998,14.795714285714284],["AK",15.571428571428571,14.795714285714284],["NJ",14.700000000000001,14.795714285714284],["SC",14.42857142857143,14.795714285714284],["WA",14.385714285714286,14.795714285714284],["NC",14.185714285714285,14.795714285714284],["WI",14.12857142857143,14.795714285714284],["VT",14.042857142857143,14.795714285714284],["AL",13.214285714285717,14.795714285714284],["IL",13.157142857142857,14.795714285714284],["OR",12.714285714285712,14.795714285714284],["ID",12.614285714285714,14.795714285714284],["MT",12.6,14.795714285714284],["AR",12.299999999999999,14.795714285714284],["NY",12.057142857142859,14.795714285714284],["HI",11.842857142857142,14.795714285714284],["GA",11.62857142857143,14.795714285714284],["CA",11.385714285714284,14.795714285714284],["MS",11.014285714285714,14.795714285714284],["VA",11.014285714285714,14.795714285714284],["KS",10.728571428571428,14.795714285714284],["MN",9.714285714285714,14.795714285714284],["TX",9.628571428571428,14.795714285714284],["IA",8.885714285714284,14.795714285714284],["NE",6.728571428571428,14.795714285714284],["SD",6.7,14.795714285714284],["ND",5.55,15.051666666666668]],"headers":["STATEABBREVIATION","Averageofdrugdeathrate","Averageofnational_drugdeathrate"],"rawHeaders":["STATEABBREVIATION","Averageofdrugdeathrate","Averageofnational_drugdeathrate"]},"format":{"type":"TABLE"},"headerInfo":[{"alias":"STATEABBREVIATION","header":"STATEABBREVIATION","type":"STRING","derived":false},{"alias":"Averageofdrugdeathrate","header":"Averageofdrugdeathrate","calculatedBy":"drugdeathrate","math":"Average","groupBy":["STATEABBREVIATION"],"type":"NUMBER","derived":true},{"alias":"Averageofnational_drugdeathrate","header":"Averageofnational_drugdeathrate","calculatedBy":"national_drugdeathrate","math":"Average","groupBy":["STATEABBREVIATION"],"type":"NUMBER","derived":true}],"sortInfo":[{"alias":"Averageofdrugdeathrate","header":"Averageofdrugdeathrate","dir":"DESC","derived":false}],"numCollected":500,"taskOptions":{"0":{"layout":"Line","alignment":{"label":["STATEABBREVIATION"],"value":["Averageofdrugdeathrate","Averageofnational_drugdeathrate"]}}},"filterInfo":[],"taskId":"task1"},"operationType":["TASK_DATA"]},{"pixelExpression":"Panel ( 0 ) | Clone ( 1 ) ;","isMeta":false,"output":{"original":{"panelId":"0","panelLabel":"State Drug Death Rate per 100K Population vs National Average","view":"visualization","viewOptions":"{\"type\":\"echarts\"}","viewOptionsMap":{"federate-view":{"app_id":"NEWSEMOSSAPP"},"visualization":{"type":"echarts"}},"ornaments":{},"events":{"onSingleClick":{"Unfilter":[{"disabledVisuals":["Grid","Sunburst"],"default":true,"query":"UnfilterFrame(<SelectedColumn>);","options":{},"refresh":false,"disabled":false,"panel":""}]},"onBrush":{"Filter":[{"default":true,"query":"if(IsEmpty(<SelectedValues>), UnfilterFrame(<SelectedColumn>), SetFrameFilter(<SelectedColumn>==<SelectedValues>));","options":{},"refresh":false,"disabled":false,"panel":""}]}},"grf":[],"orderBys":[],"comments":{},"position":{},"colorByValue":{}},"clone":{"panelId":"1","panelLabel":"State Drug Death Rate per 100K Population vs National Average Clone","view":"visualization","viewOptions":"{\"type\":\"echarts\"}","viewOptionsMap":{"federate-view":{"app_id":"NEWSEMOSSAPP"},"visualization":{"type":"echarts"}},"ornaments":{},"events":{"onSingleClick":{"Unfilter":[{"disabledVisuals":["Grid","Sunburst"],"default":true,"query":"UnfilterFrame(<SelectedColumn>);","options":{},"refresh":false,"disabled":false,"panel":""}]},"onBrush":{"Filter":[{"default":true,"query":"if(IsEmpty(<SelectedValues>), UnfilterFrame(<SelectedColumn>), SetFrameFilter(<SelectedColumn>==<SelectedValues>));","options":{},"refresh":false,"disabled":false,"panel":""}]}},"grf":[],"orderBys":[],"comments":{},"position":{},"colorByValue":{}}},"operationType":["PANEL_CLONE"]},{"pixelExpression":"ifError ( ( Frame ( ) | Select ( STATEABBREVIATION , Average ( drugdeathrate ) , Average ( national_drugdeathrate ) ) .as ( [ STATEABBREVIATION , Averageofdrugdeathrate , Averageofnational_drugdeathrate ] ) | Sort ( columns = [ \"Averageofdrugdeathrate\" ] , sort = [ \"DESC\" ] ) | Group ( STATEABBREVIATION ) | With ( Panel ( 0 ) ) | Format ( type = [ 'table' ] ) | TaskOptions ( { \"0\" : { \"layout\" : \"Line\" , \"alignment\" : { \"label\" : [ \"STATEABBREVIATION\" ] , \"value\" : [ \"Averageofdrugdeathrate\" , \"Averageofnational_drugdeathrate\" ] } } } ) | Collect ( 500 ) ) , ( true ) ) ;","isMeta":false,"output":{"data":{"values":[["WV",34.87142857142857,14.795714285714284],["KY",25.77142857142857,14.795714285714284],["NM",24.057142857142853,14.795714285714284],["OH",23.08571428571429,14.795714285714284],["RI",22.74285714285714,14.795714285714284],["PA",21.95714285714286,14.795714285714284],["NV",21.699999999999996,14.795714285714284],["NH",21.342857142857145,14.795714285714284],["UT",19.714285714285715,14.795714285714284],["DE",19.671428571428574,14.795714285714284],["OK",19.642857142857142,14.795714285714284],["TN",19.400000000000002,14.795714285714284],["MA",18.657142857142855,14.795714285714284],["DC",18.228571428571428,14.795714285714284],["AZ",18.0,14.795714285714284],["MD",17.97142857142857,14.795714285714284],["MO",17.557142857142857,14.795714285714284],["IN",17.228571428571428,14.795714285714284],["MI",16.914285714285715,14.795714285714284],["CT",16.642857142857146,14.795714285714284],["WY",16.557142857142857,14.795714285714284],["LA",16.04285714285714,14.795714285714284],["CO",15.84285714285714,14.795714285714284],["FL",15.671428571428573,14.795714285714284],["ME",15.599999999999998,14.795714285714284],["AK",15.571428571428571,14.795714285714284],["NJ",14.700000000000001,14.795714285714284],["SC",14.42857142857143,14.795714285714284],["WA",14.385714285714286,14.795714285714284],["NC",14.185714285714285,14.795714285714284],["WI",14.12857142857143,14.795714285714284],["VT",14.042857142857143,14.795714285714284],["AL",13.214285714285717,14.795714285714284],["IL",13.157142857142857,14.795714285714284],["OR",12.714285714285712,14.795714285714284],["ID",12.614285714285714,14.795714285714284],["MT",12.6,14.795714285714284],["AR",12.299999999999999,14.795714285714284],["NY",12.057142857142859,14.795714285714284],["HI",11.842857142857142,14.795714285714284],["GA",11.62857142857143,14.795714285714284],["CA",11.385714285714284,14.795714285714284],["MS",11.014285714285714,14.795714285714284],["VA",11.014285714285714,14.795714285714284],["KS",10.728571428571428,14.795714285714284],["MN",9.714285714285714,14.795714285714284],["TX",9.628571428571428,14.795714285714284],["IA",8.885714285714284,14.795714285714284],["NE",6.728571428571428,14.795714285714284],["SD",6.7,14.795714285714284],["ND",5.55,15.051666666666668]],"headers":["STATEABBREVIATION","Averageofdrugdeathrate","Averageofnational_drugdeathrate"],"rawHeaders":["STATEABBREVIATION","Averageofdrugdeathrate","Averageofnational_drugdeathrate"]},"format":{"type":"TABLE"},"headerInfo":[{"alias":"STATEABBREVIATION","header":"STATEABBREVIATION","type":"STRING","derived":false},{"alias":"Averageofdrugdeathrate","header":"Averageofdrugdeathrate","calculatedBy":"drugdeathrate","math":"Average","groupBy":["STATEABBREVIATION"],"type":"NUMBER","derived":true},{"alias":"Averageofnational_drugdeathrate","header":"Averageofnational_drugdeathrate","calculatedBy":"national_drugdeathrate","math":"Average","groupBy":["STATEABBREVIATION"],"type":"NUMBER","derived":true}],"sortInfo":[{"alias":"Averageofdrugdeathrate","header":"Averageofdrugdeathrate","dir":"DESC","derived":false}],"numCollected":500,"taskOptions":{"0":{"layout":"Line","alignment":{"label":["STATEABBREVIATION"],"value":["Averageofdrugdeathrate","Averageofnational_drugdeathrate"]}}},"filterInfo":[],"taskId":"task3"},"operationType":["TASK_DATA"]}]}